[2025-03-15 10:54:09] Starting training with hyperparameters: {'d_state': 28, 'd_conv': 5, 'expand': 2, 'batch_size': 16, 'dropout_rate': 0.43574864528942325, 'num_mamba_layers': 3, 'n_mfcc': 10, 'n_fft': 212, 'hop_length': 237, 'n_mels': 27, 'noise_level': 0.0529231082679712, 'shift': 70, 'lr': 0.00023488560698088097, 'weight_decay': 1.286489092106139e-06}
[2025-03-15 10:54:13] Starting training with hyperparameters: {'d_state': 13, 'd_conv': 5, 'expand': 3, 'batch_size': 15, 'dropout_rate': 0.45696040054314613, 'num_mamba_layers': 2, 'n_mfcc': 22, 'n_fft': 324, 'hop_length': 226, 'n_mels': 65, 'noise_level': 0.12409631891868034, 'shift': 87, 'lr': 0.0016403665193829692, 'weight_decay': 3.479424879139181e-06}
[2025-03-15 10:54:17] Starting training with hyperparameters: {'d_state': 20, 'd_conv': 2, 'expand': 2, 'batch_size': 32, 'dropout_rate': 0.31026218636475206, 'num_mamba_layers': 2, 'n_mfcc': 9, 'n_fft': 521, 'hop_length': 500, 'n_mels': 65, 'noise_level': 0.07432575557349275, 'shift': 53, 'lr': 0.00011964028005086395, 'weight_decay': 3.411278809374865e-05}
[2025-03-15 10:54:21] Starting training with hyperparameters: {'d_state': 9, 'd_conv': 6, 'expand': 2, 'batch_size': 16, 'dropout_rate': 0.2951565630524813, 'num_mamba_layers': 3, 'n_mfcc': 26, 'n_fft': 440, 'hop_length': 432, 'n_mels': 54, 'noise_level': 0.11048026896747538, 'shift': 41, 'lr': 0.00379157038991709, 'weight_decay': 1.10561099474074e-05}
[2025-03-15 10:54:26] Starting training with hyperparameters: {'d_state': 13, 'd_conv': 7, 'expand': 3, 'batch_size': 20, 'dropout_rate': 0.23079301087087678, 'num_mamba_layers': 2, 'n_mfcc': 28, 'n_fft': 578, 'hop_length': 444, 'n_mels': 47, 'noise_level': 0.17522524656406416, 'shift': 55, 'lr': 0.0002644149205693518, 'weight_decay': 5.4843041780971745e-05}
[2025-03-15 10:54:31] Starting training with hyperparameters: {'d_state': 28, 'd_conv': 7, 'expand': 2, 'batch_size': 31, 'dropout_rate': 0.3235025767623647, 'num_mamba_layers': 3, 'n_mfcc': 21, 'n_fft': 596, 'hop_length': 540, 'n_mels': 32, 'noise_level': 0.14299158076520507, 'shift': 46, 'lr': 0.0005092132517320984, 'weight_decay': 5.575097985577682e-05}
[2025-03-15 10:54:31] Starting training with hyperparameters: {'d_state': 15, 'd_conv': 6, 'expand': 4, 'batch_size': 24, 'dropout_rate': 0.31747531214575647, 'num_mamba_layers': 4, 'n_mfcc': 28, 'n_fft': 358, 'hop_length': 133, 'n_mels': 60, 'noise_level': 0.05765429929504924, 'shift': 7, 'lr': 0.0008982450378545384, 'weight_decay': 5.789259162062728e-05}
[2025-03-15 10:54:33] Starting training with hyperparameters: {'d_state': 11, 'd_conv': 4, 'expand': 3, 'batch_size': 17, 'dropout_rate': 0.269915176932174, 'num_mamba_layers': 4, 'n_mfcc': 14, 'n_fft': 383, 'hop_length': 68, 'n_mels': 54, 'noise_level': 0.1936615153154281, 'shift': 30, 'lr': 0.00113464040372308, 'weight_decay': 9.61635222681075e-06}
[2025-03-15 10:54:35] Starting training with hyperparameters: {'d_state': 16, 'd_conv': 8, 'expand': 2, 'batch_size': 31, 'dropout_rate': 0.27570629269183977, 'num_mamba_layers': 2, 'n_mfcc': 23, 'n_fft': 256, 'hop_length': 624, 'n_mels': 71, 'noise_level': 0.05481922813810705, 'shift': 70, 'lr': 0.00041810431748955606, 'weight_decay': 6.278079367471511e-05}
[2025-03-15 10:54:36] Starting training with hyperparameters: {'d_state': 18, 'd_conv': 8, 'expand': 4, 'batch_size': 26, 'dropout_rate': 0.13896263552301108, 'num_mamba_layers': 3, 'n_mfcc': 11, 'n_fft': 504, 'hop_length': 204, 'n_mels': 36, 'noise_level': 0.13508945267419561, 'shift': 56, 'lr': 0.0035063674373447223, 'weight_decay': 3.221578649517575e-05}
[2025-03-15 10:54:47] Starting training with hyperparameters: {'d_state': 15, 'd_conv': 2, 'expand': 4, 'batch_size': 14, 'dropout_rate': 0.42015698893441006, 'num_mamba_layers': 2, 'n_mfcc': 24, 'n_fft': 476, 'hop_length': 392, 'n_mels': 70, 'noise_level': 0.12738953945102668, 'shift': 50, 'lr': 0.001240362533558791, 'weight_decay': 1.5230900369994928e-05}
[2025-03-15 10:54:51] Starting training with hyperparameters: {'d_state': 25, 'd_conv': 7, 'expand': 4, 'batch_size': 18, 'dropout_rate': 0.2082694624344512, 'num_mamba_layers': 4, 'n_mfcc': 25, 'n_fft': 315, 'hop_length': 532, 'n_mels': 52, 'noise_level': 0.10848667395690857, 'shift': 33, 'lr': 0.0056364287054909605, 'weight_decay': 2.8527877103837022e-05}
[2025-03-15 10:54:51] Starting training with hyperparameters: {'d_state': 12, 'd_conv': 7, 'expand': 3, 'batch_size': 11, 'dropout_rate': 0.41419212689673596, 'num_mamba_layers': 4, 'n_mfcc': 14, 'n_fft': 247, 'hop_length': 30, 'n_mels': 25, 'noise_level': 0.043926800969964264, 'shift': 68, 'lr': 0.00011413907709131327, 'weight_decay': 6.1865303623537275e-06}
[2025-03-15 10:54:54] Starting training with hyperparameters: {'d_state': 31, 'd_conv': 4, 'expand': 3, 'batch_size': 31, 'dropout_rate': 0.14484432948428283, 'num_mamba_layers': 4, 'n_mfcc': 22, 'n_fft': 218, 'hop_length': 57, 'n_mels': 75, 'noise_level': 0.08099179262686554, 'shift': 96, 'lr': 0.00017435937538577248, 'weight_decay': 6.217435108063388e-05}
[2025-03-15 10:55:01] Starting training with hyperparameters: {'d_state': 12, 'd_conv': 8, 'expand': 2, 'batch_size': 30, 'dropout_rate': 0.18882824215892302, 'num_mamba_layers': 2, 'n_mfcc': 22, 'n_fft': 424, 'hop_length': 504, 'n_mels': 33, 'noise_level': 0.12448356198006766, 'shift': 45, 'lr': 0.005868321108018236, 'weight_decay': 3.792681468527237e-05}
[2025-03-15 10:55:05] Starting training with hyperparameters: {'d_state': 26, 'd_conv': 6, 'expand': 3, 'batch_size': 19, 'dropout_rate': 0.13409878827910687, 'num_mamba_layers': 1, 'n_mfcc': 8, 'n_fft': 369, 'hop_length': 483, 'n_mels': 20, 'noise_level': 0.10311385391188906, 'shift': 28, 'lr': 0.0006853010126848048, 'weight_decay': 2.935231205057069e-06}
[2025-03-15 10:55:55] Epoch 0 - Training Loss: 1.4033, Training Accuracy: 49.95%
[2025-03-15 10:55:56] Epoch 0 - Training Loss: 1.8886, Training Accuracy: 32.07%
[2025-03-15 10:56:04] Epoch 0 - Validation Loss: 0.8003, Validation Accuracy: 73.45%
[2025-03-15 10:56:05] Epoch 0 - Validation Loss: 1.3134, Validation Accuracy: 54.20%
[2025-03-15 10:56:21] Epoch 0 - Training Loss: 1.5640, Training Accuracy: 43.79%
[2025-03-15 10:56:21] Epoch 0 - Test Accuracy: 69.51%
[2025-03-15 10:56:28] Epoch 0 - Test Accuracy: 52.77%
[2025-03-15 10:56:33] Epoch 0 - Validation Loss: 0.9641, Validation Accuracy: 66.76%
[2025-03-15 10:56:44] Epoch 0 - Test Accuracy: 63.08%
[2025-03-15 10:57:06] Epoch 1 - Training Loss: 0.8428, Training Accuracy: 71.46%
[2025-03-15 10:57:11] Epoch 1 - Training Loss: 1.2288, Training Accuracy: 55.61%
[2025-03-15 10:57:12] Epoch 1 - Validation Loss: 0.6544, Validation Accuracy: 78.75%
[2025-03-15 10:57:20] Epoch 1 - Validation Loss: 0.9001, Validation Accuracy: 69.19%
[2025-03-15 10:57:25] Epoch 1 - Test Accuracy: 74.15%
[2025-03-15 10:57:38] Epoch 1 - Test Accuracy: 67.94%
[2025-03-15 10:57:55] Epoch 1 - Training Loss: 0.9574, Training Accuracy: 66.82%
[2025-03-15 10:58:02] Epoch 1 - Validation Loss: 0.7711, Validation Accuracy: 73.08%
[2025-03-15 10:58:11] Epoch 2 - Training Loss: 0.7337, Training Accuracy: 75.49%
[2025-03-15 10:58:13] Epoch 1 - Test Accuracy: 69.42%
[2025-03-15 10:58:22] Epoch 2 - Validation Loss: 0.5667, Validation Accuracy: 81.58%
[2025-03-15 10:58:27] Epoch 2 - Training Loss: 0.9957, Training Accuracy: 64.48%
[2025-03-15 10:58:34] Epoch 2 - Test Accuracy: 77.54%
[2025-03-15 10:58:35] Epoch 2 - Validation Loss: 0.7724, Validation Accuracy: 74.37%
[2025-03-15 10:58:52] Epoch 2 - Test Accuracy: 72.61%
[2025-03-15 10:59:18] Epoch 2 - Training Loss: 0.8161, Training Accuracy: 71.65%
[2025-03-15 10:59:20] Epoch 3 - Training Loss: 0.6679, Training Accuracy: 77.48%
[2025-03-15 10:59:28] Epoch 2 - Validation Loss: 0.6863, Validation Accuracy: 76.51%
[2025-03-15 10:59:28] Epoch 3 - Validation Loss: 0.5381, Validation Accuracy: 82.61%
[2025-03-15 10:59:36] Epoch 3 - Training Loss: 0.8858, Training Accuracy: 68.91%
[2025-03-15 10:59:42] Epoch 2 - Test Accuracy: 73.27%
[2025-03-15 10:59:46] Epoch 3 - Test Accuracy: 79.26%
[2025-03-15 10:59:47] Epoch 3 - Validation Loss: 0.6775, Validation Accuracy: 77.40%
[2025-03-15 11:00:05] Epoch 3 - Test Accuracy: 75.55%
[2025-03-15 11:00:31] Epoch 4 - Training Loss: 0.6391, Training Accuracy: 78.35%
[2025-03-15 11:00:39] Epoch 4 - Validation Loss: 0.4882, Validation Accuracy: 83.50%
[2025-03-15 11:00:46] Epoch 3 - Training Loss: 0.7422, Training Accuracy: 74.25%
[2025-03-15 11:00:48] Epoch 4 - Training Loss: 0.8277, Training Accuracy: 71.18%
[2025-03-15 11:00:54] Epoch 4 - Test Accuracy: 80.88%
[2025-03-15 11:00:59] Epoch 3 - Validation Loss: 0.6113, Validation Accuracy: 79.56%
[2025-03-15 11:00:59] Epoch 4 - Validation Loss: 0.6584, Validation Accuracy: 78.31%
[2025-03-15 11:01:17] Epoch 3 - Test Accuracy: 76.78%
[2025-03-15 11:01:18] Epoch 4 - Test Accuracy: 75.28%
[2025-03-15 11:01:41] Epoch 5 - Training Loss: 0.6025, Training Accuracy: 79.73%
[2025-03-15 11:01:49] Epoch 5 - Validation Loss: 0.4904, Validation Accuracy: 83.47%
[2025-03-15 11:01:58] Epoch 5 - Test Accuracy: 80.63%
[2025-03-15 11:02:06] Epoch 5 - Training Loss: 0.7772, Training Accuracy: 73.28%
[2025-03-15 11:02:14] Epoch 5 - Validation Loss: 0.6023, Validation Accuracy: 80.10%
[2025-03-15 11:02:28] Epoch 4 - Training Loss: 0.6873, Training Accuracy: 76.33%
[2025-03-15 11:02:31] Epoch 5 - Test Accuracy: 77.84%
[2025-03-15 11:02:38] Epoch 4 - Validation Loss: 0.6056, Validation Accuracy: 79.48%
[2025-03-15 11:02:49] Epoch 4 - Test Accuracy: 76.88%
[2025-03-15 11:02:49] Epoch 6 - Training Loss: 0.5709, Training Accuracy: 80.63%
[2025-03-15 11:02:59] Epoch 6 - Validation Loss: 0.4477, Validation Accuracy: 84.77%
[2025-03-15 11:03:11] Epoch 6 - Test Accuracy: 82.40%
[2025-03-15 11:03:23] Epoch 6 - Training Loss: 0.7363, Training Accuracy: 74.51%
[2025-03-15 11:03:31] Epoch 6 - Validation Loss: 0.5790, Validation Accuracy: 80.80%
[2025-03-15 11:03:47] Epoch 6 - Test Accuracy: 78.55%
[2025-03-15 11:04:00] Epoch 5 - Training Loss: 0.6457, Training Accuracy: 77.64%
[2025-03-15 11:04:02] Epoch 7 - Training Loss: 0.5518, Training Accuracy: 81.25%
[2025-03-15 11:04:10] Epoch 7 - Validation Loss: 0.4558, Validation Accuracy: 84.74%
[2025-03-15 11:04:10] Epoch 5 - Validation Loss: 0.5497, Validation Accuracy: 81.47%
[2025-03-15 11:04:23] Epoch 5 - Test Accuracy: 79.53%
[2025-03-15 11:04:24] Epoch 7 - Test Accuracy: 82.60%
[2025-03-15 11:04:38] Epoch 7 - Training Loss: 0.7087, Training Accuracy: 75.60%
[2025-03-15 11:04:46] Epoch 7 - Validation Loss: 0.5434, Validation Accuracy: 82.37%
[2025-03-15 11:05:02] Epoch 7 - Test Accuracy: 79.75%
[2025-03-15 11:05:16] Epoch 8 - Training Loss: 0.5460, Training Accuracy: 81.14%
[2025-03-15 11:05:23] Epoch 8 - Validation Loss: 0.4485, Validation Accuracy: 85.04%
[2025-03-15 11:05:34] Epoch 6 - Training Loss: 0.6219, Training Accuracy: 78.37%
[2025-03-15 11:05:35] Epoch 8 - Test Accuracy: 82.33%
[2025-03-15 11:05:50] Epoch 6 - Validation Loss: 0.5240, Validation Accuracy: 82.23%
[2025-03-15 11:05:50] Epoch 8 - Training Loss: 0.6804, Training Accuracy: 76.71%
[2025-03-15 11:05:59] Epoch 8 - Validation Loss: 0.5369, Validation Accuracy: 82.58%
[2025-03-15 11:06:05] Epoch 6 - Test Accuracy: 80.95%
[2025-03-15 11:06:17] Epoch 8 - Test Accuracy: 80.85%
[2025-03-15 11:06:26] Epoch 9 - Training Loss: 0.5402, Training Accuracy: 81.89%
[2025-03-15 11:06:34] Epoch 9 - Validation Loss: 0.4339, Validation Accuracy: 85.90%
[2025-03-15 11:06:45] Epoch 9 - Test Accuracy: 83.26%
[2025-03-15 11:07:02] Epoch 9 - Training Loss: 0.6622, Training Accuracy: 77.30%
[2025-03-15 11:07:11] Epoch 9 - Validation Loss: 0.5121, Validation Accuracy: 83.58%
[2025-03-15 11:07:14] Epoch 7 - Training Loss: 0.5968, Training Accuracy: 79.18%
[2025-03-15 11:07:24] Epoch 7 - Validation Loss: 0.5114, Validation Accuracy: 83.26%
[2025-03-15 11:07:29] Epoch 9 - Test Accuracy: 81.54%
[2025-03-15 11:07:37] Epoch 10 - Training Loss: 0.4964, Training Accuracy: 83.24%
[2025-03-15 11:07:44] Epoch 7 - Test Accuracy: 80.22%
[2025-03-15 11:07:45] Epoch 10 - Validation Loss: 0.4087, Validation Accuracy: 85.36%
[2025-03-15 11:08:01] Epoch 10 - Test Accuracy: 83.87%
[2025-03-15 11:08:19] Epoch 10 - Training Loss: 0.6325, Training Accuracy: 78.32%
[2025-03-15 11:08:27] Epoch 10 - Validation Loss: 0.5016, Validation Accuracy: 83.36%
[2025-03-15 11:08:42] Epoch 10 - Test Accuracy: 81.35%
[2025-03-15 11:08:52] Epoch 11 - Training Loss: 0.4859, Training Accuracy: 83.67%
[2025-03-15 11:08:57] Epoch 8 - Training Loss: 0.5733, Training Accuracy: 79.95%
[2025-03-15 11:09:03] Epoch 11 - Validation Loss: 0.4113, Validation Accuracy: 86.55%
[2025-03-15 11:09:06] Epoch 8 - Validation Loss: 0.5093, Validation Accuracy: 82.80%
[2025-03-15 11:09:16] Epoch 11 - Test Accuracy: 84.49%
[2025-03-15 11:09:22] Epoch 8 - Test Accuracy: 80.66%
[2025-03-15 11:09:36] Epoch 11 - Training Loss: 0.6233, Training Accuracy: 78.92%
[2025-03-15 11:09:44] Epoch 11 - Validation Loss: 0.4791, Validation Accuracy: 84.36%
[2025-03-15 11:09:59] Epoch 11 - Test Accuracy: 82.28%
[2025-03-15 11:10:08] Epoch 12 - Training Loss: 0.4863, Training Accuracy: 83.48%
[2025-03-15 11:10:15] Epoch 12 - Validation Loss: 0.3766, Validation Accuracy: 87.66%
[2025-03-15 11:10:27] Epoch 12 - Test Accuracy: 85.59%
[2025-03-15 11:10:34] Epoch 9 - Training Loss: 0.5661, Training Accuracy: 80.30%
[2025-03-15 11:10:41] Epoch 9 - Validation Loss: 0.4830, Validation Accuracy: 83.69%
[2025-03-15 11:10:49] Epoch 12 - Training Loss: 0.6074, Training Accuracy: 79.19%
[2025-03-15 11:10:55] Epoch 9 - Test Accuracy: 81.10%
[2025-03-15 11:11:01] Epoch 12 - Validation Loss: 0.4620, Validation Accuracy: 84.90%
[2025-03-15 11:11:16] Epoch 12 - Test Accuracy: 82.94%
[2025-03-15 11:11:24] Epoch 13 - Training Loss: 0.4616, Training Accuracy: 84.31%
[2025-03-15 11:11:35] Epoch 13 - Validation Loss: 0.3817, Validation Accuracy: 87.47%
[2025-03-15 11:11:46] Epoch 13 - Test Accuracy: 85.54%
[2025-03-15 11:12:07] Epoch 10 - Training Loss: 0.5451, Training Accuracy: 81.13%
[2025-03-15 11:12:09] Epoch 13 - Training Loss: 0.5988, Training Accuracy: 79.66%
[2025-03-15 11:12:17] Epoch 10 - Validation Loss: 0.4787, Validation Accuracy: 83.88%
[2025-03-15 11:12:18] Epoch 13 - Validation Loss: 0.4599, Validation Accuracy: 84.74%
[2025-03-15 11:12:35] Epoch 14 - Training Loss: 0.4572, Training Accuracy: 84.40%
[2025-03-15 11:12:36] Epoch 10 - Test Accuracy: 81.44%
[2025-03-15 11:12:44] Epoch 13 - Test Accuracy: 82.47%
[2025-03-15 11:12:45] Epoch 14 - Validation Loss: 0.3886, Validation Accuracy: 87.09%
[2025-03-15 11:12:59] Epoch 14 - Test Accuracy: 84.88%
[2025-03-15 11:13:27] Epoch 14 - Training Loss: 0.5830, Training Accuracy: 80.10%
[2025-03-15 11:13:33] Epoch 14 - Validation Loss: 0.4638, Validation Accuracy: 84.90%
[2025-03-15 11:13:39] Epoch 11 - Training Loss: 0.5343, Training Accuracy: 81.45%
[2025-03-15 11:13:44] Epoch 15 - Training Loss: 0.4408, Training Accuracy: 84.99%
[2025-03-15 11:13:50] Epoch 15 - Validation Loss: 0.3568, Validation Accuracy: 88.01%
[2025-03-15 11:13:51] Epoch 11 - Validation Loss: 0.4731, Validation Accuracy: 84.45%
[2025-03-15 11:13:54] Epoch 14 - Test Accuracy: 83.04%
[2025-03-15 11:14:10] Epoch 15 - Test Accuracy: 85.94%
[2025-03-15 11:14:11] Epoch 11 - Test Accuracy: 81.47%
[2025-03-15 11:14:42] Epoch 15 - Training Loss: 0.5726, Training Accuracy: 80.64%
[2025-03-15 11:14:50] Epoch 15 - Validation Loss: 0.4571, Validation Accuracy: 84.42%
[2025-03-15 11:15:01] Epoch 16 - Training Loss: 0.4395, Training Accuracy: 85.10%
[2025-03-15 11:15:08] Epoch 15 - Test Accuracy: 83.09%
[2025-03-15 11:15:09] Epoch 16 - Validation Loss: 0.3538, Validation Accuracy: 88.47%
[2025-03-15 11:15:22] Epoch 16 - Test Accuracy: 86.23%
[2025-03-15 11:15:28] Epoch 12 - Training Loss: 0.5210, Training Accuracy: 81.91%
[2025-03-15 11:15:35] Epoch 12 - Validation Loss: 0.4557, Validation Accuracy: 84.88%
[2025-03-15 11:15:46] Epoch 12 - Test Accuracy: 81.64%
[2025-03-15 11:15:59] Epoch 16 - Training Loss: 0.5691, Training Accuracy: 80.54%
[2025-03-15 11:16:07] Epoch 16 - Validation Loss: 0.4294, Validation Accuracy: 86.01%
[2025-03-15 11:16:13] Epoch 17 - Training Loss: 0.4615, Training Accuracy: 84.19%
[2025-03-15 11:16:22] Epoch 17 - Validation Loss: 0.3880, Validation Accuracy: 86.77%
[2025-03-15 11:16:25] Epoch 16 - Test Accuracy: 83.09%
[2025-03-15 11:16:39] Epoch 17 - Test Accuracy: 84.61%
[2025-03-15 11:16:58] Epoch 13 - Training Loss: 0.5144, Training Accuracy: 82.08%
[2025-03-15 11:17:06] Epoch 13 - Validation Loss: 0.4485, Validation Accuracy: 85.36%
[2025-03-15 11:17:12] Epoch 17 - Training Loss: 0.5540, Training Accuracy: 80.94%
[2025-03-15 11:17:19] Epoch 13 - Test Accuracy: 82.43%
[2025-03-15 11:17:21] Epoch 17 - Validation Loss: 0.4267, Validation Accuracy: 86.28%
[2025-03-15 11:17:28] Epoch 18 - Training Loss: 0.4589, Training Accuracy: 84.52%
[2025-03-15 11:17:37] Epoch 18 - Validation Loss: 0.3385, Validation Accuracy: 88.90%
[2025-03-15 11:17:41] Epoch 17 - Test Accuracy: 83.36%
[2025-03-15 11:17:55] Epoch 18 - Test Accuracy: 87.16%
[2025-03-15 11:18:22] Epoch 18 - Training Loss: 0.5506, Training Accuracy: 81.42%
[2025-03-15 11:18:24] Epoch 14 - Training Loss: 0.5025, Training Accuracy: 82.51%
[2025-03-15 11:18:32] Epoch 18 - Validation Loss: 0.4317, Validation Accuracy: 85.69%
[2025-03-15 11:18:33] Epoch 14 - Validation Loss: 0.4311, Validation Accuracy: 85.26%
[2025-03-15 11:18:37] Epoch 19 - Training Loss: 0.4393, Training Accuracy: 85.01%
[2025-03-15 11:18:45] Epoch 19 - Validation Loss: 0.3776, Validation Accuracy: 87.36%
[2025-03-15 11:18:55] Epoch 14 - Test Accuracy: 82.92%
[2025-03-15 11:18:56] Epoch 18 - Test Accuracy: 83.28%
[2025-03-15 11:19:07] Epoch 19 - Test Accuracy: 85.71%
[2025-03-15 11:19:39] Epoch 19 - Training Loss: 0.5457, Training Accuracy: 81.34%
[2025-03-15 11:19:46] Epoch 19 - Validation Loss: 0.4347, Validation Accuracy: 85.71%
[2025-03-15 11:19:49] Epoch 20 - Training Loss: 0.4394, Training Accuracy: 85.07%
[2025-03-15 11:19:58] Epoch 20 - Validation Loss: 0.3337, Validation Accuracy: 89.14%
[2025-03-15 11:20:01] Epoch 15 - Training Loss: 0.4921, Training Accuracy: 82.95%
[2025-03-15 11:20:08] Epoch 19 - Test Accuracy: 83.53%
[2025-03-15 11:20:14] Epoch 15 - Validation Loss: 0.4419, Validation Accuracy: 85.15%
[2025-03-15 11:20:20] Epoch 20 - Test Accuracy: 86.38%
[2025-03-15 11:20:29] Epoch 15 - Test Accuracy: 82.72%
[2025-03-15 11:20:52] Epoch 20 - Training Loss: 0.5306, Training Accuracy: 82.06%
[2025-03-15 11:20:59] Epoch 20 - Validation Loss: 0.4359, Validation Accuracy: 85.12%
[2025-03-15 11:21:02] Epoch 21 - Training Loss: 0.4254, Training Accuracy: 85.72%
[2025-03-15 11:21:09] Epoch 21 - Validation Loss: 0.3308, Validation Accuracy: 89.41%
[2025-03-15 11:21:19] Epoch 20 - Test Accuracy: 83.51%
[2025-03-15 11:21:28] Epoch 21 - Test Accuracy: 86.77%
[2025-03-15 11:21:41] Epoch 16 - Training Loss: 0.4897, Training Accuracy: 83.13%
[2025-03-15 11:21:49] Epoch 16 - Validation Loss: 0.4333, Validation Accuracy: 85.77%
[2025-03-15 11:22:00] Epoch 16 - Test Accuracy: 82.50%
[2025-03-15 11:22:07] Epoch 21 - Training Loss: 0.5316, Training Accuracy: 81.90%
[2025-03-15 11:22:15] Epoch 21 - Validation Loss: 0.4394, Validation Accuracy: 85.42%
[2025-03-15 11:22:15] Epoch 22 - Training Loss: 0.4287, Training Accuracy: 85.50%
[2025-03-15 11:22:23] Epoch 22 - Validation Loss: 0.3355, Validation Accuracy: 88.50%
[2025-03-15 11:22:35] Epoch 21 - Test Accuracy: 84.00%
[2025-03-15 11:22:41] Epoch 22 - Test Accuracy: 86.72%
[2025-03-15 11:23:13] Epoch 17 - Training Loss: 0.4825, Training Accuracy: 83.16%
[2025-03-15 11:23:19] Epoch 22 - Training Loss: 0.4917, Training Accuracy: 83.31%
[2025-03-15 11:23:20] Epoch 17 - Validation Loss: 0.4255, Validation Accuracy: 85.44%
[2025-03-15 11:23:26] Epoch 23 - Training Loss: 0.4123, Training Accuracy: 85.86%
[2025-03-15 11:23:30] Epoch 22 - Validation Loss: 0.3977, Validation Accuracy: 86.96%
[2025-03-15 11:23:32] Epoch 23 - Validation Loss: 0.3179, Validation Accuracy: 89.71%
[2025-03-15 11:23:35] Epoch 17 - Test Accuracy: 83.11%
[2025-03-15 11:23:53] Epoch 22 - Test Accuracy: 84.76%
[2025-03-15 11:23:54] Epoch 23 - Test Accuracy: 87.04%
[2025-03-15 11:24:34] Epoch 24 - Training Loss: 0.4078, Training Accuracy: 86.16%
[2025-03-15 11:24:36] Epoch 23 - Training Loss: 0.4790, Training Accuracy: 83.70%
[2025-03-15 11:24:44] Epoch 24 - Validation Loss: 0.3422, Validation Accuracy: 88.77%
[2025-03-15 11:24:44] Epoch 18 - Training Loss: 0.4739, Training Accuracy: 83.34%
[2025-03-15 11:24:45] Epoch 23 - Validation Loss: 0.3926, Validation Accuracy: 87.06%
[2025-03-15 11:24:52] Epoch 18 - Validation Loss: 0.4301, Validation Accuracy: 85.82%
[2025-03-15 11:25:07] Epoch 24 - Test Accuracy: 87.09%
[2025-03-15 11:25:08] Epoch 23 - Test Accuracy: 85.08%
[2025-03-15 11:25:16] Epoch 18 - Test Accuracy: 83.73%
[2025-03-15 11:25:47] Epoch 25 - Training Loss: 0.4052, Training Accuracy: 86.02%
[2025-03-15 11:25:53] Epoch 24 - Training Loss: 0.4719, Training Accuracy: 83.82%
[2025-03-15 11:25:54] Epoch 25 - Validation Loss: 0.3139, Validation Accuracy: 89.55%
[2025-03-15 11:26:02] Epoch 24 - Validation Loss: 0.3893, Validation Accuracy: 87.04%
[2025-03-15 11:26:06] Epoch 25 - Test Accuracy: 88.61%
[2025-03-15 11:26:20] Epoch 24 - Test Accuracy: 85.17%
[2025-03-15 11:26:25] Epoch 19 - Training Loss: 0.4613, Training Accuracy: 83.88%
[2025-03-15 11:26:32] Epoch 19 - Validation Loss: 0.4062, Validation Accuracy: 86.28%
[2025-03-15 11:26:43] Epoch 19 - Test Accuracy: 83.75%
[2025-03-15 11:26:56] Epoch 26 - Training Loss: 0.3906, Training Accuracy: 86.73%
[2025-03-15 11:27:04] Epoch 26 - Validation Loss: 0.3123, Validation Accuracy: 89.77%
[2025-03-15 11:27:13] Epoch 25 - Training Loss: 0.4674, Training Accuracy: 84.02%
[2025-03-15 11:27:18] Epoch 26 - Test Accuracy: 88.02%
[2025-03-15 11:27:23] Epoch 25 - Validation Loss: 0.3876, Validation Accuracy: 87.17%
[2025-03-15 11:27:38] Epoch 25 - Test Accuracy: 85.10%
[2025-03-15 11:27:56] Epoch 20 - Training Loss: 0.4503, Training Accuracy: 84.08%
[2025-03-15 11:28:04] Epoch 20 - Validation Loss: 0.4024, Validation Accuracy: 86.23%
[2025-03-15 11:28:07] Epoch 27 - Training Loss: 0.4243, Training Accuracy: 85.42%
[2025-03-15 11:28:16] Epoch 27 - Validation Loss: 0.3179, Validation Accuracy: 89.28%
[2025-03-15 11:28:18] Epoch 20 - Test Accuracy: 84.51%
[2025-03-15 11:28:27] Epoch 26 - Training Loss: 0.4711, Training Accuracy: 83.87%
[2025-03-15 11:28:31] Epoch 27 - Test Accuracy: 87.29%
[2025-03-15 11:28:38] Epoch 26 - Validation Loss: 0.3894, Validation Accuracy: 87.17%
[2025-03-15 11:28:53] Epoch 26 - Test Accuracy: 85.35%
[2025-03-15 11:29:19] Epoch 28 - Training Loss: 0.4078, Training Accuracy: 86.11%
[2025-03-15 11:29:25] Epoch 28 - Validation Loss: 0.3144, Validation Accuracy: 89.71%
[2025-03-15 11:29:27] Epoch 21 - Training Loss: 0.4526, Training Accuracy: 83.99%
[2025-03-15 11:29:35] Epoch 21 - Validation Loss: 0.3908, Validation Accuracy: 86.71%
[2025-03-15 11:29:40] Epoch 28 - Test Accuracy: 87.78%
[2025-03-15 11:29:45] Epoch 27 - Training Loss: 0.4674, Training Accuracy: 84.27%
[2025-03-15 11:29:52] Epoch 21 - Test Accuracy: 84.36%
[2025-03-15 11:29:54] Epoch 27 - Validation Loss: 0.3834, Validation Accuracy: 87.25%
[2025-03-15 11:30:11] Epoch 27 - Test Accuracy: 85.17%
[2025-03-15 11:30:33] Epoch 29 - Training Loss: 0.3781, Training Accuracy: 87.11%
[2025-03-15 11:30:40] Epoch 29 - Validation Loss: 0.3082, Validation Accuracy: 90.04%
[2025-03-15 11:30:51] Epoch 29 - Test Accuracy: 88.46%
[2025-03-15 11:30:57] Epoch 28 - Training Loss: 0.4706, Training Accuracy: 83.75%
[2025-03-15 11:31:05] Epoch 28 - Validation Loss: 0.3841, Validation Accuracy: 87.12%
[2025-03-15 11:31:05] Epoch 22 - Training Loss: 0.4464, Training Accuracy: 84.42%
[2025-03-15 11:31:15] Epoch 22 - Validation Loss: 0.3941, Validation Accuracy: 86.55%
[2025-03-15 11:31:25] Epoch 28 - Test Accuracy: 85.67%
[2025-03-15 11:31:33] Epoch 22 - Test Accuracy: 84.61%
[2025-03-15 11:31:45] Epoch 30 - Training Loss: 0.4025, Training Accuracy: 86.07%
[2025-03-15 11:31:53] Epoch 30 - Validation Loss: 0.3040, Validation Accuracy: 89.79%
[2025-03-15 11:32:03] Epoch 30 - Test Accuracy: 87.48%
[2025-03-15 11:32:15] Epoch 29 - Training Loss: 0.4643, Training Accuracy: 84.07%
[2025-03-15 11:32:23] Epoch 29 - Validation Loss: 0.3795, Validation Accuracy: 87.47%
[2025-03-15 11:32:39] Epoch 29 - Test Accuracy: 85.44%
[2025-03-15 11:32:40] Epoch 23 - Training Loss: 0.4391, Training Accuracy: 84.74%
[2025-03-15 11:32:50] Epoch 23 - Validation Loss: 0.3848, Validation Accuracy: 86.79%
[2025-03-15 11:32:55] Epoch 31 - Training Loss: 0.3865, Training Accuracy: 86.99%
[2025-03-15 11:33:03] Epoch 31 - Validation Loss: 0.2991, Validation Accuracy: 90.06%
[2025-03-15 11:33:04] Epoch 23 - Test Accuracy: 85.00%
[2025-03-15 11:33:17] Epoch 31 - Test Accuracy: 88.34%
[2025-03-15 11:33:32] Epoch 30 - Training Loss: 0.4602, Training Accuracy: 84.00%
[2025-03-15 11:33:40] Epoch 30 - Validation Loss: 0.3827, Validation Accuracy: 87.36%
[2025-03-15 11:33:55] Epoch 30 - Test Accuracy: 85.15%
[2025-03-15 11:34:08] Epoch 32 - Training Loss: 0.3928, Training Accuracy: 86.65%
[2025-03-15 11:34:16] Epoch 32 - Validation Loss: 0.3074, Validation Accuracy: 89.04%
[2025-03-15 11:34:16] Epoch 24 - Training Loss: 0.4371, Training Accuracy: 84.69%
[2025-03-15 11:34:26] Epoch 24 - Validation Loss: 0.3858, Validation Accuracy: 86.88%
[2025-03-15 11:34:31] Epoch 32 - Test Accuracy: 87.80%
[2025-03-15 11:34:40] Epoch 24 - Test Accuracy: 85.03%
[2025-03-15 11:34:50] Epoch 31 - Training Loss: 0.4614, Training Accuracy: 84.22%
[2025-03-15 11:34:58] Epoch 31 - Validation Loss: 0.3811, Validation Accuracy: 87.39%
[2025-03-15 11:35:13] Epoch 31 - Test Accuracy: 85.49%
[2025-03-15 11:35:22] Epoch 33 - Training Loss: 0.3724, Training Accuracy: 87.36%
[2025-03-15 11:35:29] Epoch 33 - Validation Loss: 0.2953, Validation Accuracy: 90.22%
[2025-03-15 11:35:40] Epoch 33 - Test Accuracy: 88.22%
[2025-03-15 11:35:53] Epoch 25 - Training Loss: 0.4282, Training Accuracy: 84.99%
[2025-03-15 11:36:01] Epoch 25 - Validation Loss: 0.3935, Validation Accuracy: 86.50%
[2025-03-15 11:36:03] Epoch 32 - Training Loss: 0.4517, Training Accuracy: 84.67%
[2025-03-15 11:36:13] Epoch 32 - Validation Loss: 0.3800, Validation Accuracy: 87.33%
[2025-03-15 11:36:16] Epoch 25 - Test Accuracy: 84.78%
[2025-03-15 11:36:31] Epoch 32 - Test Accuracy: 85.81%
[2025-03-15 11:36:33] Epoch 34 - Training Loss: 0.3894, Training Accuracy: 86.80%
[2025-03-15 11:36:42] Epoch 34 - Validation Loss: 0.2936, Validation Accuracy: 90.74%
[2025-03-15 11:36:54] Epoch 34 - Test Accuracy: 88.68%
[2025-03-15 11:37:16] Epoch 33 - Training Loss: 0.4585, Training Accuracy: 84.30%
[2025-03-15 11:37:23] Epoch 33 - Validation Loss: 0.3773, Validation Accuracy: 87.47%
[2025-03-15 11:37:28] Epoch 26 - Training Loss: 0.4272, Training Accuracy: 85.16%
[2025-03-15 11:37:38] Epoch 26 - Validation Loss: 0.3827, Validation Accuracy: 86.90%
[2025-03-15 11:37:40] Epoch 35 - Training Loss: 0.3758, Training Accuracy: 87.43%
[2025-03-15 11:37:45] Epoch 33 - Test Accuracy: 85.69%
[2025-03-15 11:37:52] Epoch 35 - Validation Loss: 0.2875, Validation Accuracy: 90.33%
[2025-03-15 11:37:59] Epoch 26 - Test Accuracy: 84.24%
[2025-03-15 11:38:05] Epoch 35 - Test Accuracy: 88.56%
[2025-03-15 11:38:31] Epoch 34 - Training Loss: 0.4600, Training Accuracy: 84.21%
[2025-03-15 11:38:39] Epoch 34 - Validation Loss: 0.3808, Validation Accuracy: 87.36%
[2025-03-15 11:38:51] Epoch 36 - Training Loss: 0.4031, Training Accuracy: 86.27%
[2025-03-15 11:38:56] Epoch 34 - Test Accuracy: 85.54%
[2025-03-15 11:38:57] Epoch 36 - Validation Loss: 0.3160, Validation Accuracy: 89.39%
[2025-03-15 11:39:11] Epoch 36 - Test Accuracy: 87.19%
[2025-03-15 11:39:12] Epoch 27 - Training Loss: 0.4195, Training Accuracy: 85.30%
[2025-03-15 11:39:25] Epoch 27 - Validation Loss: 0.3716, Validation Accuracy: 86.85%
[2025-03-15 11:39:36] Epoch 27 - Test Accuracy: 84.54%
[2025-03-15 11:39:47] Epoch 35 - Training Loss: 0.4521, Training Accuracy: 84.62%
[2025-03-15 11:39:56] Epoch 35 - Validation Loss: 0.3758, Validation Accuracy: 87.52%
[2025-03-15 11:39:59] Epoch 37 - Training Loss: 0.3974, Training Accuracy: 86.54%
[2025-03-15 11:40:08] Epoch 37 - Validation Loss: 0.3108, Validation Accuracy: 89.50%
[2025-03-15 11:40:15] Epoch 35 - Test Accuracy: 85.47%
[2025-03-15 11:40:26] Epoch 37 - Test Accuracy: 87.24%
[2025-03-15 11:40:51] Epoch 28 - Training Loss: 0.4186, Training Accuracy: 85.35%
[2025-03-15 11:40:59] Epoch 28 - Validation Loss: 0.3685, Validation Accuracy: 87.25%
[2025-03-15 11:41:01] Epoch 36 - Training Loss: 0.4542, Training Accuracy: 84.53%
[2025-03-15 11:41:09] Epoch 36 - Validation Loss: 0.3764, Validation Accuracy: 87.52%
[2025-03-15 11:41:12] Epoch 38 - Training Loss: 0.3790, Training Accuracy: 87.21%
[2025-03-15 11:41:13] Epoch 28 - Test Accuracy: 84.90%
[2025-03-15 11:41:23] Epoch 38 - Validation Loss: 0.2877, Validation Accuracy: 90.41%
[2025-03-15 11:41:33] Epoch 36 - Test Accuracy: 85.69%
[2025-03-15 11:41:40] Epoch 38 - Test Accuracy: 88.46%
[2025-03-15 11:42:15] Epoch 37 - Training Loss: 0.4495, Training Accuracy: 84.67%
[2025-03-15 11:42:22] Epoch 39 - Training Loss: 0.3709, Training Accuracy: 87.39%
[2025-03-15 11:42:23] Epoch 37 - Validation Loss: 0.3769, Validation Accuracy: 87.90%
[2025-03-15 11:42:23] Epoch 29 - Training Loss: 0.4151, Training Accuracy: 85.68%
[2025-03-15 11:42:34] Epoch 29 - Validation Loss: 0.3572, Validation Accuracy: 87.28%
[2025-03-15 11:42:34] Epoch 39 - Validation Loss: 0.2999, Validation Accuracy: 90.60%
[2025-03-15 11:42:44] Epoch 37 - Test Accuracy: 85.84%
[2025-03-15 11:42:58] Epoch 39 - Test Accuracy: 88.44%
[2025-03-15 11:42:59] Epoch 29 - Test Accuracy: 85.27%
[2025-03-15 11:43:32] Epoch 38 - Training Loss: 0.4503, Training Accuracy: 84.57%
[2025-03-15 11:43:40] Epoch 38 - Validation Loss: 0.3713, Validation Accuracy: 87.96%
[2025-03-15 11:43:43] Epoch 40 - Training Loss: 0.3316, Training Accuracy: 88.74%
[2025-03-15 11:43:52] Epoch 40 - Validation Loss: 0.2509, Validation Accuracy: 91.76%
[2025-03-15 11:43:58] Epoch 38 - Test Accuracy: 85.76%
[2025-03-15 11:44:11] Epoch 40 - Test Accuracy: 90.08%
[2025-03-15 11:44:11] Epoch 30 - Training Loss: 0.4102, Training Accuracy: 85.68%
[2025-03-15 11:44:21] Epoch 30 - Validation Loss: 0.3752, Validation Accuracy: 86.85%
[2025-03-15 11:44:31] Epoch 30 - Test Accuracy: 85.13%
[2025-03-15 11:44:47] Epoch 39 - Training Loss: 0.4471, Training Accuracy: 84.79%
[2025-03-15 11:44:56] Epoch 39 - Validation Loss: 0.3725, Validation Accuracy: 87.82%
[2025-03-15 11:44:57] Epoch 41 - Training Loss: 0.3102, Training Accuracy: 89.47%
[2025-03-15 11:45:05] Epoch 41 - Validation Loss: 0.2458, Validation Accuracy: 92.17%
[2025-03-15 11:45:17] Epoch 39 - Test Accuracy: 85.67%
[2025-03-15 11:45:25] Epoch 41 - Test Accuracy: 90.43%
[2025-03-15 11:45:45] Epoch 31 - Training Loss: 0.4091, Training Accuracy: 85.82%
[2025-03-15 11:45:53] Epoch 31 - Validation Loss: 0.3658, Validation Accuracy: 87.42%
[2025-03-15 11:46:03] Epoch 40 - Training Loss: 0.4499, Training Accuracy: 84.53%
[2025-03-15 11:46:03] Epoch 31 - Test Accuracy: 85.05%
[2025-03-15 11:46:12] Epoch 42 - Training Loss: 0.3067, Training Accuracy: 89.54%
[2025-03-15 11:46:16] Epoch 40 - Validation Loss: 0.3699, Validation Accuracy: 87.87%
[2025-03-15 11:46:19] Epoch 42 - Validation Loss: 0.2466, Validation Accuracy: 92.03%
[2025-03-15 11:46:35] Epoch 40 - Test Accuracy: 85.62%
[2025-03-15 11:46:36] Epoch 42 - Test Accuracy: 90.06%
[2025-03-15 11:47:14] Epoch 32 - Training Loss: 0.4036, Training Accuracy: 85.69%
[2025-03-15 11:47:20] Epoch 41 - Training Loss: 0.4518, Training Accuracy: 84.41%
[2025-03-15 11:47:21] Epoch 43 - Training Loss: 0.2953, Training Accuracy: 89.87%
[2025-03-15 11:47:21] Epoch 32 - Validation Loss: 0.3638, Validation Accuracy: 87.69%
[2025-03-15 11:47:32] Epoch 43 - Validation Loss: 0.2422, Validation Accuracy: 92.30%
[2025-03-15 11:47:33] Epoch 41 - Validation Loss: 0.3775, Validation Accuracy: 87.28%
[2025-03-15 11:47:35] Epoch 32 - Test Accuracy: 85.74%
[2025-03-15 11:47:54] Epoch 43 - Test Accuracy: 90.53%
[2025-03-15 11:47:57] Epoch 41 - Test Accuracy: 85.57%
[2025-03-15 11:48:38] Epoch 44 - Training Loss: 0.2893, Training Accuracy: 90.23%
[2025-03-15 11:48:44] Epoch 42 - Training Loss: 0.4520, Training Accuracy: 84.64%
[2025-03-15 11:48:45] Epoch 44 - Validation Loss: 0.2372, Validation Accuracy: 92.60%
[2025-03-15 11:48:46] Epoch 33 - Training Loss: 0.4001, Training Accuracy: 85.94%
[2025-03-15 11:48:56] Epoch 33 - Validation Loss: 0.3652, Validation Accuracy: 87.39%
[2025-03-15 11:48:56] Epoch 42 - Validation Loss: 0.3706, Validation Accuracy: 87.87%
[2025-03-15 11:49:00] Epoch 44 - Test Accuracy: 90.72%
[2025-03-15 11:49:17] Epoch 33 - Test Accuracy: 85.22%
[2025-03-15 11:49:18] Epoch 42 - Test Accuracy: 85.98%
[2025-03-15 11:49:46] Epoch 45 - Training Loss: 0.2960, Training Accuracy: 89.88%
[2025-03-15 11:49:54] Epoch 45 - Validation Loss: 0.2403, Validation Accuracy: 92.33%
[2025-03-15 11:50:01] Epoch 43 - Training Loss: 0.4509, Training Accuracy: 84.68%
[2025-03-15 11:50:07] Epoch 45 - Test Accuracy: 90.50%
[2025-03-15 11:50:12] Epoch 43 - Validation Loss: 0.3698, Validation Accuracy: 87.85%
[2025-03-15 11:50:25] Epoch 34 - Training Loss: 0.3614, Training Accuracy: 87.22%
[2025-03-15 11:50:31] Epoch 43 - Test Accuracy: 86.01%
[2025-03-15 11:50:36] Epoch 34 - Validation Loss: 0.3426, Validation Accuracy: 88.14%
[2025-03-15 11:50:48] Epoch 34 - Test Accuracy: 85.84%
[2025-03-15 11:50:59] Epoch 46 - Training Loss: 0.2938, Training Accuracy: 89.90%
[2025-03-15 11:51:07] Epoch 46 - Validation Loss: 0.2414, Validation Accuracy: 92.28%
[2025-03-15 11:51:17] Epoch 46 - Test Accuracy: 90.60%
[2025-03-15 11:51:22] Epoch 44 - Training Loss: 0.4434, Training Accuracy: 84.73%
[2025-03-15 11:51:32] Epoch 44 - Validation Loss: 0.3697, Validation Accuracy: 87.96%
[2025-03-15 11:51:48] Epoch 44 - Test Accuracy: 85.69%
[2025-03-15 11:52:00] Epoch 35 - Training Loss: 0.3588, Training Accuracy: 87.28%
[2025-03-15 11:52:08] Epoch 35 - Validation Loss: 0.3407, Validation Accuracy: 88.20%
[2025-03-15 11:52:09] Epoch 47 - Training Loss: 0.2872, Training Accuracy: 90.20%
[2025-03-15 11:52:18] Epoch 47 - Validation Loss: 0.2412, Validation Accuracy: 92.03%
[2025-03-15 11:52:23] Epoch 35 - Test Accuracy: 86.01%
[2025-03-15 11:52:32] Epoch 47 - Test Accuracy: 90.16%
[2025-03-15 11:52:42] Epoch 45 - Training Loss: 0.4505, Training Accuracy: 84.42%
[2025-03-15 11:52:50] Epoch 45 - Validation Loss: 0.3692, Validation Accuracy: 87.87%
[2025-03-15 11:53:05] Epoch 45 - Test Accuracy: 86.06%
[2025-03-15 11:53:05] Stopping training at epoch 46 due to early stopping
[2025-03-15 11:53:05] Final Training Accuracy: 84.42%
[2025-03-15 11:53:05] Final Test Accuracy: 86.06%
[2025-03-15 11:53:05] Final Validation Accuracy: 87.87%, Model size: 37954
[2025-03-15 11:53:05] Saved model checkpoint to best_model_trial_4.pt
[2025-03-15 11:53:25] Epoch 48 - Training Loss: 0.2847, Training Accuracy: 90.43%
[2025-03-15 11:53:33] Epoch 36 - Training Loss: 0.3608, Training Accuracy: 87.39%
[2025-03-15 11:53:33] Epoch 48 - Validation Loss: 0.2368, Validation Accuracy: 92.25%
[2025-03-15 11:53:41] Epoch 36 - Validation Loss: 0.3361, Validation Accuracy: 88.44%
[2025-03-15 11:53:58] Epoch 48 - Test Accuracy: 90.65%
[2025-03-15 11:54:04] Epoch 36 - Test Accuracy: 86.13%
[2025-03-15 11:54:40] Epoch 49 - Training Loss: 0.2808, Training Accuracy: 90.36%
[2025-03-15 11:54:47] Epoch 49 - Validation Loss: 0.2388, Validation Accuracy: 92.03%
[2025-03-15 11:55:03] Epoch 49 - Test Accuracy: 90.62%
[2025-03-15 11:55:03] Stopping training at epoch 50 due to early stopping
[2025-03-15 11:55:03] Final Training Accuracy: 90.36%
[2025-03-15 11:55:03] Final Test Accuracy: 90.62%
[2025-03-15 11:55:03] Final Validation Accuracy: 92.03%, Model size: 22714
[2025-03-15 11:55:03] Saved model checkpoint to best_model_trial_11.pt
[2025-03-15 11:55:04] Epoch 37 - Training Loss: 0.3529, Training Accuracy: 87.62%
[2025-03-15 11:55:12] Epoch 37 - Validation Loss: 0.3350, Validation Accuracy: 88.55%
[2025-03-15 11:55:30] Epoch 37 - Test Accuracy: 86.33%
[2025-03-15 11:56:10] Epoch 38 - Training Loss: 0.3593, Training Accuracy: 87.21%
[2025-03-15 11:56:17] Epoch 38 - Validation Loss: 0.3363, Validation Accuracy: 88.52%
[2025-03-15 11:56:36] Epoch 38 - Test Accuracy: 86.28%
[2025-03-15 11:57:15] Epoch 39 - Training Loss: 0.3564, Training Accuracy: 87.49%
[2025-03-15 11:57:21] Epoch 39 - Validation Loss: 0.3356, Validation Accuracy: 88.47%
[2025-03-15 11:57:39] Epoch 39 - Test Accuracy: 86.28%
[2025-03-15 11:58:17] Epoch 40 - Training Loss: 0.3538, Training Accuracy: 87.51%
[2025-03-15 11:58:24] Epoch 40 - Validation Loss: 0.3345, Validation Accuracy: 88.28%
[2025-03-15 11:58:43] Epoch 40 - Test Accuracy: 86.13%
[2025-03-15 11:59:23] Epoch 41 - Training Loss: 0.3541, Training Accuracy: 87.55%
[2025-03-15 11:59:29] Epoch 41 - Validation Loss: 0.3337, Validation Accuracy: 88.25%
[2025-03-15 11:59:48] Epoch 41 - Test Accuracy: 86.50%
[2025-03-15 12:00:28] Epoch 42 - Training Loss: 0.3470, Training Accuracy: 87.75%
[2025-03-15 12:00:34] Epoch 42 - Validation Loss: 0.3331, Validation Accuracy: 88.47%
[2025-03-15 12:00:53] Epoch 42 - Test Accuracy: 86.48%
[2025-03-15 12:01:32] Epoch 43 - Training Loss: 0.3547, Training Accuracy: 87.52%
[2025-03-15 12:01:39] Epoch 43 - Validation Loss: 0.3325, Validation Accuracy: 88.60%
[2025-03-15 12:01:57] Epoch 43 - Test Accuracy: 86.35%
[2025-03-15 12:02:37] Epoch 44 - Training Loss: 0.3503, Training Accuracy: 87.69%
[2025-03-15 12:02:43] Epoch 44 - Validation Loss: 0.3312, Validation Accuracy: 88.79%
[2025-03-15 12:03:02] Epoch 44 - Test Accuracy: 86.38%
[2025-03-15 12:03:42] Epoch 45 - Training Loss: 0.3532, Training Accuracy: 87.56%
[2025-03-15 12:03:48] Epoch 45 - Validation Loss: 0.3321, Validation Accuracy: 88.36%
[2025-03-15 12:04:07] Epoch 45 - Test Accuracy: 86.35%
[2025-03-15 12:04:47] Epoch 46 - Training Loss: 0.3532, Training Accuracy: 87.71%
[2025-03-15 12:04:53] Epoch 46 - Validation Loss: 0.3330, Validation Accuracy: 88.39%
[2025-03-15 12:05:12] Epoch 46 - Test Accuracy: 86.57%
[2025-03-15 12:05:51] Epoch 47 - Training Loss: 0.3538, Training Accuracy: 87.46%
[2025-03-15 12:05:58] Epoch 47 - Validation Loss: 0.3314, Validation Accuracy: 88.55%
[2025-03-15 12:06:16] Epoch 47 - Test Accuracy: 86.25%
[2025-03-15 12:06:55] Epoch 48 - Training Loss: 0.3458, Training Accuracy: 87.75%
[2025-03-15 12:07:02] Epoch 48 - Validation Loss: 0.3301, Validation Accuracy: 88.63%
[2025-03-15 12:07:21] Epoch 48 - Test Accuracy: 86.50%
[2025-03-15 12:08:00] Epoch 49 - Training Loss: 0.3495, Training Accuracy: 87.75%
[2025-03-15 12:08:07] Epoch 49 - Validation Loss: 0.3302, Validation Accuracy: 88.63%
[2025-03-15 12:08:26] Epoch 49 - Test Accuracy: 86.38%
[2025-03-15 12:09:06] Epoch 50 - Training Loss: 0.3509, Training Accuracy: 87.65%
[2025-03-15 12:09:15] Epoch 50 - Validation Loss: 0.3288, Validation Accuracy: 88.68%
[2025-03-15 12:09:35] Epoch 50 - Test Accuracy: 86.52%
[2025-03-15 12:10:15] Epoch 51 - Training Loss: 0.3447, Training Accuracy: 87.85%
[2025-03-15 12:10:21] Epoch 51 - Validation Loss: 0.3307, Validation Accuracy: 88.52%
[2025-03-15 12:10:40] Epoch 51 - Test Accuracy: 86.40%
[2025-03-15 12:11:19] Epoch 52 - Training Loss: 0.3478, Training Accuracy: 87.79%
[2025-03-15 12:11:26] Epoch 52 - Validation Loss: 0.3312, Validation Accuracy: 88.60%
[2025-03-15 12:11:44] Epoch 52 - Test Accuracy: 86.38%
[2025-03-15 12:12:24] Epoch 53 - Training Loss: 0.3490, Training Accuracy: 87.70%
[2025-03-15 12:12:30] Epoch 53 - Validation Loss: 0.3351, Validation Accuracy: 88.28%
[2025-03-15 12:12:49] Epoch 53 - Test Accuracy: 86.45%
[2025-03-15 12:13:29] Epoch 54 - Training Loss: 0.3460, Training Accuracy: 87.75%
[2025-03-15 12:13:35] Epoch 54 - Validation Loss: 0.3343, Validation Accuracy: 88.28%
[2025-03-15 12:13:54] Epoch 54 - Test Accuracy: 86.38%
[2025-03-15 12:14:33] Epoch 55 - Training Loss: 0.3418, Training Accuracy: 88.03%
[2025-03-15 12:14:39] Epoch 55 - Validation Loss: 0.3321, Validation Accuracy: 88.39%
[2025-03-15 12:14:58] Epoch 55 - Test Accuracy: 86.57%
[2025-03-15 12:14:58] Stopping training at epoch 56 due to early stopping
[2025-03-15 12:14:58] Final Training Accuracy: 88.03%
[2025-03-15 12:14:58] Final Test Accuracy: 86.57%
[2025-03-15 12:14:58] Final Validation Accuracy: 88.39%, Model size: 22095
[2025-03-15 12:14:58] Saved model checkpoint to best_model_trial_7.pt
[2025-03-15 14:10:21] Starting training with hyperparameters: {'d_state': 15, 'd_conv': 7, 'expand': 2, 'batch_size': 20, 'dropout_rate': 0.09870701778122587, 'num_mamba_layers': 1, 'n_mfcc': 15, 'n_fft': 357, 'hop_length': 244, 'n_mels': 62, 'noise_level': 0.09918408129316605, 'shift': 21, 'lr': 0.007005724808137335, 'weight_decay': 1.4210592680153244e-06}
[2025-03-15 14:10:28] Starting training with hyperparameters: {'d_state': 8, 'd_conv': 4, 'expand': 2, 'batch_size': 24, 'dropout_rate': 0.43428846882769384, 'num_mamba_layers': 3, 'n_mfcc': 11, 'n_fft': 384, 'hop_length': 392, 'n_mels': 66, 'noise_level': 0.1939181980784685, 'shift': 74, 'lr': 0.00010301254192090287, 'weight_decay': 2.894144076670042e-05}
[2025-03-15 14:10:33] Starting training with hyperparameters: {'d_state': 16, 'd_conv': 2, 'expand': 4, 'batch_size': 19, 'dropout_rate': 0.4694545577056132, 'num_mamba_layers': 2, 'n_mfcc': 10, 'n_fft': 525, 'hop_length': 299, 'n_mels': 36, 'noise_level': 0.15709226353658806, 'shift': 24, 'lr': 0.0015896941988053086, 'weight_decay': 4.394555353176167e-05}
[2025-03-15 14:10:37] Starting training with hyperparameters: {'d_state': 12, 'd_conv': 2, 'expand': 4, 'batch_size': 21, 'dropout_rate': 0.05678072700199388, 'num_mamba_layers': 2, 'n_mfcc': 16, 'n_fft': 348, 'hop_length': 381, 'n_mels': 75, 'noise_level': 0.0044380179503550115, 'shift': 79, 'lr': 0.002028740195330716, 'weight_decay': 1.6764881201627157e-06}
[2025-03-15 14:10:37] Starting training with hyperparameters: {'d_state': 26, 'd_conv': 3, 'expand': 2, 'batch_size': 10, 'dropout_rate': 0.3397199211586451, 'num_mamba_layers': 1, 'n_mfcc': 14, 'n_fft': 338, 'hop_length': 109, 'n_mels': 36, 'noise_level': 0.13605298313372033, 'shift': 18, 'lr': 0.0005610502813848009, 'weight_decay': 3.1008695778907444e-06}
[2025-03-15 14:10:42] Starting training with hyperparameters: {'d_state': 19, 'd_conv': 7, 'expand': 4, 'batch_size': 19, 'dropout_rate': 0.07512870162290691, 'num_mamba_layers': 3, 'n_mfcc': 30, 'n_fft': 582, 'hop_length': 247, 'n_mels': 69, 'noise_level': 0.19324795065255918, 'shift': 6, 'lr': 0.007570954643123553, 'weight_decay': 1.2960230402853483e-05}
[2025-03-15 14:10:47] Starting training with hyperparameters: {'d_state': 8, 'd_conv': 3, 'expand': 4, 'batch_size': 17, 'dropout_rate': 0.45654445385266706, 'num_mamba_layers': 4, 'n_mfcc': 20, 'n_fft': 520, 'hop_length': 44, 'n_mels': 35, 'noise_level': 0.03712352808551942, 'shift': 75, 'lr': 0.00020108430415616705, 'weight_decay': 1.1229327680018692e-05}
[2025-03-15 14:10:51] Starting training with hyperparameters: {'d_state': 30, 'd_conv': 5, 'expand': 4, 'batch_size': 27, 'dropout_rate': 0.3161326092714923, 'num_mamba_layers': 4, 'n_mfcc': 15, 'n_fft': 262, 'hop_length': 617, 'n_mels': 41, 'noise_level': 0.14164301399332466, 'shift': 55, 'lr': 0.00026589793328236184, 'weight_decay': 1.882995544139584e-06}
[2025-03-15 14:10:51] Starting training with hyperparameters: {'d_state': 22, 'd_conv': 7, 'expand': 2, 'batch_size': 28, 'dropout_rate': 0.2849348927420618, 'num_mamba_layers': 1, 'n_mfcc': 16, 'n_fft': 204, 'hop_length': 201, 'n_mels': 49, 'noise_level': 0.15760995507760375, 'shift': 5, 'lr': 0.00025752491845076734, 'weight_decay': 3.737327863140407e-05}
[2025-03-15 14:10:57] Starting training with hyperparameters: {'d_state': 11, 'd_conv': 7, 'expand': 3, 'batch_size': 17, 'dropout_rate': 0.003297467512446306, 'num_mamba_layers': 3, 'n_mfcc': 21, 'n_fft': 263, 'hop_length': 56, 'n_mels': 49, 'noise_level': 0.11387899651770417, 'shift': 68, 'lr': 0.0017166612504962353, 'weight_decay': 2.1071659631110562e-05}
[2025-03-15 14:11:00] Starting training with hyperparameters: {'d_state': 24, 'd_conv': 7, 'expand': 2, 'batch_size': 25, 'dropout_rate': 0.41136221226016223, 'num_mamba_layers': 2, 'n_mfcc': 24, 'n_fft': 469, 'hop_length': 459, 'n_mels': 79, 'noise_level': 0.08499326617677988, 'shift': 97, 'lr': 0.0018574048947887865, 'weight_decay': 2.9559323015096145e-06}
[2025-03-15 14:11:07] Starting training with hyperparameters: {'d_state': 13, 'd_conv': 4, 'expand': 3, 'batch_size': 31, 'dropout_rate': 0.34992145800997315, 'num_mamba_layers': 2, 'n_mfcc': 7, 'n_fft': 564, 'hop_length': 35, 'n_mels': 71, 'noise_level': 0.11659793105459887, 'shift': 57, 'lr': 0.0013328519516298725, 'weight_decay': 2.0949276830640706e-06}
[2025-03-15 14:11:07] Starting training with hyperparameters: {'d_state': 22, 'd_conv': 3, 'expand': 4, 'batch_size': 18, 'dropout_rate': 0.09454955852099989, 'num_mamba_layers': 2, 'n_mfcc': 25, 'n_fft': 580, 'hop_length': 560, 'n_mels': 41, 'noise_level': 0.034110647302616946, 'shift': 97, 'lr': 0.0032154053008734296, 'weight_decay': 6.007355293255142e-06}
[2025-03-15 14:11:08] Starting training with hyperparameters: {'d_state': 29, 'd_conv': 4, 'expand': 4, 'batch_size': 28, 'dropout_rate': 0.027477864227303805, 'num_mamba_layers': 3, 'n_mfcc': 6, 'n_fft': 557, 'hop_length': 117, 'n_mels': 25, 'noise_level': 0.15615861573916515, 'shift': 50, 'lr': 0.005596982299351157, 'weight_decay': 8.084799555591864e-05}
[2025-03-15 14:11:08] Starting training with hyperparameters: {'d_state': 32, 'd_conv': 7, 'expand': 2, 'batch_size': 31, 'dropout_rate': 0.3270137403629666, 'num_mamba_layers': 2, 'n_mfcc': 26, 'n_fft': 519, 'hop_length': 66, 'n_mels': 57, 'noise_level': 0.18084145622994566, 'shift': 1, 'lr': 0.00906635858421832, 'weight_decay': 5.375798103964382e-05}
[2025-03-15 14:11:21] Starting training with hyperparameters: {'d_state': 28, 'd_conv': 5, 'expand': 4, 'batch_size': 10, 'dropout_rate': 0.42192312121236786, 'num_mamba_layers': 2, 'n_mfcc': 6, 'n_fft': 571, 'hop_length': 95, 'n_mels': 70, 'noise_level': 0.09297224305142585, 'shift': 32, 'lr': 0.0018841810489102937, 'weight_decay': 4.085711638291075e-06}
[2025-03-15 14:12:19] Epoch 0 - Training Loss: 1.1685, Training Accuracy: 58.81%
[2025-03-15 14:12:27] Epoch 0 - Validation Loss: 0.6275, Validation Accuracy: 78.53%
[2025-03-15 14:12:40] Epoch 0 - Test Accuracy: 75.23%
[2025-03-15 14:13:09] Epoch 1 - Training Loss: 0.6713, Training Accuracy: 77.25%
[2025-03-15 14:13:16] Epoch 1 - Validation Loss: 0.5390, Validation Accuracy: 81.18%
[2025-03-15 14:13:26] Epoch 1 - Test Accuracy: 78.69%
[2025-03-15 14:13:56] Epoch 2 - Training Loss: 0.5796, Training Accuracy: 80.35%
[2025-03-15 14:14:02] Epoch 2 - Validation Loss: 0.4589, Validation Accuracy: 84.99%
[2025-03-15 14:14:13] Epoch 2 - Test Accuracy: 82.60%
[2025-03-15 14:14:41] Epoch 3 - Training Loss: 0.5267, Training Accuracy: 82.38%
[2025-03-15 14:14:48] Epoch 3 - Validation Loss: 0.4485, Validation Accuracy: 85.42%
[2025-03-15 14:14:59] Epoch 3 - Test Accuracy: 83.75%
[2025-03-15 14:15:31] Epoch 4 - Training Loss: 0.4966, Training Accuracy: 83.18%
[2025-03-15 14:15:37] Epoch 4 - Validation Loss: 0.4224, Validation Accuracy: 85.44%
[2025-03-15 14:15:48] Epoch 4 - Test Accuracy: 83.53%
[2025-03-15 14:16:16] Epoch 5 - Training Loss: 0.4617, Training Accuracy: 84.14%
[2025-03-15 14:16:24] Epoch 5 - Validation Loss: 0.4282, Validation Accuracy: 85.15%
[2025-03-15 14:16:35] Epoch 5 - Test Accuracy: 83.38%
[2025-03-15 14:17:03] Epoch 6 - Training Loss: 0.4334, Training Accuracy: 85.17%
[2025-03-15 14:17:09] Epoch 6 - Validation Loss: 0.3625, Validation Accuracy: 87.93%
[2025-03-15 14:17:20] Epoch 6 - Test Accuracy: 85.15%
[2025-03-15 14:17:49] Epoch 7 - Training Loss: 0.4140, Training Accuracy: 85.79%
[2025-03-15 14:17:55] Epoch 7 - Validation Loss: 0.3577, Validation Accuracy: 87.63%
[2025-03-15 14:18:06] Epoch 7 - Test Accuracy: 85.67%
[2025-03-15 14:18:33] Epoch 8 - Training Loss: 0.4083, Training Accuracy: 86.12%
[2025-03-15 14:18:40] Epoch 8 - Validation Loss: 0.3586, Validation Accuracy: 87.66%
[2025-03-15 14:18:51] Epoch 8 - Test Accuracy: 85.10%
[2025-03-15 14:19:21] Epoch 9 - Training Loss: 0.3856, Training Accuracy: 86.72%
[2025-03-15 14:19:28] Epoch 9 - Validation Loss: 0.3429, Validation Accuracy: 88.90%
[2025-03-15 14:19:39] Epoch 9 - Test Accuracy: 86.75%
[2025-03-15 14:20:08] Epoch 10 - Training Loss: 0.3854, Training Accuracy: 86.91%
[2025-03-15 14:20:16] Epoch 10 - Validation Loss: 0.3069, Validation Accuracy: 89.85%
[2025-03-15 14:20:26] Epoch 10 - Test Accuracy: 86.92%
[2025-03-15 14:20:54] Epoch 11 - Training Loss: 0.3799, Training Accuracy: 86.97%
[2025-03-15 14:21:01] Epoch 11 - Validation Loss: 0.3034, Validation Accuracy: 89.71%
[2025-03-15 14:21:11] Epoch 11 - Test Accuracy: 87.78%
[2025-03-15 14:21:38] Epoch 12 - Training Loss: 0.3630, Training Accuracy: 87.48%
[2025-03-15 14:21:44] Epoch 12 - Validation Loss: 0.3061, Validation Accuracy: 89.85%
[2025-03-15 14:21:56] Epoch 12 - Test Accuracy: 87.65%
[2025-03-15 14:22:23] Epoch 13 - Training Loss: 0.3506, Training Accuracy: 88.07%
[2025-03-15 14:22:29] Epoch 13 - Validation Loss: 0.3052, Validation Accuracy: 89.93%
[2025-03-15 14:22:40] Epoch 13 - Test Accuracy: 87.68%
[2025-03-15 14:23:10] Epoch 14 - Training Loss: 0.3426, Training Accuracy: 88.22%
[2025-03-15 14:23:16] Epoch 14 - Validation Loss: 0.3047, Validation Accuracy: 89.85%
[2025-03-15 14:23:27] Epoch 14 - Test Accuracy: 87.43%
[2025-03-15 14:23:55] Epoch 15 - Training Loss: 0.3343, Training Accuracy: 88.49%
[2025-03-15 14:24:01] Epoch 15 - Validation Loss: 0.2958, Validation Accuracy: 89.68%
[2025-03-15 14:24:12] Epoch 15 - Test Accuracy: 88.44%
[2025-03-15 14:24:40] Epoch 16 - Training Loss: 0.3273, Training Accuracy: 88.87%
[2025-03-15 14:24:46] Epoch 16 - Validation Loss: 0.3101, Validation Accuracy: 89.31%
[2025-03-15 14:24:57] Epoch 16 - Test Accuracy: 87.56%
[2025-03-15 14:25:25] Epoch 17 - Training Loss: 0.3357, Training Accuracy: 88.36%
[2025-03-15 14:25:32] Epoch 17 - Validation Loss: 0.3097, Validation Accuracy: 89.47%
[2025-03-15 14:25:43] Epoch 17 - Test Accuracy: 87.58%
[2025-03-15 14:26:12] Epoch 18 - Training Loss: 0.3295, Training Accuracy: 88.68%
[2025-03-15 14:26:18] Epoch 18 - Validation Loss: 0.2898, Validation Accuracy: 89.87%
[2025-03-15 14:26:29] Epoch 18 - Test Accuracy: 87.97%
[2025-03-15 14:26:59] Epoch 19 - Training Loss: 0.3134, Training Accuracy: 89.47%
[2025-03-15 14:27:06] Epoch 19 - Validation Loss: 0.2923, Validation Accuracy: 90.39%
[2025-03-15 14:27:16] Epoch 19 - Test Accuracy: 89.00%
[2025-03-15 14:27:43] Epoch 20 - Training Loss: 0.3088, Training Accuracy: 89.43%
[2025-03-15 14:27:49] Epoch 20 - Validation Loss: 0.2685, Validation Accuracy: 91.01%
[2025-03-15 14:28:00] Epoch 20 - Test Accuracy: 88.88%
[2025-03-15 14:28:30] Epoch 21 - Training Loss: 0.3060, Training Accuracy: 89.38%
[2025-03-15 14:28:37] Epoch 21 - Validation Loss: 0.2645, Validation Accuracy: 91.14%
[2025-03-15 14:28:47] Epoch 21 - Test Accuracy: 89.15%
[2025-03-15 14:29:16] Epoch 22 - Training Loss: 0.3081, Training Accuracy: 89.08%
[2025-03-15 14:29:23] Epoch 22 - Validation Loss: 0.2662, Validation Accuracy: 90.82%
[2025-03-15 14:29:33] Epoch 22 - Test Accuracy: 88.86%
[2025-03-15 14:30:04] Epoch 23 - Training Loss: 0.3087, Training Accuracy: 89.43%
[2025-03-15 14:30:11] Epoch 23 - Validation Loss: 0.2808, Validation Accuracy: 90.44%
[2025-03-15 14:30:22] Epoch 23 - Test Accuracy: 88.66%
[2025-03-15 14:30:53] Epoch 24 - Training Loss: 0.2971, Training Accuracy: 89.67%
[2025-03-15 14:31:00] Epoch 24 - Validation Loss: 0.2776, Validation Accuracy: 90.95%
[2025-03-15 14:31:10] Epoch 24 - Test Accuracy: 88.98%
[2025-03-15 14:31:39] Epoch 25 - Training Loss: 0.3066, Training Accuracy: 89.55%
[2025-03-15 14:31:46] Epoch 25 - Validation Loss: 0.3061, Validation Accuracy: 89.66%
[2025-03-15 14:31:57] Epoch 25 - Test Accuracy: 88.22%
[2025-03-15 14:32:27] Epoch 26 - Training Loss: 0.2760, Training Accuracy: 90.28%
[2025-03-15 14:32:34] Epoch 26 - Validation Loss: 0.2644, Validation Accuracy: 91.44%
[2025-03-15 14:32:44] Epoch 26 - Test Accuracy: 89.30%
[2025-03-15 14:32:44] Stopping training at epoch 27 due to early stopping
[2025-03-15 14:32:44] Final Training Accuracy: 90.28%
[2025-03-15 14:32:44] Final Test Accuracy: 89.30%
[2025-03-15 14:32:44] Final Validation Accuracy: 91.44%, Model size: 42520
[2025-03-15 14:32:44] Saved model checkpoint to best_model_trial_28.pt
[2025-03-15 14:41:01] Starting training with hyperparameters: {'d_state': 27, 'd_conv': 7, 'expand': 2, 'batch_size': 11, 'dropout_rate': 0.2676689833798267, 'num_mamba_layers': 2, 'n_mfcc': 25, 'n_fft': 451, 'hop_length': 347, 'n_mels': 67, 'noise_level': 0.19181609915082806, 'shift': 94, 'lr': 0.002510591681022623, 'weight_decay': 1.313188896158895e-06}
[2025-03-15 14:41:04] Starting training with hyperparameters: {'d_state': 29, 'd_conv': 5, 'expand': 2, 'batch_size': 23, 'dropout_rate': 0.045834688913902466, 'num_mamba_layers': 3, 'n_mfcc': 14, 'n_fft': 543, 'hop_length': 484, 'n_mels': 39, 'noise_level': 0.08726233774123243, 'shift': 63, 'lr': 0.0015349199761701365, 'weight_decay': 1.0376788330363935e-05}
[2025-03-15 14:41:06] Starting training with hyperparameters: {'d_state': 29, 'd_conv': 7, 'expand': 2, 'batch_size': 18, 'dropout_rate': 0.30392240302070406, 'num_mamba_layers': 4, 'n_mfcc': 19, 'n_fft': 596, 'hop_length': 67, 'n_mels': 48, 'noise_level': 0.18529282360968566, 'shift': 78, 'lr': 0.004375824531037672, 'weight_decay': 8.215355316976908e-06}
[2025-03-15 14:41:09] Starting training with hyperparameters: {'d_state': 29, 'd_conv': 6, 'expand': 3, 'batch_size': 25, 'dropout_rate': 0.30977088046015816, 'num_mamba_layers': 1, 'n_mfcc': 6, 'n_fft': 202, 'hop_length': 88, 'n_mels': 70, 'noise_level': 0.1275286459175731, 'shift': 2, 'lr': 0.009997811382710638, 'weight_decay': 4.345140845747165e-06}
[2025-03-15 14:41:11] Starting training with hyperparameters: {'d_state': 8, 'd_conv': 7, 'expand': 3, 'batch_size': 29, 'dropout_rate': 0.05780104430286642, 'num_mamba_layers': 3, 'n_mfcc': 21, 'n_fft': 377, 'hop_length': 95, 'n_mels': 76, 'noise_level': 0.15449128035936494, 'shift': 74, 'lr': 0.00011928680739165703, 'weight_decay': 1.71429008202726e-06}
[2025-03-15 14:41:11] Starting training with hyperparameters: {'d_state': 8, 'd_conv': 6, 'expand': 3, 'batch_size': 12, 'dropout_rate': 0.36231476741425284, 'num_mamba_layers': 1, 'n_mfcc': 28, 'n_fft': 540, 'hop_length': 40, 'n_mels': 80, 'noise_level': 0.0968422176680285, 'shift': 48, 'lr': 0.00042795241945122776, 'weight_decay': 4.745217779299578e-05}
[2025-03-15 14:41:14] Starting training with hyperparameters: {'d_state': 27, 'd_conv': 2, 'expand': 4, 'batch_size': 31, 'dropout_rate': 0.3198424057681644, 'num_mamba_layers': 4, 'n_mfcc': 19, 'n_fft': 212, 'hop_length': 498, 'n_mels': 64, 'noise_level': 0.10038341574103338, 'shift': 85, 'lr': 0.002520021991811504, 'weight_decay': 3.1994571675483016e-06}
[2025-03-15 14:41:19] Starting training with hyperparameters: {'d_state': 9, 'd_conv': 7, 'expand': 2, 'batch_size': 29, 'dropout_rate': 0.46086190502319324, 'num_mamba_layers': 2, 'n_mfcc': 20, 'n_fft': 324, 'hop_length': 281, 'n_mels': 51, 'noise_level': 0.030739382860898168, 'shift': 59, 'lr': 0.0002900177576756774, 'weight_decay': 2.416538362009628e-05}
[2025-03-15 14:45:58] Epoch 0 - Training Loss: 1.6964, Training Accuracy: 37.94%
[2025-03-15 15:21:30] Starting training with hyperparameters: {'d_state': 31, 'd_conv': 8, 'expand': 3, 'batch_size': 24, 'dropout_rate': 0.0028442709140368283, 'num_mamba_layers': 2, 'n_mfcc': 24, 'n_fft': 431, 'hop_length': 449, 'n_mels': 21, 'noise_level': 0.018824831485053387, 'shift': 39, 'lr': 0.0015618149091498825, 'weight_decay': 2.7493471688939443e-06}
[2025-03-15 15:21:33] Starting training with hyperparameters: {'d_state': 32, 'd_conv': 3, 'expand': 3, 'batch_size': 30, 'dropout_rate': 0.4991285122001464, 'num_mamba_layers': 1, 'n_mfcc': 11, 'n_fft': 527, 'hop_length': 368, 'n_mels': 34, 'noise_level': 0.015822632828297035, 'shift': 67, 'lr': 0.006340198940296007, 'weight_decay': 1.5413468079429184e-06}
[2025-03-15 15:21:39] Starting training with hyperparameters: {'d_state': 9, 'd_conv': 8, 'expand': 2, 'batch_size': 32, 'dropout_rate': 0.35229388038128423, 'num_mamba_layers': 3, 'n_mfcc': 27, 'n_fft': 323, 'hop_length': 105, 'n_mels': 35, 'noise_level': 0.1404915536918465, 'shift': 93, 'lr': 0.0010935382053406887, 'weight_decay': 9.957457594884688e-06}
[2025-03-15 15:21:45] Starting training with hyperparameters: {'d_state': 16, 'd_conv': 6, 'expand': 3, 'batch_size': 16, 'dropout_rate': 0.14888976502132645, 'num_mamba_layers': 2, 'n_mfcc': 10, 'n_fft': 447, 'hop_length': 562, 'n_mels': 69, 'noise_level': 0.030550066901740648, 'shift': 23, 'lr': 0.005552444475362852, 'weight_decay': 2.168490977320712e-06}
[2025-03-15 15:23:12] Epoch 0 - Training Loss: 1.3270, Training Accuracy: 52.85%
[2025-03-15 15:23:42] Epoch 0 - Validation Loss: 0.6658, Validation Accuracy: 78.26%
[2025-03-15 15:23:44] Starting training with hyperparameters: {'d_state': 23, 'd_conv': 2, 'expand': 4, 'batch_size': 25, 'dropout_rate': 0.09330578162022668, 'num_mamba_layers': 4, 'n_mfcc': 14, 'n_fft': 252, 'hop_length': 576, 'n_mels': 75, 'noise_level': 0.13514022170706028, 'shift': 64, 'lr': 0.00024886977242576363, 'weight_decay': 1.0099816948633849e-06}
[2025-03-15 15:24:20] Epoch 0 - Test Accuracy: 75.28%
[2025-03-15 15:25:00] Epoch 0 - Training Loss: 1.2086, Training Accuracy: 57.69%
[2025-03-15 15:25:22] Epoch 0 - Training Loss: 1.2005, Training Accuracy: 57.17%
[2025-03-15 15:25:29] Epoch 0 - Validation Loss: 0.6008, Validation Accuracy: 79.37%
[2025-03-15 15:25:43] Epoch 0 - Validation Loss: 0.7911, Validation Accuracy: 72.51%
[2025-03-15 15:25:58] Epoch 0 - Training Loss: 2.0086, Training Accuracy: 27.48%
[2025-03-15 15:26:16] Epoch 0 - Validation Loss: 1.6247, Validation Accuracy: 42.45%
[2025-03-15 15:26:17] Epoch 0 - Test Accuracy: 77.61%
[2025-03-15 15:26:36] Epoch 0 - Test Accuracy: 69.66%
[2025-03-15 15:26:37] Epoch 1 - Training Loss: 0.7704, Training Accuracy: 73.97%
[2025-03-15 15:27:01] Epoch 1 - Validation Loss: 0.4930, Validation Accuracy: 84.12%
[2025-03-15 15:27:03] Epoch 0 - Test Accuracy: 42.34%
[2025-03-15 15:27:59] Epoch 1 - Test Accuracy: 81.98%
[2025-03-15 15:29:17] Epoch 1 - Training Loss: 0.6958, Training Accuracy: 76.17%
[2025-03-15 15:29:36] Epoch 1 - Training Loss: 1.4847, Training Accuracy: 47.44%
[2025-03-15 15:29:49] Epoch 1 - Validation Loss: 0.4545, Validation Accuracy: 84.55%
[2025-03-15 15:29:50] Epoch 1 - Training Loss: 0.7536, Training Accuracy: 74.19%
[2025-03-15 15:29:56] Epoch 1 - Validation Loss: 1.2458, Validation Accuracy: 56.20%
[2025-03-15 15:30:08] Epoch 1 - Validation Loss: 0.6123, Validation Accuracy: 79.83%
[2025-03-15 15:30:22] Epoch 2 - Training Loss: 0.6681, Training Accuracy: 77.32%
[2025-03-15 15:30:36] Epoch 1 - Test Accuracy: 55.35%
[2025-03-15 15:30:37] Epoch 1 - Test Accuracy: 82.65%
[2025-03-15 15:30:37] Epoch 2 - Validation Loss: 0.4332, Validation Accuracy: 85.71%
[2025-03-15 15:30:53] Epoch 1 - Test Accuracy: 78.74%
[2025-03-15 15:31:31] Epoch 2 - Test Accuracy: 82.67%
[2025-03-15 15:33:20] Epoch 2 - Training Loss: 1.2105, Training Accuracy: 57.30%
[2025-03-15 15:33:44] Epoch 2 - Validation Loss: 1.0343, Validation Accuracy: 64.11%
[2025-03-15 15:34:09] Epoch 2 - Training Loss: 0.5690, Training Accuracy: 80.52%
[2025-03-15 15:34:25] Epoch 3 - Training Loss: 0.6147, Training Accuracy: 79.30%
[2025-03-15 15:34:26] Epoch 2 - Training Loss: 0.6722, Training Accuracy: 77.13%
[2025-03-15 15:34:38] Epoch 2 - Test Accuracy: 63.48%
[2025-03-15 15:34:39] Epoch 2 - Validation Loss: 0.3967, Validation Accuracy: 86.58%
[2025-03-15 15:34:48] Epoch 3 - Validation Loss: 0.3993, Validation Accuracy: 86.90%
[2025-03-15 15:34:54] Epoch 2 - Validation Loss: 0.5402, Validation Accuracy: 82.55%
[2025-03-15 15:35:17] Epoch 2 - Test Accuracy: 84.56%
[2025-03-15 15:35:33] Epoch 3 - Test Accuracy: 84.56%
[2025-03-15 15:35:44] Epoch 2 - Test Accuracy: 80.51%
[2025-03-15 15:37:16] Epoch 3 - Training Loss: 1.0662, Training Accuracy: 62.60%
[2025-03-15 15:37:46] Epoch 3 - Validation Loss: 0.8950, Validation Accuracy: 69.24%
[2025-03-15 15:38:52] Epoch 3 - Test Accuracy: 67.38%
[2025-03-15 15:39:35] Epoch 4 - Training Loss: 0.5865, Training Accuracy: 80.41%
[2025-03-15 15:40:03] Epoch 3 - Training Loss: 0.5024, Training Accuracy: 83.22%
[2025-03-15 15:40:04] Epoch 4 - Validation Loss: 0.3791, Validation Accuracy: 87.28%
[2025-03-15 15:40:30] Epoch 3 - Validation Loss: 0.3475, Validation Accuracy: 88.14%
[2025-03-15 15:40:32] Epoch 3 - Training Loss: 0.5953, Training Accuracy: 80.23%
[2025-03-15 15:40:52] Epoch 4 - Test Accuracy: 84.95%
[2025-03-15 15:41:07] Epoch 3 - Validation Loss: 0.5139, Validation Accuracy: 82.82%
[2025-03-15 15:41:28] Epoch 3 - Test Accuracy: 87.19%
[2025-03-15 15:41:57] Epoch 4 - Training Loss: 0.9599, Training Accuracy: 66.53%
[2025-03-15 15:41:59] Epoch 3 - Test Accuracy: 80.49%
[2025-03-15 15:42:27] Epoch 4 - Validation Loss: 0.8143, Validation Accuracy: 72.00%
[2025-03-15 15:43:17] Epoch 4 - Test Accuracy: 70.15%
[2025-03-15 15:44:04] Epoch 5 - Training Loss: 0.5634, Training Accuracy: 81.17%
[2025-03-15 15:44:35] Epoch 5 - Validation Loss: 0.3779, Validation Accuracy: 87.93%
[2025-03-15 15:45:16] Epoch 4 - Training Loss: 0.4539, Training Accuracy: 84.63%
[2025-03-15 15:45:41] Epoch 5 - Test Accuracy: 85.37%
[2025-03-15 15:45:48] Epoch 4 - Validation Loss: 0.3400, Validation Accuracy: 88.90%
[2025-03-15 15:46:02] Epoch 4 - Training Loss: 0.5625, Training Accuracy: 80.72%
[2025-03-15 15:46:25] Epoch 4 - Validation Loss: 0.4655, Validation Accuracy: 84.34%
[2025-03-15 15:46:30] Epoch 4 - Test Accuracy: 86.97%
[2025-03-15 15:47:13] Epoch 4 - Test Accuracy: 82.47%
[2025-03-15 15:48:10] Epoch 6 - Training Loss: 0.5651, Training Accuracy: 80.93%
[2025-03-15 15:48:41] Epoch 6 - Validation Loss: 0.3952, Validation Accuracy: 87.31%
[2025-03-15 15:49:33] Epoch 6 - Test Accuracy: 85.15%
[2025-03-15 15:49:57] Epoch 5 - Training Loss: 0.4113, Training Accuracy: 86.05%
[2025-03-15 15:50:27] Epoch 5 - Validation Loss: 0.2977, Validation Accuracy: 89.52%
[2025-03-15 15:50:46] Epoch 5 - Training Loss: 0.5057, Training Accuracy: 82.69%
[2025-03-15 15:51:12] Epoch 5 - Validation Loss: 0.4532, Validation Accuracy: 84.47%
[2025-03-15 15:51:20] Epoch 5 - Test Accuracy: 88.54%
[2025-03-15 15:51:48] Epoch 5 - Test Accuracy: 82.35%
[2025-03-15 15:52:00] Epoch 7 - Training Loss: 0.5548, Training Accuracy: 81.29%
[2025-03-15 15:52:26] Epoch 7 - Validation Loss: 0.3431, Validation Accuracy: 88.44%
[2025-03-15 15:53:12] Epoch 7 - Test Accuracy: 85.96%
[2025-03-15 15:54:19] Epoch 6 - Training Loss: 0.5188, Training Accuracy: 82.32%
[2025-03-15 15:54:20] Epoch 6 - Training Loss: 0.3829, Training Accuracy: 86.94%
[2025-03-15 15:54:42] Epoch 6 - Validation Loss: 0.4556, Validation Accuracy: 84.69%
[2025-03-15 15:54:43] Epoch 6 - Validation Loss: 0.2814, Validation Accuracy: 90.41%
[2025-03-15 15:55:08] Epoch 8 - Training Loss: 0.5287, Training Accuracy: 82.27%
[2025-03-15 15:55:15] Epoch 6 - Test Accuracy: 88.71%
[2025-03-15 15:55:15] Epoch 6 - Test Accuracy: 82.62%
[2025-03-15 15:55:26] Epoch 8 - Validation Loss: 0.3680, Validation Accuracy: 88.17%
[2025-03-15 15:56:01] Epoch 8 - Test Accuracy: 85.52%
[2025-03-15 15:57:49] Epoch 7 - Training Loss: 0.4825, Training Accuracy: 83.47%
[2025-03-15 15:57:51] Epoch 7 - Training Loss: 0.3626, Training Accuracy: 87.60%
[2025-03-15 15:58:06] Epoch 9 - Training Loss: 0.5238, Training Accuracy: 82.53%
[2025-03-15 15:58:18] Epoch 7 - Validation Loss: 0.2611, Validation Accuracy: 91.12%
[2025-03-15 15:58:19] Epoch 7 - Validation Loss: 0.4082, Validation Accuracy: 86.36%
[2025-03-15 15:58:20] Epoch 9 - Validation Loss: 0.5857, Validation Accuracy: 81.93%
[2025-03-15 15:58:47] Epoch 7 - Test Accuracy: 90.18%
[2025-03-15 15:58:47] Epoch 9 - Test Accuracy: 80.04%
[2025-03-15 15:58:47] Epoch 7 - Test Accuracy: 84.93%
[2025-03-15 16:01:40] Epoch 10 - Training Loss: 2.0142, Training Accuracy: 23.34%
[2025-03-15 16:02:04] Epoch 10 - Validation Loss: 2.1528, Validation Accuracy: 20.60%
[2025-03-15 16:02:04] Epoch 8 - Training Loss: 0.3355, Training Accuracy: 88.49%
[2025-03-15 16:02:05] Epoch 8 - Training Loss: 0.4783, Training Accuracy: 83.59%
[2025-03-15 16:02:26] Epoch 8 - Validation Loss: 0.2587, Validation Accuracy: 90.85%
[2025-03-15 16:02:27] Epoch 8 - Validation Loss: 0.4529, Validation Accuracy: 84.55%
[2025-03-15 16:02:32] Epoch 10 - Test Accuracy: 18.75%
[2025-03-15 16:02:58] Epoch 8 - Test Accuracy: 89.81%
[2025-03-15 16:02:59] Epoch 8 - Test Accuracy: 82.77%
[2025-03-15 16:04:30] Epoch 11 - Training Loss: 1.9570, Training Accuracy: 26.43%
[2025-03-15 16:05:02] Epoch 11 - Validation Loss: 1.3011, Validation Accuracy: 55.14%
[2025-03-15 16:05:53] Epoch 11 - Test Accuracy: 54.39%
[2025-03-15 16:06:21] Epoch 9 - Training Loss: 0.4677, Training Accuracy: 84.04%
[2025-03-15 16:06:27] Epoch 9 - Training Loss: 0.3182, Training Accuracy: 89.09%
[2025-03-15 16:06:46] Epoch 9 - Validation Loss: 0.4474, Validation Accuracy: 84.55%
[2025-03-15 16:06:49] Epoch 9 - Validation Loss: 0.2328, Validation Accuracy: 92.47%
[2025-03-15 16:07:18] Epoch 9 - Test Accuracy: 82.11%
[2025-03-15 16:07:20] Epoch 9 - Test Accuracy: 90.13%
[2025-03-15 16:08:13] Epoch 12 - Training Loss: 1.5870, Training Accuracy: 40.44%
[2025-03-15 16:08:40] Epoch 12 - Validation Loss: 1.3230, Validation Accuracy: 55.60%
[2025-03-15 16:09:29] Epoch 12 - Test Accuracy: 54.27%
[2025-03-15 16:09:29] Stopping training at epoch 13 due to early stopping
[2025-03-15 16:09:29] Final Training Accuracy: 40.44%
[2025-03-15 16:09:29] Final Test Accuracy: 54.27%
[2025-03-15 16:09:29] Final Validation Accuracy: 55.60%, Model size: 34885
[2025-03-15 16:09:29] Saved model checkpoint to best_model_trial_41.pt
[2025-03-15 16:10:33] Epoch 10 - Training Loss: 0.2988, Training Accuracy: 89.78%
[2025-03-15 16:10:34] Epoch 10 - Training Loss: 0.4965, Training Accuracy: 83.25%
[2025-03-15 16:10:55] Epoch 10 - Validation Loss: 0.4034, Validation Accuracy: 86.82%
[2025-03-15 16:10:55] Epoch 10 - Validation Loss: 0.2252, Validation Accuracy: 92.30%
[2025-03-15 16:11:21] Epoch 10 - Test Accuracy: 84.88%
[2025-03-15 16:11:26] Epoch 10 - Test Accuracy: 90.30%
[2025-03-15 16:13:54] Epoch 11 - Training Loss: 0.4634, Training Accuracy: 84.21%
[2025-03-15 16:14:04] Epoch 11 - Training Loss: 0.2822, Training Accuracy: 90.33%
[2025-03-15 16:14:14] Epoch 11 - Validation Loss: 0.4332, Validation Accuracy: 85.23%
[2025-03-15 16:14:18] Epoch 11 - Validation Loss: 0.2390, Validation Accuracy: 91.87%
[2025-03-15 16:14:34] Epoch 11 - Test Accuracy: 84.39%
[2025-03-15 16:14:46] Epoch 11 - Test Accuracy: 90.26%
[2025-03-15 16:16:34] Epoch 12 - Training Loss: 0.4416, Training Accuracy: 84.87%
[2025-03-15 16:16:56] Epoch 12 - Validation Loss: 0.4558, Validation Accuracy: 84.26%
[2025-03-15 16:16:57] Epoch 12 - Training Loss: 0.2819, Training Accuracy: 90.47%
[2025-03-15 16:17:12] Epoch 12 - Validation Loss: 0.2094, Validation Accuracy: 92.74%
[2025-03-15 16:17:24] Epoch 12 - Test Accuracy: 82.18%
[2025-03-15 16:17:35] Epoch 12 - Test Accuracy: 91.29%
[2025-03-15 16:19:26] Epoch 13 - Training Loss: 0.4305, Training Accuracy: 85.31%
[2025-03-15 16:19:37] Epoch 13 - Training Loss: 0.2588, Training Accuracy: 91.32%
[2025-03-15 16:19:38] Epoch 13 - Validation Loss: 0.4157, Validation Accuracy: 86.34%
[2025-03-15 16:19:52] Epoch 13 - Validation Loss: 0.2011, Validation Accuracy: 93.19%
[2025-03-15 16:20:01] Epoch 13 - Test Accuracy: 85.49%
[2025-03-15 16:20:16] Epoch 13 - Test Accuracy: 91.48%
[2025-03-15 16:22:16] Epoch 14 - Training Loss: 0.4364, Training Accuracy: 85.07%
[2025-03-15 16:22:36] Epoch 14 - Validation Loss: 0.4316, Validation Accuracy: 86.23%
[2025-03-15 16:22:41] Epoch 14 - Training Loss: 0.2496, Training Accuracy: 91.43%
[2025-03-15 16:22:58] Epoch 14 - Validation Loss: 0.2017, Validation Accuracy: 93.14%
[2025-03-15 16:23:04] Epoch 14 - Test Accuracy: 84.49%
[2025-03-15 16:23:22] Epoch 14 - Test Accuracy: 92.29%
[2025-03-15 16:24:53] Epoch 15 - Training Loss: 0.4068, Training Accuracy: 86.11%
[2025-03-15 16:25:12] Epoch 15 - Validation Loss: 0.4445, Validation Accuracy: 85.26%
[2025-03-15 16:25:18] Epoch 15 - Training Loss: 0.2394, Training Accuracy: 91.83%
[2025-03-15 16:25:36] Epoch 15 - Validation Loss: 0.1949, Validation Accuracy: 93.76%
[2025-03-15 16:25:41] Epoch 15 - Test Accuracy: 84.02%
[2025-03-15 16:25:41] Stopping training at epoch 16 due to early stopping
[2025-03-15 16:25:41] Final Training Accuracy: 86.11%
[2025-03-15 16:25:41] Final Test Accuracy: 84.02%
[2025-03-15 16:25:41] Final Validation Accuracy: 85.26%, Model size: 28510
[2025-03-15 16:25:41] Saved model checkpoint to best_model_trial_42.pt
[2025-03-15 16:25:48] Epoch 15 - Test Accuracy: 92.22%
[2025-03-15 16:27:05] Epoch 16 - Training Loss: 0.2308, Training Accuracy: 92.09%
[2025-03-15 16:27:17] Epoch 16 - Validation Loss: 0.2033, Validation Accuracy: 93.44%
[2025-03-15 16:27:36] Epoch 16 - Test Accuracy: 92.32%
[2025-03-15 16:29:04] Epoch 17 - Training Loss: 0.2309, Training Accuracy: 92.09%
[2025-03-15 16:29:17] Epoch 17 - Validation Loss: 0.1857, Validation Accuracy: 93.65%
[2025-03-15 16:29:36] Epoch 17 - Test Accuracy: 92.88%
[2025-03-15 16:30:53] Epoch 18 - Training Loss: 0.2235, Training Accuracy: 92.27%
[2025-03-15 16:31:07] Epoch 18 - Validation Loss: 0.1802, Validation Accuracy: 94.03%
[2025-03-15 16:31:26] Epoch 18 - Test Accuracy: 92.81%
[2025-03-15 16:32:56] Epoch 19 - Training Loss: 0.2120, Training Accuracy: 92.77%
[2025-03-15 16:33:10] Epoch 19 - Validation Loss: 0.1934, Validation Accuracy: 93.76%
[2025-03-15 16:33:30] Epoch 19 - Test Accuracy: 92.69%
[2025-03-15 16:34:48] Epoch 20 - Training Loss: 0.2092, Training Accuracy: 92.97%
[2025-03-15 16:35:00] Epoch 20 - Validation Loss: 0.1723, Validation Accuracy: 93.87%
[2025-03-15 16:35:19] Epoch 20 - Test Accuracy: 92.32%
[2025-03-15 16:36:45] Epoch 21 - Training Loss: 0.2084, Training Accuracy: 92.87%
[2025-03-15 16:36:58] Epoch 21 - Validation Loss: 0.1748, Validation Accuracy: 94.14%
[2025-03-15 16:37:16] Epoch 21 - Test Accuracy: 92.78%
[2025-03-15 16:38:47] Epoch 22 - Training Loss: 0.1966, Training Accuracy: 93.30%
[2025-03-15 16:39:00] Epoch 22 - Validation Loss: 0.1655, Validation Accuracy: 94.38%
[2025-03-15 16:39:19] Epoch 22 - Test Accuracy: 92.98%
[2025-03-15 16:40:50] Epoch 23 - Training Loss: 0.1957, Training Accuracy: 93.29%
[2025-03-15 16:41:03] Epoch 23 - Validation Loss: 0.1698, Validation Accuracy: 94.06%
[2025-03-15 16:41:21] Epoch 23 - Test Accuracy: 93.54%
[2025-03-15 16:42:55] Epoch 24 - Training Loss: 0.1917, Training Accuracy: 93.33%
[2025-03-15 16:43:10] Epoch 24 - Validation Loss: 0.1810, Validation Accuracy: 94.06%
[2025-03-15 16:43:29] Epoch 24 - Test Accuracy: 92.98%
[2025-03-15 16:44:56] Epoch 25 - Training Loss: 0.1876, Training Accuracy: 93.47%
[2025-03-15 16:45:09] Epoch 25 - Validation Loss: 0.1640, Validation Accuracy: 94.27%
[2025-03-15 16:45:28] Epoch 25 - Test Accuracy: 93.47%
[2025-03-15 16:46:46] Epoch 26 - Training Loss: 0.1837, Training Accuracy: 93.69%
[2025-03-15 16:46:59] Epoch 26 - Validation Loss: 0.1848, Validation Accuracy: 93.41%
[2025-03-15 16:47:18] Epoch 26 - Test Accuracy: 93.20%
[2025-03-15 16:48:55] Epoch 27 - Training Loss: 0.1769, Training Accuracy: 93.77%
[2025-03-15 16:49:08] Epoch 27 - Validation Loss: 0.1605, Validation Accuracy: 94.65%
[2025-03-15 16:49:28] Epoch 27 - Test Accuracy: 94.48%
[2025-03-15 16:50:54] Epoch 28 - Training Loss: 0.1755, Training Accuracy: 93.94%
[2025-03-15 16:51:07] Epoch 28 - Validation Loss: 0.1685, Validation Accuracy: 94.17%
[2025-03-15 16:51:25] Epoch 28 - Test Accuracy: 94.18%
[2025-03-15 16:52:58] Epoch 29 - Training Loss: 0.1700, Training Accuracy: 94.13%
[2025-03-15 16:53:13] Epoch 29 - Validation Loss: 0.1697, Validation Accuracy: 94.36%
[2025-03-15 16:53:32] Epoch 29 - Test Accuracy: 93.72%
[2025-03-15 16:55:02] Epoch 30 - Training Loss: 0.1683, Training Accuracy: 94.10%
[2025-03-15 16:55:18] Epoch 30 - Validation Loss: 0.1658, Validation Accuracy: 94.65%
[2025-03-15 16:55:37] Epoch 30 - Test Accuracy: 93.99%
[2025-03-15 16:56:51] Epoch 31 - Training Loss: 0.1677, Training Accuracy: 94.29%
[2025-03-15 16:57:02] Epoch 31 - Validation Loss: 0.1689, Validation Accuracy: 94.17%
[2025-03-15 16:57:21] Epoch 31 - Test Accuracy: 93.45%
[2025-03-15 16:58:38] Epoch 32 - Training Loss: 0.1366, Training Accuracy: 95.23%
[2025-03-15 16:58:52] Epoch 32 - Validation Loss: 0.1403, Validation Accuracy: 95.03%
[2025-03-15 16:59:10] Epoch 32 - Test Accuracy: 95.07%
[2025-03-15 17:00:38] Epoch 33 - Training Loss: 0.1206, Training Accuracy: 95.82%
[2025-03-15 17:00:51] Epoch 33 - Validation Loss: 0.1431, Validation Accuracy: 94.95%
[2025-03-15 17:01:10] Epoch 33 - Test Accuracy: 95.26%
[2025-03-15 17:02:42] Epoch 34 - Training Loss: 0.1181, Training Accuracy: 95.77%
[2025-03-15 17:02:57] Epoch 34 - Validation Loss: 0.1424, Validation Accuracy: 95.30%
[2025-03-15 17:03:16] Epoch 34 - Test Accuracy: 95.29%
[2025-03-15 17:04:41] Epoch 35 - Training Loss: 0.1135, Training Accuracy: 96.05%
[2025-03-15 17:04:55] Epoch 35 - Validation Loss: 0.1399, Validation Accuracy: 95.41%
[2025-03-15 17:05:14] Epoch 35 - Test Accuracy: 95.51%
[2025-03-15 17:06:45] Epoch 36 - Training Loss: 0.1166, Training Accuracy: 95.97%
[2025-03-15 17:06:59] Epoch 36 - Validation Loss: 0.1416, Validation Accuracy: 95.11%
[2025-03-15 17:07:17] Epoch 36 - Test Accuracy: 95.41%
[2025-03-15 17:08:47] Epoch 37 - Training Loss: 0.1084, Training Accuracy: 96.23%
[2025-03-15 17:09:01] Epoch 37 - Validation Loss: 0.1430, Validation Accuracy: 95.27%
[2025-03-15 17:09:19] Epoch 37 - Test Accuracy: 95.12%
[2025-03-15 17:09:19] Stopping training at epoch 38 due to early stopping
[2025-03-15 17:09:19] Final Training Accuracy: 96.23%
[2025-03-15 17:09:19] Final Test Accuracy: 95.12%
[2025-03-15 17:09:19] Final Validation Accuracy: 95.27%, Model size: 495274
[2025-03-15 17:09:19] Saved model checkpoint to best_model_trial_43.pt
[2025-03-15 17:09:21] Error: DataLoader worker (pid(s) 325284) exited unexpectedly
[2025-03-15 17:11:38] Starting training with hyperparameters: {'d_state': 16, 'd_conv': 5, 'expand': 2, 'batch_size': 18, 'dropout_rate': 0.19659400946902117, 'num_mamba_layers': 4, 'n_mfcc': 22, 'n_fft': 405, 'hop_length': 74, 'n_mels': 46, 'noise_level': 0.13486618238932566, 'shift': 38, 'lr': 0.009235133156012461, 'weight_decay': 2.450161292624517e-06}
[2025-03-15 17:11:42] Starting training with hyperparameters: {'d_state': 19, 'd_conv': 3, 'expand': 4, 'batch_size': 19, 'dropout_rate': 0.1863722121994344, 'num_mamba_layers': 2, 'n_mfcc': 26, 'n_fft': 488, 'hop_length': 575, 'n_mels': 21, 'noise_level': 0.047527875476953654, 'shift': 93, 'lr': 0.0005149813990161995, 'weight_decay': 2.4074262850993082e-06}
[2025-03-15 17:11:51] Starting training with hyperparameters: {'d_state': 26, 'd_conv': 4, 'expand': 2, 'batch_size': 22, 'dropout_rate': 0.04317118978521234, 'num_mamba_layers': 4, 'n_mfcc': 6, 'n_fft': 388, 'hop_length': 447, 'n_mels': 72, 'noise_level': 0.1797378290894244, 'shift': 88, 'lr': 0.0031381030942297422, 'weight_decay': 1.761134010685166e-05}
[2025-03-15 17:12:08] Starting training with hyperparameters: {'d_state': 13, 'd_conv': 4, 'expand': 3, 'batch_size': 11, 'dropout_rate': 0.44366008231858267, 'num_mamba_layers': 3, 'n_mfcc': 7, 'n_fft': 259, 'hop_length': 503, 'n_mels': 25, 'noise_level': 0.16410791783386008, 'shift': 49, 'lr': 0.001788201192339041, 'weight_decay': 4.574435381584373e-06}
[2025-03-15 17:14:10] Starting training with hyperparameters: {'d_state': 25, 'd_conv': 2, 'expand': 4, 'batch_size': 8, 'dropout_rate': 0.4255375088482883, 'num_mamba_layers': 3, 'n_mfcc': 7, 'n_fft': 420, 'hop_length': 311, 'n_mels': 70, 'noise_level': 0.03707094605618171, 'shift': 13, 'lr': 0.0028003346175261724, 'weight_decay': 3.818315475450431e-05}
[2025-03-15 17:15:42] Epoch 0 - Training Loss: 1.5511, Training Accuracy: 44.28%
[2025-03-15 17:16:00] Epoch 0 - Training Loss: 2.3058, Training Accuracy: 10.04%
[2025-03-15 17:16:07] Epoch 0 - Validation Loss: 1.0093, Validation Accuracy: 64.54%
[2025-03-15 17:16:12] Epoch 0 - Training Loss: 1.6681, Training Accuracy: 39.23%
[2025-03-15 17:16:28] Epoch 0 - Validation Loss: 2.3029, Validation Accuracy: 10.72%
[2025-03-15 17:16:36] Epoch 0 - Validation Loss: 1.0985, Validation Accuracy: 60.65%
[2025-03-15 17:17:00] Epoch 0 - Test Accuracy: 61.41%
[2025-03-15 17:17:12] Epoch 0 - Test Accuracy: 59.40%
[2025-03-15 17:17:33] Epoch 0 - Test Accuracy: 10.28%
[2025-03-15 17:20:18] Epoch 1 - Training Loss: 1.0735, Training Accuracy: 62.50%
[2025-03-15 17:20:47] Epoch 1 - Validation Loss: 0.8655, Validation Accuracy: 69.21%
[2025-03-15 17:20:57] Epoch 1 - Training Loss: 2.3033, Training Accuracy: 10.48%
[2025-03-15 17:21:24] Epoch 1 - Validation Loss: 2.3033, Validation Accuracy: 9.45%
[2025-03-15 17:21:30] Epoch 1 - Test Accuracy: 67.35%
[2025-03-15 17:22:00] Epoch 1 - Training Loss: 1.1666, Training Accuracy: 58.48%
[2025-03-15 17:22:13] Epoch 0 - Training Loss: 1.4814, Training Accuracy: 46.87%
[2025-03-15 17:22:31] Epoch 1 - Validation Loss: 0.9228, Validation Accuracy: 67.22%
[2025-03-15 17:22:32] Epoch 1 - Test Accuracy: 10.09%
[2025-03-15 17:23:02] Epoch 0 - Validation Loss: 0.7835, Validation Accuracy: 73.18%
[2025-03-15 17:23:20] Epoch 1 - Test Accuracy: 64.92%
[2025-03-15 17:23:59] Epoch 0 - Test Accuracy: 70.13%
[2025-03-15 17:24:39] Epoch 2 - Training Loss: 0.9276, Training Accuracy: 67.61%
[2025-03-15 17:25:09] Epoch 2 - Validation Loss: 0.7385, Validation Accuracy: 74.51%
[2025-03-15 17:26:05] Epoch 2 - Test Accuracy: 72.36%
[2025-03-15 17:26:21] Epoch 2 - Training Loss: 2.3033, Training Accuracy: 9.91%
[2025-03-15 17:26:47] Epoch 2 - Validation Loss: 2.3029, Validation Accuracy: 10.72%
[2025-03-15 17:27:32] Epoch 2 - Test Accuracy: 10.28%
[2025-03-15 17:27:54] Epoch 2 - Training Loss: 1.0093, Training Accuracy: 64.52%
[2025-03-15 17:28:30] Epoch 2 - Validation Loss: 0.7454, Validation Accuracy: 75.32%
[2025-03-15 17:29:00] Epoch 3 - Training Loss: 0.8450, Training Accuracy: 70.39%
[2025-03-15 17:29:10] Epoch 2 - Test Accuracy: 74.52%
[2025-03-15 17:29:39] Epoch 3 - Validation Loss: 0.7472, Validation Accuracy: 74.16%
[2025-03-15 17:30:23] Epoch 3 - Test Accuracy: 72.09%
[2025-03-15 17:30:56] Epoch 1 - Training Loss: 0.8883, Training Accuracy: 69.11%
[2025-03-15 17:31:09] Epoch 3 - Training Loss: 2.3052, Training Accuracy: 10.13%
[2025-03-15 17:31:48] Epoch 3 - Validation Loss: 2.3026, Validation Accuracy: 10.05%
[2025-03-15 17:31:49] Epoch 1 - Validation Loss: 0.6622, Validation Accuracy: 77.50%
[2025-03-15 17:32:29] Epoch 1 - Test Accuracy: 74.99%
[2025-03-15 17:32:45] Epoch 3 - Test Accuracy: 9.87%
[2025-03-15 17:33:14] Epoch 3 - Training Loss: 0.9174, Training Accuracy: 68.03%
[2025-03-15 17:33:43] Epoch 3 - Validation Loss: 0.6623, Validation Accuracy: 76.56%
[2025-03-15 17:34:17] Epoch 4 - Training Loss: 0.7758, Training Accuracy: 73.23%
[2025-03-15 17:34:28] Epoch 3 - Test Accuracy: 75.04%
[2025-03-15 17:34:44] Epoch 4 - Validation Loss: 0.6231, Validation Accuracy: 79.10%
[2025-03-15 17:35:34] Epoch 4 - Test Accuracy: 75.50%
[2025-03-15 17:36:30] Epoch 4 - Training Loss: 2.3033, Training Accuracy: 10.04%
[2025-03-15 17:37:04] Epoch 4 - Validation Loss: 2.3024, Validation Accuracy: 10.72%
[2025-03-15 17:38:03] Epoch 4 - Test Accuracy: 10.28%
[2025-03-15 17:39:04] Epoch 4 - Training Loss: 0.8607, Training Accuracy: 70.22%
[2025-03-15 17:39:13] Epoch 5 - Training Loss: 0.7277, Training Accuracy: 75.05%
[2025-03-15 17:39:28] Epoch 2 - Training Loss: 0.8684, Training Accuracy: 69.94%
[2025-03-15 17:39:43] Epoch 4 - Validation Loss: 0.6448, Validation Accuracy: 76.40%
[2025-03-15 17:39:45] Epoch 5 - Validation Loss: 0.6281, Validation Accuracy: 77.80%
[2025-03-15 17:40:11] Epoch 2 - Validation Loss: 0.6838, Validation Accuracy: 76.67%
[2025-03-15 17:40:19] Epoch 4 - Test Accuracy: 74.57%
[2025-03-15 17:40:32] Epoch 5 - Test Accuracy: 75.11%
[2025-03-15 17:40:59] Epoch 2 - Test Accuracy: 74.42%
[2025-03-15 17:42:03] Epoch 5 - Training Loss: 2.3037, Training Accuracy: 9.86%
[2025-03-15 17:42:42] Epoch 5 - Validation Loss: 2.3025, Validation Accuracy: 10.72%
[2025-03-15 17:43:35] Epoch 5 - Test Accuracy: 10.28%
[2025-03-15 17:43:35] Stopping training at epoch 6 due to early stopping
[2025-03-15 17:43:35] Final Training Accuracy: 9.86%
[2025-03-15 17:43:35] Final Test Accuracy: 10.28%
[2025-03-15 17:43:35] Final Validation Accuracy: 10.72%, Model size: 1304958
[2025-03-15 17:43:35] Saved model checkpoint to best_model_trial_46.pt
[2025-03-15 17:43:45] Epoch 6 - Training Loss: 0.6927, Training Accuracy: 75.95%
[2025-03-15 17:44:03] Epoch 6 - Validation Loss: 0.5596, Validation Accuracy: 81.58%
[2025-03-15 17:44:26] Epoch 5 - Training Loss: 0.8126, Training Accuracy: 72.10%
[2025-03-15 17:44:41] Epoch 6 - Test Accuracy: 78.77%
[2025-03-15 17:44:51] Epoch 5 - Validation Loss: 0.6182, Validation Accuracy: 78.26%
[2025-03-15 17:45:24] Starting training with hyperparameters: {'d_state': 13, 'd_conv': 4, 'expand': 3, 'batch_size': 27, 'dropout_rate': 0.029718285560689894, 'num_mamba_layers': 3, 'n_mfcc': 15, 'n_fft': 482, 'hop_length': 286, 'n_mels': 47, 'noise_level': 0.009847469299765987, 'shift': 78, 'lr': 0.0027543850580758673, 'weight_decay': 1.8350115635020291e-06}
[2025-03-15 17:45:26] Epoch 5 - Test Accuracy: 77.03%
[2025-03-15 17:47:08] Epoch 3 - Training Loss: 0.7542, Training Accuracy: 74.18%
[2025-03-15 17:47:38] Epoch 7 - Training Loss: 0.6634, Training Accuracy: 76.85%
[2025-03-15 17:47:46] Epoch 3 - Validation Loss: 0.6243, Validation Accuracy: 78.45%
[2025-03-15 17:47:55] Epoch 7 - Validation Loss: 0.5121, Validation Accuracy: 82.99%
[2025-03-15 17:48:17] Epoch 3 - Test Accuracy: 77.49%
[2025-03-15 17:48:34] Epoch 7 - Test Accuracy: 80.63%
[2025-03-15 17:49:13] Epoch 0 - Training Loss: 1.0123, Training Accuracy: 64.51%
[2025-03-15 17:49:37] Epoch 6 - Training Loss: 0.8050, Training Accuracy: 72.11%
[2025-03-15 17:49:45] Epoch 0 - Validation Loss: 0.6626, Validation Accuracy: 77.40%
[2025-03-15 17:50:06] Epoch 6 - Validation Loss: 0.6335, Validation Accuracy: 78.07%
[2025-03-15 17:50:42] Epoch 6 - Test Accuracy: 78.11%
[2025-03-15 17:50:43] Epoch 0 - Test Accuracy: 74.79%
[2025-03-15 17:51:29] Epoch 8 - Training Loss: 0.6317, Training Accuracy: 77.92%
[2025-03-15 17:51:54] Epoch 8 - Validation Loss: 0.5241, Validation Accuracy: 82.18%
[2025-03-15 17:52:38] Epoch 8 - Test Accuracy: 79.55%
[2025-03-15 17:54:20] Epoch 1 - Training Loss: 0.6217, Training Accuracy: 78.55%
[2025-03-15 17:54:53] Epoch 1 - Validation Loss: 0.5545, Validation Accuracy: 80.61%
[2025-03-15 17:54:58] Epoch 4 - Training Loss: 0.6771, Training Accuracy: 76.90%
[2025-03-15 17:55:33] Epoch 7 - Training Loss: 0.7738, Training Accuracy: 73.50%
[2025-03-15 17:55:39] Epoch 4 - Validation Loss: 0.5126, Validation Accuracy: 82.04%
[2025-03-15 17:55:43] Epoch 9 - Training Loss: 0.6111, Training Accuracy: 78.62%
[2025-03-15 17:55:52] Epoch 1 - Test Accuracy: 78.82%
[2025-03-15 17:56:02] Epoch 7 - Validation Loss: 0.5697, Validation Accuracy: 80.31%
[2025-03-15 17:56:05] Epoch 9 - Validation Loss: 0.4739, Validation Accuracy: 84.04%
[2025-03-15 17:56:17] Epoch 4 - Test Accuracy: 81.76%
[2025-03-15 17:56:39] Epoch 7 - Test Accuracy: 78.89%
[2025-03-15 17:56:48] Epoch 9 - Test Accuracy: 80.81%
[2025-03-15 17:59:20] Epoch 2 - Training Loss: 0.5255, Training Accuracy: 82.04%
[2025-03-15 17:59:45] Epoch 10 - Training Loss: 0.6135, Training Accuracy: 78.60%
[2025-03-15 17:59:46] Epoch 2 - Validation Loss: 0.4642, Validation Accuracy: 83.61%
[2025-03-15 18:00:05] Epoch 10 - Validation Loss: 0.5078, Validation Accuracy: 82.20%
[2025-03-15 18:00:36] Epoch 2 - Test Accuracy: 82.72%
[2025-03-15 18:00:45] Epoch 10 - Test Accuracy: 80.90%
[2025-03-15 18:01:08] Epoch 8 - Training Loss: 0.7394, Training Accuracy: 74.53%
[2025-03-15 18:01:39] Epoch 8 - Validation Loss: 0.5626, Validation Accuracy: 80.48%
[2025-03-15 18:02:19] Epoch 8 - Test Accuracy: 79.19%
[2025-03-15 18:03:00] Epoch 5 - Training Loss: 0.6473, Training Accuracy: 77.71%
[2025-03-15 18:03:42] Epoch 5 - Validation Loss: 0.4791, Validation Accuracy: 83.09%
[2025-03-15 18:03:44] Epoch 11 - Training Loss: 0.5951, Training Accuracy: 79.00%
[2025-03-15 18:04:01] Epoch 11 - Validation Loss: 0.4643, Validation Accuracy: 84.34%
[2025-03-15 18:04:06] Epoch 3 - Training Loss: 0.4767, Training Accuracy: 83.94%
[2025-03-15 18:04:19] Epoch 5 - Test Accuracy: 81.98%
[2025-03-15 18:04:29] Epoch 3 - Validation Loss: 0.4158, Validation Accuracy: 86.23%
[2025-03-15 18:04:35] Epoch 11 - Test Accuracy: 81.44%
[2025-03-15 18:05:22] Epoch 3 - Test Accuracy: 84.66%
[2025-03-15 18:06:48] Epoch 9 - Training Loss: 0.7424, Training Accuracy: 74.30%
[2025-03-15 18:07:23] Epoch 9 - Validation Loss: 0.5517, Validation Accuracy: 80.53%
[2025-03-15 18:07:39] Epoch 12 - Training Loss: 0.5650, Training Accuracy: 80.04%
[2025-03-15 18:08:03] Epoch 9 - Test Accuracy: 80.24%
[2025-03-15 18:08:04] Epoch 12 - Validation Loss: 0.4771, Validation Accuracy: 83.47%
[2025-03-15 18:08:51] Epoch 12 - Test Accuracy: 82.16%
[2025-03-15 18:09:06] Epoch 4 - Training Loss: 0.4308, Training Accuracy: 85.48%
[2025-03-15 18:09:34] Epoch 4 - Validation Loss: 0.4113, Validation Accuracy: 86.42%
[2025-03-15 18:10:29] Epoch 4 - Test Accuracy: 84.19%
[2025-03-15 18:10:31] Epoch 6 - Training Loss: 0.5996, Training Accuracy: 79.36%
[2025-03-15 18:11:17] Epoch 6 - Validation Loss: 0.4875, Validation Accuracy: 84.07%
[2025-03-15 18:11:24] Epoch 13 - Training Loss: 0.5536, Training Accuracy: 80.49%
[2025-03-15 18:11:43] Epoch 13 - Validation Loss: 0.4511, Validation Accuracy: 84.07%
[2025-03-15 18:11:55] Epoch 6 - Test Accuracy: 82.60%
[2025-03-15 18:12:16] Epoch 10 - Training Loss: 0.7166, Training Accuracy: 75.82%
[2025-03-15 18:12:24] Epoch 13 - Test Accuracy: 83.60%
[2025-03-15 18:12:50] Epoch 10 - Validation Loss: 0.5050, Validation Accuracy: 82.64%
[2025-03-15 18:13:30] Epoch 10 - Test Accuracy: 79.77%
[2025-03-15 18:13:46] Epoch 5 - Training Loss: 0.3897, Training Accuracy: 86.80%
[2025-03-15 18:14:16] Epoch 5 - Validation Loss: 0.3860, Validation Accuracy: 87.36%
[2025-03-15 18:15:13] Epoch 5 - Test Accuracy: 85.30%
[2025-03-15 18:15:15] Epoch 14 - Training Loss: 0.5442, Training Accuracy: 80.87%
[2025-03-15 18:15:40] Epoch 14 - Validation Loss: 0.4343, Validation Accuracy: 85.17%
[2025-03-15 18:16:24] Epoch 14 - Test Accuracy: 83.09%
[2025-03-15 18:18:13] Epoch 11 - Training Loss: 0.6903, Training Accuracy: 76.59%
[2025-03-15 18:18:31] Epoch 7 - Training Loss: 0.6422, Training Accuracy: 77.86%
[2025-03-15 18:18:40] Epoch 11 - Validation Loss: 0.5028, Validation Accuracy: 82.74%
[2025-03-15 18:18:50] Epoch 6 - Training Loss: 0.3966, Training Accuracy: 86.61%
[2025-03-15 18:19:13] Epoch 7 - Validation Loss: 0.6785, Validation Accuracy: 78.10%
[2025-03-15 18:19:15] Epoch 11 - Test Accuracy: 80.76%
[2025-03-15 18:19:16] Epoch 6 - Validation Loss: 0.3651, Validation Accuracy: 88.17%
[2025-03-15 18:19:28] Epoch 15 - Training Loss: 0.5265, Training Accuracy: 81.47%
[2025-03-15 18:19:45] Epoch 15 - Validation Loss: 0.4366, Validation Accuracy: 84.53%
[2025-03-15 18:19:49] Epoch 7 - Test Accuracy: 77.12%
[2025-03-15 18:20:02] Epoch 6 - Test Accuracy: 86.67%
[2025-03-15 18:20:24] Epoch 15 - Test Accuracy: 83.01%
[2025-03-15 18:23:12] Epoch 12 - Training Loss: 0.6944, Training Accuracy: 76.37%
[2025-03-15 18:23:12] Epoch 16 - Training Loss: 0.5190, Training Accuracy: 82.10%
[2025-03-15 18:23:37] Epoch 16 - Validation Loss: 0.4101, Validation Accuracy: 85.82%
[2025-03-15 18:23:39] Epoch 12 - Validation Loss: 0.5090, Validation Accuracy: 81.99%
[2025-03-15 18:23:44] Epoch 7 - Training Loss: 0.3427, Training Accuracy: 88.40%
[2025-03-15 18:24:15] Epoch 12 - Test Accuracy: 80.27%
[2025-03-15 18:24:15] Epoch 7 - Validation Loss: 0.3270, Validation Accuracy: 88.66%
[2025-03-15 18:24:21] Epoch 16 - Test Accuracy: 83.46%
[2025-03-15 18:25:19] Epoch 7 - Test Accuracy: 88.00%
[2025-03-15 18:25:47] Epoch 8 - Training Loss: 0.7837, Training Accuracy: 72.76%
[2025-03-15 18:26:28] Epoch 8 - Validation Loss: 0.6513, Validation Accuracy: 78.61%
[2025-03-15 18:27:17] Epoch 17 - Training Loss: 0.5083, Training Accuracy: 82.12%
[2025-03-15 18:27:23] Epoch 8 - Test Accuracy: 75.26%
[2025-03-15 18:27:43] Epoch 17 - Validation Loss: 0.4162, Validation Accuracy: 85.47%
[2025-03-15 18:27:55] Epoch 13 - Training Loss: 0.6784, Training Accuracy: 76.76%
[2025-03-15 18:28:20] Epoch 13 - Validation Loss: 0.5165, Validation Accuracy: 81.50%
[2025-03-15 18:28:30] Epoch 17 - Test Accuracy: 84.07%
[2025-03-15 18:28:58] Epoch 13 - Test Accuracy: 79.63%
[2025-03-15 18:29:05] Epoch 8 - Training Loss: 0.3222, Training Accuracy: 89.03%
[2025-03-15 18:29:42] Epoch 8 - Validation Loss: 0.3214, Validation Accuracy: 88.68%
[2025-03-15 18:30:46] Epoch 8 - Test Accuracy: 88.00%
[2025-03-15 18:31:07] Epoch 18 - Training Loss: 0.4986, Training Accuracy: 82.54%
[2025-03-15 18:31:28] Epoch 18 - Validation Loss: 0.4023, Validation Accuracy: 86.12%
[2025-03-15 18:32:10] Epoch 18 - Test Accuracy: 83.97%
[2025-03-15 18:32:59] Epoch 9 - Training Loss: 0.7565, Training Accuracy: 73.64%
[2025-03-15 18:33:11] Epoch 14 - Training Loss: 0.6648, Training Accuracy: 77.35%
[2025-03-15 18:33:37] Epoch 14 - Validation Loss: 0.4971, Validation Accuracy: 82.53%
[2025-03-15 18:33:38] Epoch 9 - Validation Loss: 0.5244, Validation Accuracy: 82.55%
[2025-03-15 18:34:07] Epoch 14 - Test Accuracy: 80.02%
[2025-03-15 18:34:34] Epoch 9 - Test Accuracy: 81.17%
[2025-03-15 18:34:47] Epoch 9 - Training Loss: 0.3131, Training Accuracy: 89.47%
[2025-03-15 18:35:14] Epoch 19 - Training Loss: 0.5118, Training Accuracy: 82.05%
[2025-03-15 18:35:15] Epoch 9 - Validation Loss: 0.3013, Validation Accuracy: 90.33%
[2025-03-15 18:35:38] Epoch 19 - Validation Loss: 0.4301, Validation Accuracy: 85.04%
[2025-03-15 18:36:05] Epoch 9 - Test Accuracy: 88.93%
[2025-03-15 18:36:22] Epoch 19 - Test Accuracy: 82.72%
[2025-03-15 18:38:08] Epoch 15 - Training Loss: 0.6771, Training Accuracy: 77.00%
[2025-03-15 18:38:37] Epoch 15 - Validation Loss: 0.4942, Validation Accuracy: 82.61%
[2025-03-15 18:39:19] Epoch 15 - Test Accuracy: 81.20%
[2025-03-15 18:39:27] Epoch 20 - Training Loss: 0.4968, Training Accuracy: 82.32%
[2025-03-15 18:39:50] Epoch 20 - Validation Loss: 0.3909, Validation Accuracy: 86.12%
[2025-03-15 18:40:01] Epoch 10 - Training Loss: 0.2893, Training Accuracy: 90.22%
[2025-03-15 18:40:25] Epoch 10 - Validation Loss: 0.2738, Validation Accuracy: 91.03%
[2025-03-15 18:40:29] Epoch 20 - Test Accuracy: 83.85%
[2025-03-15 18:40:51] Epoch 10 - Training Loss: 0.6003, Training Accuracy: 79.06%
[2025-03-15 18:41:25] Epoch 10 - Validation Loss: 0.4511, Validation Accuracy: 84.88%
[2025-03-15 18:41:26] Epoch 10 - Test Accuracy: 88.81%
[2025-03-15 18:42:11] Epoch 10 - Test Accuracy: 83.51%
[2025-03-15 18:42:55] Epoch 21 - Training Loss: 0.4785, Training Accuracy: 83.09%
[2025-03-15 18:43:19] Epoch 21 - Validation Loss: 0.3634, Validation Accuracy: 86.61%
[2025-03-15 18:43:41] Epoch 16 - Training Loss: 0.6386, Training Accuracy: 78.20%
[2025-03-15 18:44:08] Epoch 16 - Validation Loss: 0.4702, Validation Accuracy: 83.47%
[2025-03-15 18:44:10] Epoch 21 - Test Accuracy: 85.13%
[2025-03-15 18:44:48] Epoch 11 - Training Loss: 0.2770, Training Accuracy: 90.65%
[2025-03-15 18:45:00] Epoch 16 - Test Accuracy: 81.25%
[2025-03-15 18:45:23] Epoch 11 - Validation Loss: 0.2732, Validation Accuracy: 90.41%
[2025-03-15 18:46:26] Epoch 11 - Test Accuracy: 89.10%
[2025-03-15 18:46:58] Epoch 22 - Training Loss: 0.4750, Training Accuracy: 82.95%
[2025-03-15 18:47:22] Epoch 22 - Validation Loss: 0.3709, Validation Accuracy: 86.93%
[2025-03-15 18:48:06] Epoch 22 - Test Accuracy: 85.52%
[2025-03-15 18:48:56] Epoch 11 - Training Loss: 0.5671, Training Accuracy: 80.49%
[2025-03-15 18:49:39] Epoch 17 - Training Loss: 0.6196, Training Accuracy: 79.05%
[2025-03-15 18:49:40] Epoch 11 - Validation Loss: 0.4481, Validation Accuracy: 84.77%
[2025-03-15 18:49:52] Epoch 12 - Training Loss: 0.2586, Training Accuracy: 91.34%
[2025-03-15 18:50:11] Epoch 17 - Validation Loss: 0.4634, Validation Accuracy: 84.07%
[2025-03-15 18:50:20] Epoch 12 - Validation Loss: 0.2595, Validation Accuracy: 91.63%
[2025-03-15 18:50:27] Epoch 11 - Test Accuracy: 83.73%
[2025-03-15 18:50:47] Epoch 17 - Test Accuracy: 81.44%
[2025-03-15 18:50:57] Epoch 23 - Training Loss: 0.4719, Training Accuracy: 83.37%
[2025-03-15 18:51:19] Epoch 23 - Validation Loss: 0.3868, Validation Accuracy: 86.17%
[2025-03-15 18:51:22] Epoch 12 - Test Accuracy: 89.52%
[2025-03-15 18:52:01] Epoch 23 - Test Accuracy: 84.29%
[2025-03-15 18:55:09] Epoch 13 - Training Loss: 0.2454, Training Accuracy: 91.73%
[2025-03-15 18:55:11] Epoch 24 - Training Loss: 0.4740, Training Accuracy: 83.29%
[2025-03-15 18:55:36] Epoch 24 - Validation Loss: 0.3957, Validation Accuracy: 85.96%
[2025-03-15 18:55:37] Epoch 18 - Training Loss: 0.6561, Training Accuracy: 77.86%
[2025-03-15 18:55:41] Epoch 13 - Validation Loss: 0.2606, Validation Accuracy: 91.25%
[2025-03-16 06:00:41] Starting training with hyperparameters: {'d_state': 27, 'd_conv': 2, 'expand': 4, 'batch_size': 14, 'dropout_rate': 0.039969115420381895, 'num_mamba_layers': 2, 'n_mfcc': 21, 'n_fft': 312, 'hop_length': 597, 'n_mels': 58, 'noise_level': 0.09128951165434845, 'shift': 5, 'lr': 0.001222775974809439, 'weight_decay': 1.4340921187921225e-06}
[2025-03-16 06:00:44] Starting training with hyperparameters: {'d_state': 9, 'd_conv': 2, 'expand': 2, 'batch_size': 25, 'dropout_rate': 0.2158607991633154, 'num_mamba_layers': 1, 'n_mfcc': 10, 'n_fft': 472, 'hop_length': 304, 'n_mels': 25, 'noise_level': 0.10811738923494368, 'shift': 69, 'lr': 0.00019221762008181576, 'weight_decay': 3.200180461464939e-05}
[2025-03-16 06:00:46] Starting training with hyperparameters: {'d_state': 11, 'd_conv': 4, 'expand': 2, 'batch_size': 19, 'dropout_rate': 0.022872935514336445, 'num_mamba_layers': 2, 'n_mfcc': 10, 'n_fft': 233, 'hop_length': 503, 'n_mels': 75, 'noise_level': 0.014032963230018637, 'shift': 80, 'lr': 0.002314688379848821, 'weight_decay': 2.0361624437471786e-05}
[2025-03-16 06:00:54] Starting training with hyperparameters: {'d_state': 13, 'd_conv': 8, 'expand': 3, 'batch_size': 15, 'dropout_rate': 0.11742924833284085, 'num_mamba_layers': 4, 'n_mfcc': 18, 'n_fft': 479, 'hop_length': 432, 'n_mels': 51, 'noise_level': 0.024347913380588393, 'shift': 81, 'lr': 0.0006238940807952869, 'weight_decay': 1.5309647935548205e-06}
[2025-03-16 06:02:50] Epoch 0 - Training Loss: 1.2009, Training Accuracy: 57.42%
[2025-03-16 06:02:50] Epoch 0 - Training Loss: 2.1019, Training Accuracy: 23.72%
[2025-03-16 06:03:03] Epoch 0 - Training Loss: 1.1943, Training Accuracy: 57.46%
[2025-03-16 06:03:05] Epoch 0 - Validation Loss: 1.6592, Validation Accuracy: 42.34%
[2025-03-16 06:03:05] Epoch 0 - Validation Loss: 0.8760, Validation Accuracy: 69.81%
[2025-03-16 06:03:14] Epoch 0 - Validation Loss: 0.7094, Validation Accuracy: 75.26%
[2025-03-16 06:03:22] Epoch 0 - Test Accuracy: 41.04%
[2025-03-16 06:03:29] Epoch 0 - Test Accuracy: 72.51%
[2025-03-16 06:03:30] Epoch 0 - Test Accuracy: 68.53%
[2025-03-16 06:03:40] Epoch 0 - Training Loss: 1.3200, Training Accuracy: 52.73%
[2025-03-16 06:03:57] Epoch 0 - Validation Loss: 0.8520, Validation Accuracy: 69.08%
[2025-03-16 06:04:31] Epoch 0 - Test Accuracy: 67.50%
[2025-03-16 06:05:01] Epoch 1 - Training Loss: 1.4742, Training Accuracy: 48.27%
[2025-03-16 06:05:16] Epoch 1 - Validation Loss: 1.0794, Validation Accuracy: 63.38%
[2025-03-16 06:05:29] Epoch 1 - Training Loss: 0.7568, Training Accuracy: 74.00%
[2025-03-16 06:05:43] Epoch 1 - Validation Loss: 0.7186, Validation Accuracy: 74.83%
[2025-03-16 06:05:45] Epoch 1 - Test Accuracy: 62.40%
[2025-03-16 06:05:55] Epoch 1 - Training Loss: 0.7034, Training Accuracy: 76.13%
[2025-03-16 06:06:08] Epoch 1 - Validation Loss: 0.5558, Validation Accuracy: 81.83%
[2025-03-16 06:06:12] Epoch 1 - Test Accuracy: 73.22%
[2025-03-16 06:06:38] Epoch 1 - Test Accuracy: 78.77%
[2025-03-16 06:07:10] Epoch 2 - Training Loss: 1.1194, Training Accuracy: 60.66%
[2025-03-16 06:07:14] Epoch 1 - Training Loss: 0.7782, Training Accuracy: 72.91%
[2025-03-16 06:07:20] Epoch 2 - Validation Loss: 0.8512, Validation Accuracy: 71.00%
[2025-03-16 06:07:30] Epoch 1 - Validation Loss: 0.6522, Validation Accuracy: 77.88%
[2025-03-16 06:07:47] Epoch 2 - Test Accuracy: 69.64%
[2025-03-16 06:07:57] Epoch 1 - Test Accuracy: 75.33%
[2025-03-16 06:08:18] Epoch 2 - Training Loss: 0.6598, Training Accuracy: 77.61%
[2025-03-16 06:08:34] Epoch 2 - Validation Loss: 0.6321, Validation Accuracy: 78.26%
[2025-03-16 06:08:42] Epoch 2 - Training Loss: 0.5985, Training Accuracy: 79.88%
[2025-03-16 06:08:54] Epoch 2 - Validation Loss: 0.4929, Validation Accuracy: 83.31%
[2025-03-16 06:09:02] Epoch 2 - Test Accuracy: 76.12%
[2025-03-16 06:09:19] Epoch 3 - Training Loss: 0.9466, Training Accuracy: 67.09%
[2025-03-16 06:09:27] Epoch 2 - Test Accuracy: 81.35%
[2025-03-16 06:09:34] Epoch 3 - Validation Loss: 0.7414, Validation Accuracy: 74.91%
[2025-03-16 06:10:05] Epoch 3 - Test Accuracy: 73.00%
[2025-03-16 06:10:27] Epoch 2 - Training Loss: 0.6357, Training Accuracy: 78.00%
[2025-03-16 06:10:45] Epoch 2 - Validation Loss: 0.5637, Validation Accuracy: 80.64%
[2025-03-16 06:10:58] Epoch 3 - Training Loss: 0.6126, Training Accuracy: 79.21%
[2025-03-16 06:11:12] Epoch 3 - Validation Loss: 0.5973, Validation Accuracy: 79.48%
[2025-03-16 06:11:18] Epoch 2 - Test Accuracy: 77.54%
[2025-03-16 06:11:38] Epoch 4 - Training Loss: 0.8500, Training Accuracy: 70.30%
[2025-03-16 06:11:39] Epoch 3 - Training Loss: 0.5499, Training Accuracy: 81.24%
[2025-03-16 06:11:44] Epoch 3 - Test Accuracy: 78.60%
[2025-03-16 06:11:54] Epoch 4 - Validation Loss: 0.6596, Validation Accuracy: 78.29%
[2025-03-16 06:11:55] Epoch 3 - Validation Loss: 0.4636, Validation Accuracy: 84.09%
[2025-03-16 06:12:25] Epoch 3 - Test Accuracy: 81.98%
[2025-03-16 06:12:30] Epoch 4 - Test Accuracy: 76.66%
[2025-03-16 06:13:44] Epoch 4 - Training Loss: 0.5743, Training Accuracy: 80.40%
[2025-03-16 06:13:56] Epoch 3 - Training Loss: 0.5663, Training Accuracy: 80.57%
[2025-03-16 06:13:56] Epoch 4 - Validation Loss: 0.5235, Validation Accuracy: 81.80%
[2025-03-16 06:14:10] Epoch 3 - Validation Loss: 0.4683, Validation Accuracy: 84.20%
[2025-03-16 06:14:12] Epoch 5 - Training Loss: 0.7962, Training Accuracy: 72.59%
[2025-03-16 06:14:21] Epoch 4 - Test Accuracy: 79.46%
[2025-03-16 06:14:21] Epoch 5 - Validation Loss: 0.6151, Validation Accuracy: 79.37%
[2025-03-16 06:14:41] Epoch 3 - Test Accuracy: 80.93%
[2025-03-16 06:14:46] Epoch 4 - Training Loss: 0.5189, Training Accuracy: 82.20%
[2025-03-16 06:14:49] Epoch 5 - Test Accuracy: 77.25%
[2025-03-16 06:15:03] Epoch 4 - Validation Loss: 0.4463, Validation Accuracy: 85.42%
[2025-03-16 06:15:37] Epoch 4 - Test Accuracy: 82.33%
[2025-03-16 06:16:15] Epoch 5 - Training Loss: 0.5502, Training Accuracy: 81.13%
[2025-03-16 06:16:31] Epoch 5 - Validation Loss: 0.5604, Validation Accuracy: 81.20%
[2025-03-16 06:16:33] Epoch 6 - Training Loss: 0.7465, Training Accuracy: 74.61%
[2025-03-16 06:16:40] Epoch 6 - Validation Loss: 0.5866, Validation Accuracy: 80.72%
[2025-03-16 06:17:04] Epoch 6 - Test Accuracy: 78.57%
[2025-03-16 06:17:04] Epoch 5 - Test Accuracy: 79.28%
[2025-03-16 06:17:11] Epoch 4 - Training Loss: 0.5188, Training Accuracy: 82.05%
[2025-03-16 06:17:31] Epoch 4 - Validation Loss: 0.4980, Validation Accuracy: 83.18%
[2025-03-16 06:17:49] Epoch 5 - Training Loss: 0.4931, Training Accuracy: 83.13%
[2025-03-16 06:18:06] Epoch 5 - Validation Loss: 0.4410, Validation Accuracy: 85.07%
[2025-03-16 06:18:07] Epoch 4 - Test Accuracy: 80.95%
[2025-03-16 06:18:45] Epoch 5 - Test Accuracy: 83.21%
[2025-03-16 06:19:08] Epoch 7 - Training Loss: 0.7097, Training Accuracy: 75.81%
[2025-03-16 06:19:24] Epoch 6 - Training Loss: 0.5316, Training Accuracy: 81.74%
[2025-03-16 06:19:24] Epoch 7 - Validation Loss: 0.5603, Validation Accuracy: 81.42%
[2025-03-16 06:19:37] Epoch 6 - Validation Loss: 0.5035, Validation Accuracy: 83.36%
[2025-03-16 06:19:43] Epoch 7 - Test Accuracy: 79.31%
[2025-03-16 06:20:09] Epoch 6 - Test Accuracy: 80.34%
[2025-03-16 06:21:00] Epoch 5 - Training Loss: 0.4822, Training Accuracy: 83.59%
[2025-03-16 06:21:05] Epoch 6 - Training Loss: 0.4808, Training Accuracy: 83.50%
[2025-03-16 06:21:19] Epoch 5 - Validation Loss: 0.4504, Validation Accuracy: 84.72%
[2025-03-16 06:21:19] Epoch 6 - Validation Loss: 0.4409, Validation Accuracy: 85.01%
[2025-03-16 06:21:28] Epoch 8 - Training Loss: 0.6852, Training Accuracy: 76.28%
[2025-03-16 06:21:42] Epoch 8 - Validation Loss: 0.5422, Validation Accuracy: 82.28%
[2025-03-16 06:21:47] Epoch 6 - Test Accuracy: 82.55%
[2025-03-16 06:21:59] Epoch 5 - Test Accuracy: 82.13%
[2025-03-16 06:22:16] Epoch 8 - Test Accuracy: 79.97%
[2025-03-16 06:22:21] Epoch 7 - Training Loss: 0.5059, Training Accuracy: 82.51%
[2025-03-16 06:22:36] Epoch 7 - Validation Loss: 0.4853, Validation Accuracy: 83.12%
[2025-03-16 06:23:05] Epoch 7 - Test Accuracy: 81.00%
[2025-03-16 06:23:52] Epoch 9 - Training Loss: 0.6618, Training Accuracy: 77.41%
[2025-03-16 06:23:58] Epoch 7 - Training Loss: 0.4626, Training Accuracy: 83.96%
[2025-03-16 06:24:08] Epoch 9 - Validation Loss: 0.5259, Validation Accuracy: 82.58%
[2025-03-16 06:24:13] Epoch 7 - Validation Loss: 0.3994, Validation Accuracy: 86.50%
[2025-03-16 06:24:32] Epoch 6 - Training Loss: 0.4590, Training Accuracy: 84.46%
[2025-03-16 06:24:40] Epoch 9 - Test Accuracy: 80.07%
[2025-03-16 06:24:49] Epoch 7 - Test Accuracy: 84.34%
[2025-03-16 06:24:50] Epoch 6 - Validation Loss: 0.4140, Validation Accuracy: 86.01%
[2025-03-16 06:25:05] Epoch 8 - Training Loss: 0.4966, Training Accuracy: 83.03%
[2025-03-16 06:25:17] Epoch 8 - Validation Loss: 0.4747, Validation Accuracy: 84.01%
[2025-03-16 06:25:23] Epoch 6 - Test Accuracy: 83.55%
[2025-03-16 06:25:42] Epoch 8 - Test Accuracy: 81.22%
[2025-03-16 06:26:12] Epoch 10 - Training Loss: 0.6427, Training Accuracy: 78.07%
[2025-03-16 06:26:29] Epoch 10 - Validation Loss: 0.5068, Validation Accuracy: 82.61%
[2025-03-16 06:26:59] Epoch 10 - Test Accuracy: 81.35%
[2025-03-16 06:27:09] Epoch 8 - Training Loss: 0.4457, Training Accuracy: 84.69%
[2025-03-16 06:27:26] Epoch 8 - Validation Loss: 0.3989, Validation Accuracy: 86.79%
[2025-03-16 06:27:50] Epoch 9 - Training Loss: 0.4824, Training Accuracy: 83.49%
[2025-03-16 06:28:00] Epoch 8 - Test Accuracy: 84.98%
[2025-03-16 06:28:05] Epoch 9 - Validation Loss: 0.4276, Validation Accuracy: 85.28%
[2025-03-16 06:28:06] Epoch 7 - Training Loss: 0.4328, Training Accuracy: 85.18%
[2025-03-16 06:28:19] Epoch 7 - Validation Loss: 0.3974, Validation Accuracy: 86.58%
[2025-03-16 06:28:26] Epoch 9 - Test Accuracy: 82.94%
[2025-03-16 06:28:32] Epoch 11 - Training Loss: 0.6288, Training Accuracy: 78.65%
[2025-03-16 06:28:45] Epoch 11 - Validation Loss: 0.4936, Validation Accuracy: 83.18%
[2025-03-16 06:28:56] Epoch 7 - Test Accuracy: 84.29%
[2025-03-16 06:29:19] Epoch 11 - Test Accuracy: 81.86%
[2025-03-16 06:30:21] Epoch 9 - Training Loss: 0.4330, Training Accuracy: 85.18%
[2025-03-16 06:30:30] Epoch 10 - Training Loss: 0.4632, Training Accuracy: 83.93%
[2025-03-16 06:30:38] Epoch 9 - Validation Loss: 0.4054, Validation Accuracy: 86.58%
[2025-03-16 06:30:44] Epoch 10 - Validation Loss: 0.4508, Validation Accuracy: 84.28%
[2025-03-16 06:31:05] Epoch 9 - Test Accuracy: 85.03%
[2025-03-16 06:31:09] Epoch 12 - Training Loss: 0.6087, Training Accuracy: 79.42%
[2025-03-16 06:31:14] Epoch 10 - Test Accuracy: 81.69%
[2025-03-16 06:31:23] Epoch 12 - Validation Loss: 0.4776, Validation Accuracy: 83.82%
[2025-03-16 06:31:29] Epoch 8 - Training Loss: 0.4140, Training Accuracy: 85.72%
[2025-03-16 06:31:46] Epoch 8 - Validation Loss: 0.4027, Validation Accuracy: 86.09%
[2025-03-16 06:31:51] Epoch 12 - Test Accuracy: 82.55%
[2025-03-16 06:32:21] Epoch 8 - Test Accuracy: 84.07%
[2025-03-16 06:33:11] Epoch 11 - Training Loss: 0.4585, Training Accuracy: 84.16%
[2025-03-16 06:33:27] Epoch 11 - Validation Loss: 0.4305, Validation Accuracy: 85.63%
[2025-03-16 06:33:28] Epoch 13 - Training Loss: 0.5881, Training Accuracy: 79.87%
[2025-03-16 06:33:31] Epoch 10 - Training Loss: 0.4243, Training Accuracy: 85.48%
[2025-03-16 06:33:41] Epoch 13 - Validation Loss: 0.4605, Validation Accuracy: 84.72%
[2025-03-16 06:33:43] Epoch 10 - Validation Loss: 0.3779, Validation Accuracy: 87.09%
[2025-03-16 06:33:54] Epoch 11 - Test Accuracy: 82.11%
[2025-03-16 06:34:09] Epoch 10 - Test Accuracy: 85.22%
[2025-03-16 06:34:09] Epoch 13 - Test Accuracy: 82.77%
[2025-03-16 06:35:05] Epoch 9 - Training Loss: 0.4001, Training Accuracy: 86.27%
[2025-03-16 06:35:23] Epoch 9 - Validation Loss: 0.3893, Validation Accuracy: 86.66%
[2025-03-16 06:35:47] Epoch 12 - Training Loss: 0.4488, Training Accuracy: 84.67%
[2025-03-16 06:35:50] Epoch 14 - Training Loss: 0.5699, Training Accuracy: 80.73%
[2025-03-16 06:36:00] Epoch 9 - Test Accuracy: 84.76%
[2025-03-16 06:36:02] Epoch 14 - Validation Loss: 0.4534, Validation Accuracy: 84.88%
[2025-03-16 06:36:02] Epoch 12 - Validation Loss: 0.4494, Validation Accuracy: 84.72%
[2025-03-16 06:36:22] Epoch 14 - Test Accuracy: 82.94%
[2025-03-16 06:36:28] Epoch 12 - Test Accuracy: 82.77%
[2025-03-16 06:36:28] Epoch 11 - Training Loss: 0.4168, Training Accuracy: 85.50%
[2025-03-16 06:36:45] Epoch 11 - Validation Loss: 0.3743, Validation Accuracy: 86.98%
[2025-03-16 06:37:14] Epoch 11 - Test Accuracy: 85.25%
[2025-03-16 06:38:14] Epoch 15 - Training Loss: 0.5617, Training Accuracy: 80.98%
[2025-03-16 06:38:27] Epoch 15 - Validation Loss: 0.4462, Validation Accuracy: 85.07%
[2025-03-16 06:38:35] Epoch 13 - Training Loss: 0.4417, Training Accuracy: 84.61%
[2025-03-16 06:38:38] Epoch 10 - Training Loss: 0.3855, Training Accuracy: 86.85%
[2025-03-16 06:38:50] Epoch 13 - Validation Loss: 0.4205, Validation Accuracy: 86.34%
[2025-03-16 06:38:52] Epoch 10 - Validation Loss: 0.3767, Validation Accuracy: 87.06%
[2025-03-16 06:38:53] Epoch 15 - Test Accuracy: 83.19%
[2025-03-16 06:39:10] Epoch 13 - Test Accuracy: 83.63%
[2025-03-16 06:39:19] Epoch 10 - Test Accuracy: 84.66%
[2025-03-16 06:39:37] Epoch 12 - Training Loss: 0.4053, Training Accuracy: 85.96%
[2025-03-16 06:39:53] Epoch 12 - Validation Loss: 0.3662, Validation Accuracy: 87.71%
[2025-03-16 06:40:27] Epoch 12 - Test Accuracy: 86.13%
[2025-03-16 06:40:28] Epoch 16 - Training Loss: 0.5476, Training Accuracy: 81.17%
[2025-03-16 06:40:43] Epoch 16 - Validation Loss: 0.4449, Validation Accuracy: 85.07%
[2025-03-16 06:41:14] Epoch 16 - Test Accuracy: 84.00%
[2025-03-16 06:41:16] Epoch 14 - Training Loss: 0.4335, Training Accuracy: 84.98%
[2025-03-16 06:41:32] Epoch 14 - Validation Loss: 0.4094, Validation Accuracy: 86.31%
[2025-03-16 06:41:55] Epoch 14 - Test Accuracy: 83.14%
[2025-03-16 06:42:04] Epoch 11 - Training Loss: 0.3746, Training Accuracy: 87.02%
[2025-03-16 06:42:22] Epoch 11 - Validation Loss: 0.3638, Validation Accuracy: 87.77%
[2025-03-16 06:42:39] Epoch 17 - Training Loss: 0.5408, Training Accuracy: 81.43%
[2025-03-16 06:42:52] Epoch 17 - Validation Loss: 0.4264, Validation Accuracy: 85.44%
[2025-03-16 06:42:52] Epoch 13 - Training Loss: 0.3980, Training Accuracy: 86.15%
[2025-03-16 06:42:58] Epoch 11 - Test Accuracy: 85.67%
[2025-03-16 06:43:06] Epoch 13 - Validation Loss: 0.3774, Validation Accuracy: 86.96%
[2025-03-16 06:43:26] Epoch 17 - Test Accuracy: 84.19%
[2025-03-16 06:43:42] Epoch 13 - Test Accuracy: 85.47%
[2025-03-16 06:43:44] Epoch 15 - Training Loss: 0.4308, Training Accuracy: 85.07%
[2025-03-16 06:44:00] Epoch 15 - Validation Loss: 0.4058, Validation Accuracy: 86.20%
[2025-03-16 06:44:35] Epoch 15 - Test Accuracy: 84.27%
[2025-03-16 06:45:02] Epoch 18 - Training Loss: 0.5236, Training Accuracy: 82.09%
[2025-03-16 06:45:17] Epoch 18 - Validation Loss: 0.4189, Validation Accuracy: 85.82%
[2025-03-16 06:45:29] Epoch 12 - Training Loss: 0.3644, Training Accuracy: 87.50%
[2025-03-16 06:45:44] Epoch 12 - Validation Loss: 0.3507, Validation Accuracy: 87.69%
[2025-03-16 06:45:47] Epoch 18 - Test Accuracy: 84.49%
[2025-03-16 06:46:03] Epoch 14 - Training Loss: 0.3937, Training Accuracy: 86.22%
[2025-03-16 06:46:16] Epoch 14 - Validation Loss: 0.3825, Validation Accuracy: 87.33%
[2025-03-16 06:46:20] Epoch 12 - Test Accuracy: 86.25%
[2025-03-16 06:46:34] Epoch 16 - Training Loss: 0.4227, Training Accuracy: 85.47%
[2025-03-16 06:46:49] Epoch 14 - Test Accuracy: 86.33%
[2025-03-16 06:46:50] Epoch 16 - Validation Loss: 0.4438, Validation Accuracy: 84.36%
[2025-03-16 06:47:16] Epoch 16 - Test Accuracy: 82.84%
[2025-03-16 06:47:16] Epoch 19 - Training Loss: 0.5134, Training Accuracy: 82.50%
[2025-03-16 06:47:36] Epoch 19 - Validation Loss: 0.4127, Validation Accuracy: 86.07%
[2025-03-16 06:48:08] Epoch 19 - Test Accuracy: 84.81%
[2025-03-16 06:48:59] Epoch 13 - Training Loss: 0.3522, Training Accuracy: 87.82%
[2025-03-16 06:49:11] Epoch 17 - Training Loss: 0.4147, Training Accuracy: 85.62%
[2025-03-16 06:49:12] Epoch 15 - Training Loss: 0.3845, Training Accuracy: 86.60%
[2025-03-16 06:49:19] Epoch 13 - Validation Loss: 0.3497, Validation Accuracy: 87.63%
[2025-03-16 06:49:24] Epoch 15 - Validation Loss: 0.3809, Validation Accuracy: 86.96%
[2025-03-16 06:49:24] Epoch 17 - Validation Loss: 0.3959, Validation Accuracy: 86.20%
[2025-03-16 06:49:39] Epoch 13 - Test Accuracy: 85.35%
[2025-03-16 06:49:44] Epoch 20 - Training Loss: 0.5091, Training Accuracy: 82.64%
[2025-03-16 06:49:48] Epoch 15 - Test Accuracy: 86.60%
[2025-03-16 06:49:53] Epoch 17 - Test Accuracy: 82.99%
[2025-03-16 06:49:58] Epoch 20 - Validation Loss: 0.4112, Validation Accuracy: 86.15%
[2025-03-16 06:50:27] Epoch 20 - Test Accuracy: 84.88%
[2025-03-16 06:52:02] Epoch 18 - Training Loss: 0.4108, Training Accuracy: 85.79%
[2025-03-16 06:52:17] Epoch 18 - Validation Loss: 0.4013, Validation Accuracy: 86.36%
[2025-03-16 06:52:20] Epoch 14 - Training Loss: 0.3399, Training Accuracy: 88.17%
[2025-03-16 06:52:23] Epoch 21 - Training Loss: 0.4974, Training Accuracy: 82.94%
[2025-03-16 06:52:23] Epoch 16 - Training Loss: 0.3850, Training Accuracy: 86.75%
[2025-03-16 06:52:34] Epoch 21 - Validation Loss: 0.3988, Validation Accuracy: 86.28%
[2025-03-16 06:52:35] Epoch 16 - Validation Loss: 0.3817, Validation Accuracy: 87.20%
[2025-03-16 06:52:36] Epoch 14 - Validation Loss: 0.3364, Validation Accuracy: 88.66%
[2025-03-16 06:52:43] Epoch 18 - Test Accuracy: 84.36%
[2025-03-16 06:52:55] Epoch 21 - Test Accuracy: 85.37%
[2025-03-16 06:52:55] Epoch 16 - Test Accuracy: 86.28%
[2025-03-16 06:53:09] Epoch 14 - Test Accuracy: 86.35%
[2025-03-16 06:54:40] Epoch 19 - Training Loss: 0.4031, Training Accuracy: 86.27%
[2025-03-16 06:54:50] Epoch 22 - Training Loss: 0.4910, Training Accuracy: 83.43%
[2025-03-16 06:54:57] Epoch 19 - Validation Loss: 0.3853, Validation Accuracy: 87.69%
[2025-03-16 06:55:00] Epoch 22 - Validation Loss: 0.4018, Validation Accuracy: 86.55%
[2025-03-16 06:55:18] Epoch 17 - Training Loss: 0.3250, Training Accuracy: 88.66%
[2025-03-16 06:55:24] Epoch 19 - Test Accuracy: 84.54%
[2025-03-16 06:55:27] Epoch 22 - Test Accuracy: 84.86%
[2025-03-16 06:55:31] Epoch 17 - Validation Loss: 0.3303, Validation Accuracy: 88.98%
[2025-03-16 06:55:47] Epoch 15 - Training Loss: 0.3370, Training Accuracy: 88.45%
[2025-03-16 06:56:02] Epoch 17 - Test Accuracy: 87.58%
[2025-03-16 06:56:05] Epoch 15 - Validation Loss: 0.3507, Validation Accuracy: 88.41%
[2025-03-16 06:56:41] Epoch 15 - Test Accuracy: 86.38%
[2025-03-16 06:57:09] Epoch 23 - Training Loss: 0.4837, Training Accuracy: 83.44%
[2025-03-16 06:57:17] Epoch 20 - Training Loss: 0.3957, Training Accuracy: 86.22%
[2025-03-16 06:57:23] Epoch 23 - Validation Loss: 0.3842, Validation Accuracy: 87.15%
[2025-03-16 06:57:30] Epoch 20 - Validation Loss: 0.3963, Validation Accuracy: 86.93%
[2025-03-16 06:57:53] Epoch 23 - Test Accuracy: 85.69%
[2025-03-16 06:57:57] Epoch 20 - Test Accuracy: 83.97%
[2025-03-16 06:58:22] Epoch 18 - Training Loss: 0.3149, Training Accuracy: 88.84%
[2025-03-16 06:58:38] Epoch 18 - Validation Loss: 0.3253, Validation Accuracy: 89.22%
[2025-03-16 06:59:10] Epoch 18 - Test Accuracy: 88.10%
[2025-03-16 06:59:25] Epoch 16 - Training Loss: 0.3323, Training Accuracy: 88.56%
[2025-03-16 06:59:42] Epoch 16 - Validation Loss: 0.3242, Validation Accuracy: 89.28%
[2025-03-16 06:59:46] Epoch 24 - Training Loss: 0.4825, Training Accuracy: 83.42%
[2025-03-16 06:59:55] Epoch 24 - Validation Loss: 0.3844, Validation Accuracy: 86.93%
[2025-03-16 06:59:56] Epoch 21 - Training Loss: 0.3956, Training Accuracy: 86.46%
[2025-03-16 07:00:09] Epoch 21 - Validation Loss: 0.3861, Validation Accuracy: 86.55%
[2025-03-16 07:00:12] Epoch 16 - Test Accuracy: 86.62%
[2025-03-16 07:00:15] Epoch 24 - Test Accuracy: 86.33%
[2025-03-16 07:00:33] Epoch 21 - Test Accuracy: 84.68%
[2025-03-16 07:01:30] Epoch 19 - Training Loss: 0.3058, Training Accuracy: 89.44%
[2025-03-16 07:01:47] Epoch 19 - Validation Loss: 0.3260, Validation Accuracy: 89.31%
[2025-03-16 07:02:00] Epoch 25 - Training Loss: 0.4687, Training Accuracy: 83.85%
[2025-03-16 07:02:15] Epoch 25 - Validation Loss: 0.3768, Validation Accuracy: 87.12%
[2025-03-16 07:02:19] Epoch 19 - Test Accuracy: 87.65%
[2025-03-16 07:02:37] Epoch 22 - Training Loss: 0.3922, Training Accuracy: 86.54%
[2025-03-16 07:02:48] Epoch 25 - Test Accuracy: 85.54%
[2025-03-16 07:02:52] Epoch 17 - Training Loss: 0.3245, Training Accuracy: 88.87%
[2025-03-16 07:02:55] Epoch 22 - Validation Loss: 0.3918, Validation Accuracy: 87.36%
[2025-03-16 07:03:05] Epoch 17 - Validation Loss: 0.3345, Validation Accuracy: 88.71%
[2025-03-16 07:03:20] Epoch 22 - Test Accuracy: 83.97%
[2025-03-16 07:03:36] Epoch 17 - Test Accuracy: 85.94%
[2025-03-16 07:04:25] Epoch 26 - Training Loss: 0.4666, Training Accuracy: 83.90%
[2025-03-16 07:04:35] Epoch 20 - Training Loss: 0.3001, Training Accuracy: 89.43%
[2025-03-16 07:04:40] Epoch 26 - Validation Loss: 0.3771, Validation Accuracy: 87.15%
[2025-03-16 07:04:51] Epoch 20 - Validation Loss: 0.3220, Validation Accuracy: 89.52%
[2025-03-16 07:05:11] Epoch 26 - Test Accuracy: 85.79%
[2025-03-16 07:05:18] Epoch 23 - Training Loss: 0.3884, Training Accuracy: 86.43%
[2025-03-16 07:05:26] Epoch 20 - Test Accuracy: 87.80%
[2025-03-16 07:05:35] Epoch 23 - Validation Loss: 0.3622, Validation Accuracy: 87.90%
[2025-03-16 07:06:00] Epoch 23 - Test Accuracy: 85.79%
[2025-03-16 07:06:13] Epoch 18 - Training Loss: 0.3128, Training Accuracy: 89.18%
[2025-03-16 07:06:32] Epoch 18 - Validation Loss: 0.3355, Validation Accuracy: 88.90%
[2025-03-16 07:06:47] Epoch 27 - Training Loss: 0.4572, Training Accuracy: 84.50%
[2025-03-16 07:07:00] Epoch 27 - Validation Loss: 0.3701, Validation Accuracy: 87.52%
[2025-03-16 07:07:06] Epoch 18 - Test Accuracy: 87.56%
[2025-03-16 07:07:29] Epoch 27 - Test Accuracy: 86.40%
[2025-03-16 07:07:39] Epoch 21 - Training Loss: 0.3020, Training Accuracy: 89.47%
[2025-03-16 07:07:54] Epoch 24 - Training Loss: 0.3836, Training Accuracy: 86.81%
[2025-03-16 07:07:54] Epoch 21 - Validation Loss: 0.3211, Validation Accuracy: 89.44%
[2025-03-16 07:08:09] Epoch 24 - Validation Loss: 0.3714, Validation Accuracy: 87.39%
[2025-03-16 07:08:22] Epoch 21 - Test Accuracy: 88.29%
[2025-03-16 07:08:38] Epoch 24 - Test Accuracy: 84.90%
[2025-03-16 07:09:09] Epoch 28 - Training Loss: 0.4522, Training Accuracy: 84.63%
[2025-03-16 07:09:24] Epoch 28 - Validation Loss: 0.3705, Validation Accuracy: 87.39%
[2025-03-16 07:09:44] Epoch 19 - Training Loss: 0.3075, Training Accuracy: 89.46%
[2025-03-16 07:09:56] Epoch 28 - Test Accuracy: 86.28%
[2025-03-16 07:10:01] Epoch 19 - Validation Loss: 0.3366, Validation Accuracy: 88.28%
[2025-03-16 07:10:32] Epoch 25 - Training Loss: 0.3807, Training Accuracy: 86.91%
[2025-03-16 07:10:32] Epoch 19 - Test Accuracy: 86.70%
[2025-03-16 07:10:42] Epoch 22 - Training Loss: 0.2961, Training Accuracy: 89.73%
[2025-03-16 07:10:51] Epoch 25 - Validation Loss: 0.3798, Validation Accuracy: 87.23%
[2025-03-16 07:10:55] Epoch 22 - Validation Loss: 0.3256, Validation Accuracy: 89.39%
[2025-03-16 07:11:18] Epoch 22 - Test Accuracy: 88.00%
[2025-03-16 07:11:18] Epoch 25 - Test Accuracy: 84.59%
[2025-03-16 07:11:28] Epoch 29 - Training Loss: 0.4434, Training Accuracy: 84.85%
[2025-03-16 07:11:42] Epoch 29 - Validation Loss: 0.3625, Validation Accuracy: 87.66%
[2025-03-16 07:12:18] Epoch 29 - Test Accuracy: 86.43%
[2025-03-16 07:13:10] Epoch 20 - Training Loss: 0.3038, Training Accuracy: 89.48%
[2025-03-16 07:13:26] Epoch 20 - Validation Loss: 0.3364, Validation Accuracy: 88.63%
[2025-03-16 07:13:30] Epoch 26 - Training Loss: 0.3783, Training Accuracy: 86.93%
[2025-03-16 07:13:43] Epoch 23 - Training Loss: 0.2935, Training Accuracy: 89.72%
[2025-03-16 07:13:43] Epoch 26 - Validation Loss: 0.3607, Validation Accuracy: 88.14%
[2025-03-16 07:13:49] Epoch 20 - Test Accuracy: 86.70%
[2025-03-16 07:13:56] Epoch 23 - Validation Loss: 0.3250, Validation Accuracy: 89.28%
[2025-03-16 07:13:58] Epoch 30 - Training Loss: 0.4430, Training Accuracy: 84.91%
[2025-03-16 07:14:08] Epoch 30 - Validation Loss: 0.3568, Validation Accuracy: 87.96%
[2025-03-16 07:14:10] Epoch 26 - Test Accuracy: 85.17%
[2025-03-16 07:14:20] Epoch 23 - Test Accuracy: 88.12%
[2025-03-16 07:14:45] Epoch 30 - Test Accuracy: 86.65%
[2025-03-16 07:16:09] Epoch 27 - Training Loss: 0.3709, Training Accuracy: 87.20%
[2025-03-16 07:16:22] Epoch 21 - Training Loss: 0.2413, Training Accuracy: 91.85%
[2025-03-16 07:16:26] Epoch 27 - Validation Loss: 0.3801, Validation Accuracy: 86.96%
[2025-03-16 07:16:29] Epoch 31 - Training Loss: 0.4321, Training Accuracy: 85.29%
[2025-03-16 07:16:37] Epoch 21 - Validation Loss: 0.2838, Validation Accuracy: 90.41%
[2025-03-16 07:16:37] Epoch 31 - Validation Loss: 0.3472, Validation Accuracy: 88.31%
[2025-03-16 07:16:42] Epoch 24 - Training Loss: 0.2932, Training Accuracy: 89.74%
[2025-03-16 07:16:48] Epoch 27 - Test Accuracy: 84.27%
[2025-03-16 07:16:53] Epoch 24 - Validation Loss: 0.3233, Validation Accuracy: 89.31%
[2025-03-16 07:17:01] Epoch 31 - Test Accuracy: 86.77%
[2025-03-16 07:17:03] Epoch 21 - Test Accuracy: 88.07%
[2025-03-16 07:17:28] Epoch 24 - Test Accuracy: 88.07%
[2025-03-16 07:18:45] Epoch 28 - Training Loss: 0.3692, Training Accuracy: 87.20%
[2025-03-16 07:18:49] Epoch 32 - Training Loss: 0.4341, Training Accuracy: 85.03%
[2025-03-16 07:19:00] Epoch 28 - Validation Loss: 0.3608, Validation Accuracy: 88.50%
[2025-03-16 07:19:01] Epoch 32 - Validation Loss: 0.3516, Validation Accuracy: 88.12%
[2025-03-16 07:19:23] Epoch 32 - Test Accuracy: 86.92%
[2025-03-16 07:19:27] Epoch 28 - Test Accuracy: 85.67%
[2025-03-16 07:19:36] Epoch 22 - Training Loss: 0.2287, Training Accuracy: 92.01%
[2025-03-16 07:19:50] Epoch 25 - Training Loss: 0.2885, Training Accuracy: 89.90%
[2025-03-16 07:19:54] Epoch 22 - Validation Loss: 0.2824, Validation Accuracy: 90.41%
[2025-03-16 07:20:04] Epoch 25 - Validation Loss: 0.3251, Validation Accuracy: 89.33%
[2025-03-16 07:20:29] Epoch 22 - Test Accuracy: 88.44%
[2025-03-16 07:20:30] Epoch 25 - Test Accuracy: 88.24%
[2025-03-16 07:20:30] Stopping training at epoch 26 due to early stopping
[2025-03-16 07:20:30] Final Training Accuracy: 89.90%
[2025-03-16 07:20:30] Final Test Accuracy: 88.24%
[2025-03-16 07:20:30] Final Validation Accuracy: 89.33%, Model size: 41142
[2025-03-16 07:20:31] Saved model checkpoint to best_model_trial_51.pt
[2025-03-16 07:21:04] Epoch 33 - Training Loss: 0.4315, Training Accuracy: 85.40%
[2025-03-16 07:21:18] Epoch 33 - Validation Loss: 0.3478, Validation Accuracy: 87.87%
[2025-03-16 07:21:28] Epoch 29 - Training Loss: 0.3675, Training Accuracy: 87.23%
[2025-03-16 07:21:42] Epoch 29 - Validation Loss: 0.3729, Validation Accuracy: 87.63%
[2025-03-16 07:21:46] Epoch 33 - Test Accuracy: 86.72%
[2025-03-16 07:22:08] Epoch 29 - Test Accuracy: 85.08%
[2025-03-16 07:23:11] Epoch 23 - Training Loss: 0.2197, Training Accuracy: 92.31%
[2025-03-16 07:23:12] Epoch 34 - Training Loss: 0.4251, Training Accuracy: 85.40%
[2025-03-16 07:23:19] Starting training with hyperparameters: {'d_state': 10, 'd_conv': 6, 'expand': 4, 'batch_size': 26, 'dropout_rate': 0.35356355281829716, 'num_mamba_layers': 1, 'n_mfcc': 29, 'n_fft': 438, 'hop_length': 74, 'n_mels': 65, 'noise_level': 0.1875596561650701, 'shift': 49, 'lr': 0.0023483543832770303, 'weight_decay': 1.0521160491024558e-06}
[2025-03-16 07:23:33] Epoch 34 - Validation Loss: 0.3418, Validation Accuracy: 88.17%
[2025-03-16 07:23:34] Epoch 23 - Validation Loss: 0.2762, Validation Accuracy: 90.52%
[2025-03-16 07:24:15] Epoch 30 - Training Loss: 0.3598, Training Accuracy: 87.27%
[2025-03-16 07:24:16] Epoch 34 - Test Accuracy: 86.89%
[2025-03-16 07:24:28] Epoch 23 - Test Accuracy: 88.56%
[2025-03-16 07:24:40] Epoch 30 - Validation Loss: 0.3803, Validation Accuracy: 87.58%
[2025-03-16 07:25:26] Epoch 30 - Test Accuracy: 85.03%
[2025-03-16 07:26:49] Epoch 35 - Training Loss: 0.4209, Training Accuracy: 85.77%
[2025-03-16 07:27:10] Epoch 35 - Validation Loss: 0.3523, Validation Accuracy: 87.50%
[2025-03-16 07:27:41] Epoch 24 - Training Loss: 0.2140, Training Accuracy: 92.60%
[2025-03-16 07:27:42] Epoch 0 - Training Loss: 1.1166, Training Accuracy: 61.31%
[2025-03-16 07:27:47] Epoch 35 - Test Accuracy: 86.72%
[2025-03-16 07:28:15] Epoch 24 - Validation Loss: 0.2765, Validation Accuracy: 90.82%
[2025-03-16 07:28:18] Epoch 31 - Training Loss: 0.3122, Training Accuracy: 89.09%
[2025-03-16 07:28:19] Epoch 0 - Validation Loss: 0.5688, Validation Accuracy: 81.29%
[2025-03-16 07:28:31] Epoch 31 - Validation Loss: 0.3275, Validation Accuracy: 89.17%
[2025-03-16 07:28:52] Epoch 24 - Test Accuracy: 88.81%
[2025-03-16 07:29:05] Epoch 31 - Test Accuracy: 87.02%
[2025-03-16 07:29:17] Epoch 0 - Test Accuracy: 79.11%
[2025-03-16 07:29:37] Epoch 36 - Training Loss: 0.4155, Training Accuracy: 85.73%
[2025-03-16 07:29:57] Epoch 36 - Validation Loss: 0.3396, Validation Accuracy: 88.12%
[2025-03-16 07:30:49] Epoch 36 - Test Accuracy: 86.60%
[2025-03-16 07:31:58] Epoch 32 - Training Loss: 0.3011, Training Accuracy: 89.46%
[2025-03-16 07:32:21] Epoch 32 - Validation Loss: 0.3190, Validation Accuracy: 89.68%
[2025-03-16 07:32:21] Epoch 25 - Training Loss: 0.2099, Training Accuracy: 92.68%
[2025-03-16 07:32:44] Epoch 25 - Validation Loss: 0.2791, Validation Accuracy: 90.82%
[2025-03-16 07:33:04] Epoch 32 - Test Accuracy: 87.19%
[2025-03-16 07:33:09] Epoch 37 - Training Loss: 0.4170, Training Accuracy: 85.77%
[2025-03-16 07:33:27] Epoch 37 - Validation Loss: 0.3340, Validation Accuracy: 88.60%
[2025-03-16 07:33:30] Epoch 25 - Test Accuracy: 88.51%
[2025-03-16 07:33:59] Epoch 1 - Training Loss: 0.6436, Training Accuracy: 78.47%
[2025-03-16 07:34:08] Epoch 37 - Test Accuracy: 87.29%
[2025-03-16 07:34:34] Epoch 1 - Validation Loss: 0.4267, Validation Accuracy: 85.58%
[2025-03-16 07:35:28] Epoch 33 - Training Loss: 0.2970, Training Accuracy: 89.90%
[2025-03-16 07:35:35] Epoch 1 - Test Accuracy: 84.34%
[2025-03-16 07:35:49] Epoch 33 - Validation Loss: 0.3181, Validation Accuracy: 89.44%
[2025-03-16 07:36:14] Epoch 38 - Training Loss: 0.4111, Training Accuracy: 85.82%
[2025-03-16 07:36:32] Epoch 26 - Training Loss: 0.2082, Training Accuracy: 92.87%
[2025-03-16 07:36:33] Epoch 38 - Validation Loss: 0.3266, Validation Accuracy: 88.87%
[2025-03-16 07:36:39] Epoch 33 - Test Accuracy: 87.24%
[2025-03-16 07:36:56] Epoch 26 - Validation Loss: 0.2806, Validation Accuracy: 90.76%
[2025-03-16 07:37:07] Epoch 38 - Test Accuracy: 87.09%
[2025-03-16 07:37:53] Epoch 26 - Test Accuracy: 88.71%
[2025-03-16 07:39:22] Epoch 34 - Training Loss: 0.2922, Training Accuracy: 89.82%
[2025-03-16 07:39:41] Epoch 39 - Training Loss: 0.4090, Training Accuracy: 86.06%
[2025-03-16 07:39:46] Epoch 34 - Validation Loss: 0.3177, Validation Accuracy: 89.33%
[2025-03-16 07:39:59] Epoch 39 - Validation Loss: 0.3312, Validation Accuracy: 88.68%
[2025-03-16 07:40:10] Epoch 2 - Training Loss: 0.5395, Training Accuracy: 81.90%
[2025-03-16 07:40:29] Epoch 34 - Test Accuracy: 87.19%
[2025-03-16 07:40:39] Epoch 39 - Test Accuracy: 87.38%
[2025-03-16 07:40:45] Epoch 2 - Validation Loss: 0.3872, Validation Accuracy: 87.82%
[2025-03-16 07:41:06] Epoch 27 - Training Loss: 0.2062, Training Accuracy: 92.83%
[2025-03-16 07:41:27] Epoch 27 - Validation Loss: 0.2791, Validation Accuracy: 90.82%
[2025-03-16 07:41:45] Epoch 2 - Test Accuracy: 86.23%
[2025-03-16 07:42:22] Epoch 27 - Test Accuracy: 88.44%
[2025-03-16 07:42:46] Epoch 40 - Training Loss: 0.4084, Training Accuracy: 86.22%
[2025-03-16 07:42:51] Epoch 35 - Training Loss: 0.2908, Training Accuracy: 89.96%
[2025-03-16 07:43:07] Epoch 40 - Validation Loss: 0.3277, Validation Accuracy: 88.50%
[2025-03-16 07:43:11] Epoch 35 - Validation Loss: 0.3154, Validation Accuracy: 89.47%
[2025-03-16 07:43:47] Epoch 40 - Test Accuracy: 87.24%
[2025-03-16 07:43:51] Epoch 35 - Test Accuracy: 87.38%
[2025-03-16 07:45:41] Epoch 28 - Training Loss: 0.1952, Training Accuracy: 93.10%
[2025-03-16 07:45:49] Epoch 41 - Training Loss: 0.4041, Training Accuracy: 86.08%
[2025-03-16 07:46:07] Epoch 28 - Validation Loss: 0.2757, Validation Accuracy: 91.12%
[2025-03-16 07:46:08] Epoch 41 - Validation Loss: 0.3274, Validation Accuracy: 88.28%
[2025-03-16 07:46:22] Epoch 3 - Training Loss: 0.4742, Training Accuracy: 84.19%
[2025-03-16 07:46:41] Epoch 36 - Training Loss: 0.2882, Training Accuracy: 89.87%
[2025-03-16 07:46:51] Epoch 28 - Test Accuracy: 88.76%
[2025-03-16 07:46:51] Stopping training at epoch 29 due to early stopping
[2025-03-16 07:46:51] Final Training Accuracy: 93.10%
[2025-03-16 07:46:51] Final Test Accuracy: 88.76%
[2025-03-16 07:46:51] Final Validation Accuracy: 91.12%, Model size: 83704
[2025-03-16 07:46:51] Saved model checkpoint to best_model_trial_54.pt
[2025-03-16 07:46:53] Epoch 3 - Validation Loss: 0.3384, Validation Accuracy: 88.93%
[2025-03-16 07:46:53] Epoch 41 - Test Accuracy: 87.16%
[2025-03-16 07:46:56] Epoch 36 - Validation Loss: 0.3148, Validation Accuracy: 89.63%
[2025-03-16 07:47:24] Epoch 36 - Test Accuracy: 87.56%
[2025-03-16 07:47:46] Epoch 3 - Test Accuracy: 87.02%
[2025-03-16 07:48:26] Epoch 42 - Training Loss: 0.4012, Training Accuracy: 86.33%
[2025-03-16 07:48:48] Epoch 42 - Validation Loss: 0.3288, Validation Accuracy: 88.77%
[2025-03-16 07:49:25] Epoch 42 - Test Accuracy: 87.24%
[2025-03-16 07:49:38] Starting training with hyperparameters: {'d_state': 10, 'd_conv': 7, 'expand': 2, 'batch_size': 31, 'dropout_rate': 0.275269917196707, 'num_mamba_layers': 2, 'n_mfcc': 17, 'n_fft': 371, 'hop_length': 70, 'n_mels': 39, 'noise_level': 0.11087406028678752, 'shift': 92, 'lr': 0.0003808724748338385, 'weight_decay': 2.1853705398211463e-05}
[2025-03-16 07:49:45] Epoch 37 - Training Loss: 0.2910, Training Accuracy: 89.98%
[2025-03-16 07:50:07] Epoch 37 - Validation Loss: 0.3146, Validation Accuracy: 89.36%
[2025-03-16 07:51:07] Error: Caught RuntimeError in DataLoader worker process 0.
Original Traceback (most recent call last):
  File "/usr/local/lib/python3.10/dist-packages/torch/utils/data/_utils/worker.py", line 351, in _worker_loop
    data = fetcher.fetch(index)  # type: ignore[possibly-undefined]
  File "/usr/local/lib/python3.10/dist-packages/torch/utils/data/_utils/fetch.py", line 55, in fetch
    return self.collate_fn(data)
  File "/usr/local/lib/python3.10/dist-packages/torch/utils/data/_utils/collate.py", line 398, in default_collate
    return collate(batch, collate_fn_map=default_collate_fn_map)
  File "/usr/local/lib/python3.10/dist-packages/torch/utils/data/_utils/collate.py", line 211, in collate
    return [
  File "/usr/local/lib/python3.10/dist-packages/torch/utils/data/_utils/collate.py", line 212, in <listcomp>
    collate(samples, collate_fn_map=collate_fn_map)
  File "/usr/local/lib/python3.10/dist-packages/torch/utils/data/_utils/collate.py", line 155, in collate
    return collate_fn_map[elem_type](batch, collate_fn_map=collate_fn_map)
  File "/usr/local/lib/python3.10/dist-packages/torch/utils/data/_utils/collate.py", line 270, in collate_tensor_fn
    storage = elem._typed_storage()._new_shared(numel, device=elem.device)
  File "/usr/local/lib/python3.10/dist-packages/torch/storage.py", line 1180, in _new_shared
    untyped_storage = torch.UntypedStorage._new_shared(
  File "/usr/local/lib/python3.10/dist-packages/torch/storage.py", line 402, in _new_shared
    return cls._new_using_fd_cpu(size)
RuntimeError: unable to write to file </torch_777408_2676971466_88>: No space left on device (28)

[2025-03-16 07:52:30] Starting training with hyperparameters: {'d_state': 12, 'd_conv': 7, 'expand': 2, 'batch_size': 32, 'dropout_rate': 0.4533948547991385, 'num_mamba_layers': 2, 'n_mfcc': 30, 'n_fft': 374, 'hop_length': 236, 'n_mels': 33, 'noise_level': 0.17006406546843558, 'shift': 58, 'lr': 0.0069279617935406705, 'weight_decay': 5.021677867932388e-06}
[2025-03-16 07:52:35] Starting training with hyperparameters: {'d_state': 12, 'd_conv': 7, 'expand': 2, 'batch_size': 31, 'dropout_rate': 0.4419872573625385, 'num_mamba_layers': 4, 'n_mfcc': 22, 'n_fft': 352, 'hop_length': 257, 'n_mels': 39, 'noise_level': 0.15523291289132976, 'shift': 92, 'lr': 0.00039143355079824724, 'weight_decay': 2.8368677248431515e-06}
[2025-03-16 07:52:39] Starting training with hyperparameters: {'d_state': 22, 'd_conv': 6, 'expand': 2, 'batch_size': 32, 'dropout_rate': 0.29762897161370866, 'num_mamba_layers': 3, 'n_mfcc': 30, 'n_fft': 315, 'hop_length': 327, 'n_mels': 43, 'noise_level': 0.16440670249864237, 'shift': 92, 'lr': 0.001973362964258189, 'weight_decay': 8.080650709404287e-06}
[2025-03-16 07:53:46] Starting training with hyperparameters: {'d_state': 8, 'd_conv': 5, 'expand': 2, 'batch_size': 30, 'dropout_rate': 0.3931769504106548, 'num_mamba_layers': 3, 'n_mfcc': 29, 'n_fft': 457, 'hop_length': 241, 'n_mels': 34, 'noise_level': 0.08922780393673588, 'shift': 97, 'lr': 0.005021325855905256, 'weight_decay': 8.764644332737319e-05}
[2025-03-16 07:54:26] Epoch 0 - Training Loss: 1.3723, Training Accuracy: 51.64%
[2025-03-16 07:54:26] Epoch 0 - Training Loss: 1.5953, Training Accuracy: 42.59%
[2025-03-16 07:54:26] Epoch 0 - Training Loss: 1.7780, Training Accuracy: 35.87%
[2025-03-16 07:54:46] Epoch 0 - Validation Loss: 0.8230, Validation Accuracy: 74.51%
[2025-03-16 07:54:46] Epoch 0 - Validation Loss: 1.0673, Validation Accuracy: 64.46%
[2025-03-16 07:54:46] Epoch 0 - Validation Loss: 0.7604, Validation Accuracy: 73.91%
[2025-03-16 07:55:11] Epoch 0 - Test Accuracy: 71.33%
[2025-03-16 07:55:12] Epoch 0 - Test Accuracy: 61.73%
[2025-03-16 07:55:22] Epoch 0 - Test Accuracy: 72.56%
[2025-03-16 07:56:32] Epoch 1 - Training Loss: 0.8693, Training Accuracy: 70.15%
[2025-03-16 07:56:44] Epoch 1 - Validation Loss: 0.5824, Validation Accuracy: 80.10%
[2025-03-16 07:56:52] Epoch 0 - Training Loss: 1.5626, Training Accuracy: 44.01%
[2025-03-16 07:57:13] Epoch 1 - Test Accuracy: 77.10%
[2025-03-16 07:57:16] Epoch 1 - Training Loss: 1.1323, Training Accuracy: 59.90%
[2025-03-16 07:57:17] Epoch 0 - Validation Loss: 0.7926, Validation Accuracy: 73.72%
[2025-03-16 07:57:34] Epoch 1 - Validation Loss: 0.7952, Validation Accuracy: 73.29%
[2025-03-16 07:57:41] Epoch 1 - Training Loss: 0.8806, Training Accuracy: 70.15%
[2025-03-16 07:57:56] Epoch 0 - Test Accuracy: 71.04%
[2025-03-16 07:57:57] Epoch 1 - Validation Loss: 0.5495, Validation Accuracy: 81.99%
[2025-03-16 07:58:10] Epoch 1 - Test Accuracy: 70.47%
[2025-03-16 07:58:35] Epoch 2 - Training Loss: 0.7332, Training Accuracy: 75.18%
[2025-03-16 07:58:42] Epoch 1 - Test Accuracy: 80.17%
[2025-03-16 07:58:52] Epoch 2 - Validation Loss: 0.4991, Validation Accuracy: 82.96%
[2025-03-16 07:59:25] Epoch 2 - Test Accuracy: 80.73%
[2025-03-16 08:00:50] Epoch 2 - Training Loss: 0.9543, Training Accuracy: 66.53%
[2025-03-16 08:01:08] Epoch 2 - Validation Loss: 0.7085, Validation Accuracy: 75.94%
[2025-03-16 08:01:18] Epoch 1 - Training Loss: 0.8941, Training Accuracy: 69.60%
[2025-03-16 08:01:18] Epoch 2 - Training Loss: 0.6859, Training Accuracy: 77.02%
[2025-03-16 08:01:37] Epoch 1 - Validation Loss: 0.5931, Validation Accuracy: 79.31%
[2025-03-16 08:01:37] Epoch 2 - Validation Loss: 0.4191, Validation Accuracy: 85.93%
[2025-03-16 08:01:41] Epoch 2 - Test Accuracy: 72.78%
[2025-03-16 08:01:47] Epoch 3 - Training Loss: 0.6621, Training Accuracy: 77.50%
[2025-03-16 08:02:00] Epoch 3 - Validation Loss: 0.4683, Validation Accuracy: 83.99%
[2025-03-16 08:02:03] Epoch 2 - Test Accuracy: 84.49%
[2025-03-16 08:02:19] Epoch 1 - Test Accuracy: 77.03%
[2025-03-16 08:02:41] Epoch 3 - Test Accuracy: 82.06%
[2025-03-16 08:03:48] Epoch 3 - Training Loss: 0.8543, Training Accuracy: 70.30%
[2025-03-16 08:04:08] Epoch 3 - Validation Loss: 0.6171, Validation Accuracy: 79.53%
[2025-03-16 08:04:16] Epoch 3 - Training Loss: 0.5970, Training Accuracy: 80.06%
[2025-03-16 08:04:34] Epoch 3 - Validation Loss: 0.3776, Validation Accuracy: 87.82%
[2025-03-16 08:04:40] Epoch 4 - Training Loss: 0.5965, Training Accuracy: 79.86%
[2025-03-16 08:04:44] Epoch 3 - Test Accuracy: 76.26%
[2025-03-16 08:04:58] Epoch 4 - Validation Loss: 0.3943, Validation Accuracy: 86.98%
[2025-03-16 08:05:05] Epoch 2 - Training Loss: 0.7241, Training Accuracy: 75.59%
[2025-03-16 08:05:05] Epoch 3 - Test Accuracy: 86.45%
[2025-03-16 08:05:27] Epoch 2 - Validation Loss: 0.5073, Validation Accuracy: 82.20%
[2025-03-16 08:05:27] Epoch 4 - Test Accuracy: 84.61%
[2025-03-16 08:06:27] Epoch 2 - Test Accuracy: 80.63%
[2025-03-16 08:06:50] Epoch 4 - Training Loss: 0.8000, Training Accuracy: 72.25%
[2025-03-16 08:07:10] Epoch 4 - Training Loss: 0.5554, Training Accuracy: 81.37%
[2025-03-16 08:07:10] Epoch 4 - Validation Loss: 0.5739, Validation Accuracy: 80.75%
[2025-03-16 08:07:26] Epoch 4 - Validation Loss: 0.4063, Validation Accuracy: 87.23%
[2025-03-16 08:07:30] Epoch 5 - Training Loss: 0.5561, Training Accuracy: 81.34%
[2025-03-16 08:07:46] Epoch 5 - Validation Loss: 0.3879, Validation Accuracy: 86.71%
[2025-03-16 08:07:49] Epoch 4 - Test Accuracy: 78.87%
[2025-03-16 08:08:02] Epoch 4 - Test Accuracy: 84.29%
[2025-03-16 08:08:25] Epoch 5 - Test Accuracy: 84.46%
[2025-03-16 08:09:01] Epoch 3 - Training Loss: 0.6422, Training Accuracy: 78.37%
[2025-03-16 08:09:29] Epoch 3 - Validation Loss: 0.4693, Validation Accuracy: 84.58%
[2025-03-16 08:10:03] Epoch 5 - Training Loss: 0.7471, Training Accuracy: 74.24%
[2025-03-16 08:10:10] Epoch 6 - Training Loss: 0.5211, Training Accuracy: 82.35%
[2025-03-16 08:10:15] Epoch 3 - Test Accuracy: 82.94%
[2025-03-16 08:10:16] Epoch 5 - Training Loss: 0.5224, Training Accuracy: 82.56%
[2025-03-16 08:10:26] Epoch 5 - Validation Loss: 0.5497, Validation Accuracy: 81.88%
[2025-03-16 08:10:29] Epoch 6 - Validation Loss: 0.3851, Validation Accuracy: 87.55%
[2025-03-16 08:10:30] Epoch 5 - Validation Loss: 0.3347, Validation Accuracy: 89.33%
[2025-03-16 08:10:48] Epoch 5 - Test Accuracy: 80.17%
[2025-03-16 08:11:00] Epoch 6 - Test Accuracy: 84.07%
[2025-03-16 08:11:12] Epoch 5 - Test Accuracy: 87.21%
[2025-03-16 08:12:50] Epoch 7 - Training Loss: 0.4874, Training Accuracy: 83.69%
[2025-03-16 08:13:04] Epoch 7 - Validation Loss: 0.3187, Validation Accuracy: 89.12%
[2025-03-16 08:13:05] Epoch 6 - Training Loss: 0.7062, Training Accuracy: 75.92%
[2025-03-16 08:13:09] Epoch 4 - Training Loss: 0.5990, Training Accuracy: 80.00%
[2025-03-16 08:13:20] Epoch 6 - Validation Loss: 0.5011, Validation Accuracy: 83.47%
[2025-03-16 08:13:30] Epoch 4 - Validation Loss: 0.4319, Validation Accuracy: 85.04%
[2025-03-16 08:13:32] Epoch 7 - Test Accuracy: 86.82%
[2025-03-16 08:13:33] Epoch 6 - Training Loss: 0.4958, Training Accuracy: 83.35%
[2025-03-16 08:13:49] Epoch 6 - Test Accuracy: 81.30%
[2025-03-16 08:13:49] Epoch 6 - Validation Loss: 0.3316, Validation Accuracy: 89.41%
[2025-03-16 08:14:11] Epoch 4 - Test Accuracy: 84.51%
[2025-03-16 08:14:25] Epoch 6 - Test Accuracy: 87.06%
[2025-03-16 08:15:46] Epoch 8 - Training Loss: 0.4659, Training Accuracy: 84.24%
[2025-03-16 08:16:00] Epoch 7 - Training Loss: 0.6898, Training Accuracy: 76.19%
[2025-03-16 08:16:01] Epoch 8 - Validation Loss: 0.3133, Validation Accuracy: 89.87%
[2025-03-16 08:16:13] Epoch 7 - Validation Loss: 0.5102, Validation Accuracy: 82.12%
[2025-03-16 08:16:35] Epoch 8 - Test Accuracy: 86.82%
[2025-03-16 08:16:35] Epoch 7 - Training Loss: 0.4793, Training Accuracy: 83.95%
[2025-03-16 08:16:53] Epoch 7 - Test Accuracy: 81.25%
[2025-03-16 08:17:01] Epoch 7 - Validation Loss: 0.3524, Validation Accuracy: 88.44%
[2025-03-16 08:17:06] Epoch 5 - Training Loss: 0.5892, Training Accuracy: 80.34%
[2025-03-16 08:17:27] Epoch 5 - Validation Loss: 0.4331, Validation Accuracy: 85.31%
[2025-03-16 08:17:36] Epoch 7 - Test Accuracy: 86.23%
[2025-03-16 08:18:19] Epoch 5 - Test Accuracy: 83.92%
[2025-03-16 08:18:19] Epoch 9 - Training Loss: 0.4463, Training Accuracy: 84.85%
[2025-03-16 08:18:20] Epoch 8 - Training Loss: 0.6558, Training Accuracy: 77.64%
[2025-03-16 08:18:41] Epoch 9 - Validation Loss: 0.3258, Validation Accuracy: 89.12%
[2025-03-16 08:18:42] Epoch 8 - Validation Loss: 0.4814, Validation Accuracy: 83.66%
[2025-03-16 08:19:09] Epoch 8 - Test Accuracy: 81.20%
[2025-03-16 08:19:09] Epoch 9 - Test Accuracy: 86.92%
[2025-03-16 08:19:41] Epoch 8 - Training Loss: 0.4852, Training Accuracy: 83.59%
[2025-03-16 08:20:05] Epoch 8 - Validation Loss: 0.3534, Validation Accuracy: 88.77%
[2025-03-16 08:20:31] Epoch 10 - Training Loss: 0.4225, Training Accuracy: 85.74%
[2025-03-16 08:20:47] Epoch 8 - Test Accuracy: 87.70%
[2025-03-16 08:20:48] Epoch 10 - Validation Loss: 0.2926, Validation Accuracy: 90.28%
[2025-03-16 08:21:16] Epoch 6 - Training Loss: 0.5691, Training Accuracy: 80.80%
[2025-03-16 08:21:24] Epoch 10 - Test Accuracy: 88.86%
[2025-03-16 08:21:25] Epoch 9 - Training Loss: 0.6424, Training Accuracy: 78.30%
[2025-03-16 08:21:41] Epoch 6 - Validation Loss: 0.4027, Validation Accuracy: 86.47%
[2025-03-16 08:21:43] Epoch 9 - Validation Loss: 0.4688, Validation Accuracy: 84.04%
[2025-03-16 08:22:17] Epoch 9 - Test Accuracy: 82.67%
[2025-03-16 08:22:18] Epoch 6 - Test Accuracy: 85.37%
[2025-03-16 08:22:36] Epoch 9 - Training Loss: 0.4775, Training Accuracy: 83.81%
[2025-03-16 08:22:58] Epoch 9 - Validation Loss: 0.4400, Validation Accuracy: 86.25%
[2025-03-16 08:23:22] Epoch 11 - Training Loss: 0.4132, Training Accuracy: 86.19%
[2025-03-16 08:23:35] Epoch 11 - Validation Loss: 0.2867, Validation Accuracy: 90.44%
[2025-03-16 08:23:37] Epoch 9 - Test Accuracy: 84.56%
[2025-03-16 08:24:12] Epoch 11 - Test Accuracy: 87.97%
[2025-03-16 08:24:27] Epoch 10 - Training Loss: 0.6112, Training Accuracy: 79.21%
[2025-03-16 08:24:43] Epoch 10 - Validation Loss: 0.4217, Validation Accuracy: 85.44%
[2025-03-16 08:25:09] Epoch 7 - Training Loss: 0.5462, Training Accuracy: 81.67%
[2025-03-16 08:25:22] Epoch 10 - Test Accuracy: 83.63%
[2025-03-16 08:25:34] Epoch 7 - Validation Loss: 0.3870, Validation Accuracy: 87.33%
[2025-03-16 08:25:44] Epoch 10 - Training Loss: 0.4968, Training Accuracy: 83.35%
[2025-03-16 08:26:02] Epoch 10 - Validation Loss: 0.6976, Validation Accuracy: 79.23%
[2025-03-16 08:26:05] Epoch 12 - Training Loss: 0.3981, Training Accuracy: 86.62%
[2025-03-16 08:26:20] Epoch 12 - Validation Loss: 0.2920, Validation Accuracy: 89.63%
[2025-03-16 08:26:21] Epoch 7 - Test Accuracy: 86.11%
[2025-03-16 08:26:32] Epoch 10 - Test Accuracy: 77.30%
[2025-03-16 08:27:03] Epoch 12 - Test Accuracy: 87.80%
[2025-03-16 08:27:19] Epoch 11 - Training Loss: 0.5893, Training Accuracy: 79.87%
[2025-03-16 08:27:36] Epoch 11 - Validation Loss: 0.4179, Validation Accuracy: 86.07%
[2025-03-16 08:28:14] Epoch 11 - Test Accuracy: 83.41%
[2025-03-16 08:28:26] Epoch 11 - Training Loss: 0.4921, Training Accuracy: 83.66%
[2025-03-16 08:28:45] Epoch 11 - Validation Loss: 0.6092, Validation Accuracy: 83.53%
[2025-03-16 08:28:53] Epoch 13 - Training Loss: 0.3858, Training Accuracy: 87.03%
[2025-03-16 08:29:11] Epoch 13 - Validation Loss: 0.2697, Validation Accuracy: 90.76%
[2025-03-16 08:29:12] Epoch 8 - Training Loss: 0.5327, Training Accuracy: 81.99%
[2025-03-16 08:29:24] Epoch 11 - Test Accuracy: 81.35%
[2025-03-16 08:29:24] Stopping training at epoch 12 due to early stopping
[2025-03-16 08:29:24] Final Training Accuracy: 83.66%
[2025-03-16 08:29:24] Final Test Accuracy: 81.35%
[2025-03-16 08:29:24] Final Validation Accuracy: 83.53%, Model size: 79774
[2025-03-16 08:29:24] Saved model checkpoint to best_model_trial_57.pt
[2025-03-16 08:29:32] Epoch 8 - Validation Loss: 0.3945, Validation Accuracy: 86.69%
[2025-03-16 08:29:38] Epoch 13 - Test Accuracy: 88.39%
[2025-03-16 08:29:55] Epoch 12 - Training Loss: 0.5797, Training Accuracy: 80.17%
[2025-03-16 08:30:07] Epoch 12 - Validation Loss: 0.4116, Validation Accuracy: 85.47%
[2025-03-16 08:30:08] Epoch 8 - Test Accuracy: 85.08%
[2025-03-16 08:30:37] Epoch 12 - Test Accuracy: 84.27%
[2025-03-16 08:31:02] Epoch 14 - Training Loss: 0.3756, Training Accuracy: 87.05%
[2025-03-16 08:31:04] Starting training with hyperparameters: {'d_state': 15, 'd_conv': 6, 'expand': 2, 'batch_size': 32, 'dropout_rate': 0.29677501701810877, 'num_mamba_layers': 2, 'n_mfcc': 11, 'n_fft': 403, 'hop_length': 528, 'n_mels': 39, 'noise_level': 0.11206953306946013, 'shift': 30, 'lr': 0.004454646120914977, 'weight_decay': 4.771324259749945e-05}
[2025-03-16 08:31:20] Epoch 14 - Validation Loss: 0.2605, Validation Accuracy: 91.17%
[2025-03-16 08:31:48] Epoch 14 - Test Accuracy: 88.86%
[2025-03-16 08:32:19] Epoch 13 - Training Loss: 0.5668, Training Accuracy: 80.59%
[2025-03-16 08:32:25] Epoch 0 - Training Loss: 1.4046, Training Accuracy: 50.00%
[2025-03-16 08:32:27] Epoch 9 - Training Loss: 0.5021, Training Accuracy: 83.25%
[2025-03-16 08:32:39] Epoch 13 - Validation Loss: 0.4033, Validation Accuracy: 86.15%
[2025-03-16 08:32:40] Epoch 0 - Validation Loss: 0.7906, Validation Accuracy: 72.16%
[2025-03-16 08:32:44] Epoch 9 - Validation Loss: 0.3561, Validation Accuracy: 88.55%
[2025-03-16 08:32:59] Epoch 0 - Test Accuracy: 70.20%
[2025-03-16 08:33:03] Epoch 13 - Test Accuracy: 84.51%
[2025-03-16 08:33:22] Epoch 15 - Training Loss: 0.3606, Training Accuracy: 87.83%
[2025-03-16 08:33:29] Epoch 9 - Test Accuracy: 86.99%
[2025-03-16 08:33:38] Epoch 15 - Validation Loss: 0.2682, Validation Accuracy: 90.66%
[2025-03-16 08:34:07] Epoch 15 - Test Accuracy: 89.67%
[2025-03-16 08:34:08] Epoch 1 - Training Loss: 0.8445, Training Accuracy: 70.91%
[2025-03-16 08:34:25] Epoch 1 - Validation Loss: 0.6876, Validation Accuracy: 76.13%
[2025-03-16 08:34:41] Epoch 14 - Training Loss: 0.5486, Training Accuracy: 81.49%
[2025-03-16 08:34:57] Epoch 14 - Validation Loss: 0.3902, Validation Accuracy: 86.44%
[2025-03-16 08:34:58] Epoch 1 - Test Accuracy: 75.16%
[2025-03-16 08:35:22] Epoch 14 - Test Accuracy: 84.56%
[2025-03-16 08:35:51] Epoch 16 - Training Loss: 0.3541, Training Accuracy: 88.07%
[2025-03-16 08:35:56] Epoch 10 - Training Loss: 0.4869, Training Accuracy: 83.78%
[2025-03-16 08:36:06] Epoch 16 - Validation Loss: 0.2622, Validation Accuracy: 90.87%
[2025-03-16 08:36:11] Epoch 10 - Validation Loss: 0.3593, Validation Accuracy: 88.09%
[2025-03-16 08:36:14] Epoch 2 - Training Loss: 0.7301, Training Accuracy: 75.39%
[2025-03-16 08:36:24] Epoch 2 - Validation Loss: 0.5554, Validation Accuracy: 81.02%
[2025-03-16 08:36:28] Epoch 16 - Test Accuracy: 89.25%
[2025-03-16 08:36:49] Epoch 10 - Test Accuracy: 85.42%
[2025-03-16 08:36:51] Epoch 15 - Training Loss: 0.5392, Training Accuracy: 81.70%
[2025-03-16 08:36:57] Epoch 2 - Test Accuracy: 79.58%
[2025-03-16 08:37:08] Epoch 15 - Validation Loss: 0.3905, Validation Accuracy: 86.71%
[2025-03-16 08:37:42] Epoch 15 - Test Accuracy: 84.34%
[2025-03-16 08:37:59] Epoch 17 - Training Loss: 0.3461, Training Accuracy: 88.24%
[2025-03-16 08:38:13] Epoch 3 - Training Loss: 0.6540, Training Accuracy: 77.70%
[2025-03-16 08:38:15] Epoch 17 - Validation Loss: 0.2512, Validation Accuracy: 90.98%
[2025-03-16 08:38:22] Epoch 3 - Validation Loss: 0.5016, Validation Accuracy: 83.12%
[2025-03-16 08:38:44] Epoch 17 - Test Accuracy: 89.89%
[2025-03-16 08:38:57] Epoch 3 - Test Accuracy: 81.30%
[2025-03-16 08:39:12] Epoch 11 - Training Loss: 0.4876, Training Accuracy: 83.69%
[2025-03-16 08:39:23] Epoch 16 - Training Loss: 0.5303, Training Accuracy: 81.84%
[2025-03-16 08:39:33] Epoch 11 - Validation Loss: 0.3344, Validation Accuracy: 89.25%
[2025-03-16 08:39:35] Epoch 16 - Validation Loss: 0.3673, Validation Accuracy: 87.50%
[2025-03-16 08:39:58] Epoch 16 - Test Accuracy: 85.30%
[2025-03-16 08:40:02] Epoch 11 - Test Accuracy: 87.11%
[2025-03-16 08:40:08] Epoch 4 - Training Loss: 0.6202, Training Accuracy: 78.95%
[2025-03-16 08:40:17] Epoch 18 - Training Loss: 0.3345, Training Accuracy: 88.61%
[2025-03-16 08:40:18] Epoch 4 - Validation Loss: 0.4630, Validation Accuracy: 84.17%
[2025-03-16 08:40:30] Epoch 18 - Validation Loss: 0.2419, Validation Accuracy: 91.49%
[2025-03-16 08:40:48] Epoch 4 - Test Accuracy: 82.82%
[2025-03-16 08:40:57] Epoch 18 - Test Accuracy: 90.50%
[2025-03-16 08:41:43] Epoch 17 - Training Loss: 0.5190, Training Accuracy: 82.55%
[2025-03-16 08:41:59] Epoch 17 - Validation Loss: 0.3694, Validation Accuracy: 87.17%
[2025-03-16 08:42:04] Epoch 5 - Training Loss: 0.5876, Training Accuracy: 79.89%
[2025-03-16 08:42:17] Epoch 5 - Validation Loss: 0.4541, Validation Accuracy: 84.69%
[2025-03-16 08:42:27] Epoch 17 - Test Accuracy: 85.27%
[2025-03-16 08:42:28] Epoch 12 - Training Loss: 0.4561, Training Accuracy: 84.83%
[2025-03-16 08:42:28] Epoch 19 - Training Loss: 0.3291, Training Accuracy: 88.85%
[2025-03-16 08:42:51] Epoch 5 - Test Accuracy: 82.50%
[2025-03-16 08:42:53] Epoch 19 - Validation Loss: 0.2413, Validation Accuracy: 91.68%
[2025-03-16 08:42:54] Epoch 12 - Validation Loss: 0.3197, Validation Accuracy: 89.33%
[2025-03-16 08:43:15] Epoch 19 - Test Accuracy: 90.77%
[2025-03-16 08:43:28] Epoch 12 - Test Accuracy: 87.29%
[2025-03-16 08:43:57] Epoch 18 - Training Loss: 0.5094, Training Accuracy: 82.64%
[2025-03-16 08:44:07] Epoch 6 - Training Loss: 0.5703, Training Accuracy: 80.65%
[2025-03-16 08:44:13] Epoch 18 - Validation Loss: 0.3585, Validation Accuracy: 88.23%
[2025-03-16 08:44:17] Epoch 6 - Validation Loss: 0.4492, Validation Accuracy: 84.55%
[2025-03-16 08:44:42] Epoch 18 - Test Accuracy: 84.90%
[2025-03-16 08:44:48] Epoch 6 - Test Accuracy: 82.60%
[2025-03-16 08:44:49] Epoch 20 - Training Loss: 0.3178, Training Accuracy: 89.13%
[2025-03-16 08:45:07] Epoch 20 - Validation Loss: 0.2555, Validation Accuracy: 90.82%
[2025-03-16 08:45:41] Epoch 20 - Test Accuracy: 90.55%
[2025-03-16 08:45:42] Epoch 13 - Training Loss: 0.4624, Training Accuracy: 84.51%
[2025-03-16 08:46:01] Epoch 7 - Training Loss: 0.5435, Training Accuracy: 81.71%
[2025-03-16 08:46:02] Epoch 13 - Validation Loss: 0.3586, Validation Accuracy: 88.09%
[2025-03-16 08:46:11] Epoch 7 - Validation Loss: 0.4464, Validation Accuracy: 85.69%
[2025-03-16 08:46:18] Epoch 19 - Training Loss: 0.4992, Training Accuracy: 82.97%
[2025-03-16 08:46:31] Epoch 19 - Validation Loss: 0.3534, Validation Accuracy: 87.85%
[2025-03-16 08:46:35] Epoch 7 - Test Accuracy: 84.09%
[2025-03-16 08:46:41] Epoch 13 - Test Accuracy: 86.55%
[2025-03-16 08:47:00] Epoch 19 - Test Accuracy: 86.57%
[2025-03-16 08:47:17] Epoch 21 - Training Loss: 0.3149, Training Accuracy: 89.20%
[2025-03-16 08:47:31] Epoch 21 - Validation Loss: 0.2452, Validation Accuracy: 91.01%
[2025-03-16 08:47:54] Epoch 8 - Training Loss: 0.5476, Training Accuracy: 81.35%
[2025-03-16 08:48:04] Epoch 21 - Test Accuracy: 90.33%
[2025-03-16 08:48:05] Epoch 8 - Validation Loss: 0.4279, Validation Accuracy: 86.47%
[2025-03-16 08:48:42] Epoch 8 - Test Accuracy: 84.17%
[2025-03-16 08:48:47] Epoch 20 - Training Loss: 0.4928, Training Accuracy: 83.45%
[2025-03-16 08:49:04] Epoch 20 - Validation Loss: 0.3667, Validation Accuracy: 87.69%
[2025-03-16 08:49:07] Epoch 14 - Training Loss: 0.4872, Training Accuracy: 83.68%
[2025-03-16 08:49:25] Epoch 14 - Validation Loss: 0.4861, Validation Accuracy: 85.04%
[2025-03-16 08:49:29] Epoch 20 - Test Accuracy: 85.44%
[2025-03-16 08:49:50] Epoch 22 - Training Loss: 0.3108, Training Accuracy: 89.46%
[2025-03-16 08:49:51] Epoch 9 - Training Loss: 0.5194, Training Accuracy: 82.46%
[2025-03-16 08:50:04] Epoch 9 - Validation Loss: 0.4119, Validation Accuracy: 85.85%
[2025-03-16 08:50:05] Epoch 22 - Validation Loss: 0.2246, Validation Accuracy: 92.55%
[2025-03-16 08:50:05] Epoch 14 - Test Accuracy: 82.57%
[2025-03-16 08:50:29] Epoch 9 - Test Accuracy: 83.43%
[2025-03-16 08:50:38] Epoch 22 - Test Accuracy: 91.09%
[2025-03-16 08:51:01] Epoch 21 - Training Loss: 0.4824, Training Accuracy: 83.80%
[2025-03-16 08:51:17] Epoch 21 - Validation Loss: 0.3456, Validation Accuracy: 88.55%
[2025-03-16 08:51:43] Epoch 10 - Training Loss: 0.5133, Training Accuracy: 82.71%
[2025-03-16 08:51:54] Epoch 21 - Test Accuracy: 86.65%
[2025-03-16 08:51:55] Epoch 10 - Validation Loss: 0.3968, Validation Accuracy: 86.44%
[2025-03-16 08:52:14] Epoch 23 - Training Loss: 0.3043, Training Accuracy: 89.75%
[2025-03-16 08:52:27] Epoch 23 - Validation Loss: 0.2130, Validation Accuracy: 92.57%
[2025-03-16 08:52:27] Epoch 10 - Test Accuracy: 84.76%
[2025-03-16 08:52:28] Epoch 15 - Training Loss: 0.5352, Training Accuracy: 82.10%
[2025-03-16 08:52:51] Epoch 15 - Validation Loss: 0.4264, Validation Accuracy: 85.36%
[2025-03-16 08:52:54] Epoch 23 - Test Accuracy: 91.09%
[2025-03-16 08:53:24] Epoch 22 - Training Loss: 0.4728, Training Accuracy: 83.85%
[2025-03-16 08:53:33] Epoch 11 - Training Loss: 0.4982, Training Accuracy: 82.90%
[2025-03-16 08:53:33] Epoch 15 - Test Accuracy: 82.60%
[2025-03-16 08:53:40] Epoch 22 - Validation Loss: 0.3429, Validation Accuracy: 88.47%
[2025-03-16 08:53:44] Epoch 11 - Validation Loss: 0.3919, Validation Accuracy: 87.12%
[2025-03-16 08:54:11] Epoch 11 - Test Accuracy: 85.42%
[2025-03-16 08:54:12] Epoch 22 - Test Accuracy: 86.84%
[2025-03-16 08:54:26] Epoch 24 - Training Loss: 0.3023, Training Accuracy: 89.86%
[2025-03-16 08:54:41] Epoch 24 - Validation Loss: 0.2328, Validation Accuracy: 91.95%
[2025-03-16 08:55:10] Epoch 24 - Test Accuracy: 90.75%
[2025-03-16 08:55:30] Epoch 12 - Training Loss: 0.4884, Training Accuracy: 83.56%
[2025-03-16 08:55:43] Epoch 12 - Validation Loss: 0.3902, Validation Accuracy: 86.88%
[2025-03-16 08:55:53] Epoch 23 - Training Loss: 0.4683, Training Accuracy: 84.12%
[2025-03-16 08:55:54] Epoch 16 - Training Loss: 0.4883, Training Accuracy: 83.41%
[2025-03-16 08:56:10] Epoch 23 - Validation Loss: 0.3448, Validation Accuracy: 88.47%
[2025-03-16 08:56:13] Epoch 16 - Validation Loss: 0.3773, Validation Accuracy: 87.15%
[2025-03-16 08:56:13] Epoch 12 - Test Accuracy: 84.78%
[2025-03-16 08:56:36] Epoch 23 - Test Accuracy: 87.36%
[2025-03-16 08:56:41] Epoch 25 - Training Loss: 0.2947, Training Accuracy: 89.89%
[2025-03-16 08:56:53] Epoch 16 - Test Accuracy: 86.11%
[2025-03-16 08:56:53] Epoch 25 - Validation Loss: 0.2171, Validation Accuracy: 92.22%
[2025-03-16 08:57:21] Epoch 13 - Training Loss: 0.4853, Training Accuracy: 83.70%
[2025-03-16 08:57:24] Epoch 25 - Test Accuracy: 91.68%
[2025-03-16 08:57:36] Epoch 13 - Validation Loss: 0.3961, Validation Accuracy: 86.77%
[2025-03-16 08:58:09] Epoch 13 - Test Accuracy: 84.49%
[2025-03-16 08:58:10] Epoch 24 - Training Loss: 0.4626, Training Accuracy: 84.39%
[2025-03-16 08:58:25] Epoch 24 - Validation Loss: 0.3358, Validation Accuracy: 89.04%
[2025-03-16 08:58:55] Epoch 24 - Test Accuracy: 87.41%
[2025-03-16 08:58:55] Epoch 26 - Training Loss: 0.2915, Training Accuracy: 90.16%
[2025-03-16 08:59:12] Epoch 26 - Validation Loss: 0.2251, Validation Accuracy: 92.09%
[2025-03-16 08:59:13] Epoch 17 - Training Loss: 0.4235, Training Accuracy: 85.69%
[2025-03-16 08:59:24] Epoch 14 - Training Loss: 0.4927, Training Accuracy: 83.14%
[2025-03-16 08:59:32] Epoch 17 - Validation Loss: 0.3341, Validation Accuracy: 88.85%
[2025-03-16 08:59:33] Epoch 14 - Validation Loss: 0.3765, Validation Accuracy: 87.25%
[2025-03-16 08:59:41] Epoch 26 - Test Accuracy: 92.07%
[2025-03-16 09:00:04] Epoch 14 - Test Accuracy: 85.81%
[2025-03-16 09:00:08] Epoch 17 - Test Accuracy: 87.02%
[2025-03-16 09:00:08] Stopping training at epoch 18 due to early stopping
[2025-03-16 09:00:08] Final Training Accuracy: 85.69%
[2025-03-16 09:00:08] Final Test Accuracy: 87.02%
[2025-03-16 09:00:08] Final Validation Accuracy: 88.85%, Model size: 107314
[2025-03-16 09:00:08] Saved model checkpoint to best_model_trial_60.pt
[2025-03-16 09:00:25] Epoch 25 - Training Loss: 0.4557, Training Accuracy: 84.48%
[2025-03-16 09:00:35] Epoch 25 - Validation Loss: 0.3277, Validation Accuracy: 88.60%
[2025-03-16 09:00:52] Epoch 27 - Training Loss: 0.2882, Training Accuracy: 90.12%
[2025-03-16 09:00:56] Epoch 25 - Test Accuracy: 87.04%
[2025-03-16 09:01:03] Epoch 27 - Validation Loss: 0.2075, Validation Accuracy: 92.87%
[2025-03-16 09:01:07] Epoch 15 - Training Loss: 0.4751, Training Accuracy: 84.14%
[2025-03-16 09:01:16] Epoch 15 - Validation Loss: 0.3786, Validation Accuracy: 87.20%
[2025-03-16 09:01:22] Epoch 27 - Test Accuracy: 92.39%
[2025-03-16 09:01:39] Epoch 15 - Test Accuracy: 85.67%
[2025-03-16 09:01:41] Starting training with hyperparameters: {'d_state': 11, 'd_conv': 7, 'expand': 2, 'batch_size': 25, 'dropout_rate': 0.11119120718068756, 'num_mamba_layers': 1, 'n_mfcc': 25, 'n_fft': 418, 'hop_length': 328, 'n_mels': 28, 'noise_level': 0.17052344887020604, 'shift': 62, 'lr': 0.001935437824094981, 'weight_decay': 3.32938460479402e-05}
[2025-03-16 09:02:18] Epoch 26 - Training Loss: 0.4425, Training Accuracy: 85.12%
[2025-03-16 09:02:32] Epoch 26 - Validation Loss: 0.3318, Validation Accuracy: 88.55%
[2025-03-16 09:02:42] Epoch 28 - Training Loss: 0.2788, Training Accuracy: 90.63%
[2025-03-16 09:02:48] Epoch 16 - Training Loss: 0.4618, Training Accuracy: 84.32%
[2025-03-16 09:02:55] Epoch 28 - Validation Loss: 0.1978, Validation Accuracy: 93.17%
[2025-03-16 09:02:56] Epoch 16 - Validation Loss: 0.3823, Validation Accuracy: 87.12%
[2025-03-16 09:02:56] Epoch 26 - Test Accuracy: 87.38%
[2025-03-16 09:03:01] Epoch 0 - Training Loss: 1.1272, Training Accuracy: 60.36%
[2025-03-16 09:03:11] Epoch 0 - Validation Loss: 0.5758, Validation Accuracy: 82.10%
[2025-03-16 09:03:15] Epoch 16 - Test Accuracy: 84.86%
[2025-03-16 09:03:15] Epoch 28 - Test Accuracy: 93.03%
[2025-03-16 09:03:36] Epoch 0 - Test Accuracy: 79.50%
[2025-03-16 09:04:24] Epoch 17 - Training Loss: 0.4522, Training Accuracy: 84.75%
[2025-03-16 09:04:25] Epoch 27 - Training Loss: 0.4391, Training Accuracy: 85.26%
[2025-03-16 09:04:39] Epoch 17 - Validation Loss: 0.3805, Validation Accuracy: 87.85%
[2025-03-16 09:04:41] Epoch 27 - Validation Loss: 0.3247, Validation Accuracy: 88.71%
[2025-03-16 09:04:43] Epoch 29 - Training Loss: 0.2782, Training Accuracy: 90.58%
[2025-03-16 09:04:52] Epoch 29 - Validation Loss: 0.2137, Validation Accuracy: 92.71%
[2025-03-16 09:04:57] Epoch 17 - Test Accuracy: 85.47%
[2025-03-16 09:04:58] Epoch 1 - Training Loss: 0.6267, Training Accuracy: 78.75%
[2025-03-16 09:05:08] Epoch 27 - Test Accuracy: 88.05%
[2025-03-16 09:05:08] Epoch 1 - Validation Loss: 0.4226, Validation Accuracy: 85.80%
[2025-03-16 09:05:15] Epoch 29 - Test Accuracy: 91.90%
[2025-03-16 09:05:35] Epoch 1 - Test Accuracy: 84.49%
[2025-03-16 09:06:06] Epoch 18 - Training Loss: 0.4449, Training Accuracy: 85.13%
[2025-03-16 09:06:17] Epoch 18 - Validation Loss: 0.3675, Validation Accuracy: 87.23%
[2025-03-16 09:06:35] Epoch 28 - Training Loss: 0.4356, Training Accuracy: 85.08%
[2025-03-16 09:06:37] Epoch 30 - Training Loss: 0.2715, Training Accuracy: 90.73%
[2025-03-16 09:06:48] Epoch 18 - Test Accuracy: 86.06%
[2025-03-16 09:06:49] Epoch 28 - Validation Loss: 0.3258, Validation Accuracy: 89.06%
[2025-03-16 09:06:50] Epoch 30 - Validation Loss: 0.2190, Validation Accuracy: 92.11%
[2025-03-16 09:07:03] Epoch 2 - Training Loss: 0.5226, Training Accuracy: 82.27%
[2025-03-16 09:07:10] Epoch 30 - Test Accuracy: 91.56%
[2025-03-16 09:07:11] Epoch 2 - Validation Loss: 0.4258, Validation Accuracy: 85.88%
[2025-03-16 09:07:11] Epoch 28 - Test Accuracy: 87.85%
[2025-03-16 09:07:43] Epoch 2 - Test Accuracy: 83.53%
[2025-03-16 09:07:56] Epoch 19 - Training Loss: 0.4388, Training Accuracy: 85.07%
[2025-03-16 09:08:08] Epoch 19 - Validation Loss: 0.3766, Validation Accuracy: 87.31%
[2025-03-16 09:08:37] Epoch 19 - Test Accuracy: 85.71%
[2025-03-16 09:08:38] Epoch 31 - Training Loss: 0.2663, Training Accuracy: 90.93%
[2025-03-16 09:08:43] Epoch 29 - Training Loss: 0.4224, Training Accuracy: 85.63%
[2025-03-16 09:08:55] Epoch 29 - Validation Loss: 0.3293, Validation Accuracy: 88.52%
[2025-03-16 09:08:57] Epoch 31 - Validation Loss: 0.1981, Validation Accuracy: 93.09%
[2025-03-16 09:09:06] Epoch 29 - Test Accuracy: 87.46%
[2025-03-16 09:09:07] Epoch 3 - Training Loss: 0.4772, Training Accuracy: 84.06%
[2025-03-16 09:09:18] Epoch 3 - Validation Loss: 0.3658, Validation Accuracy: 87.79%
[2025-03-16 09:09:20] Epoch 31 - Test Accuracy: 91.95%
[2025-03-16 09:09:42] Epoch 20 - Training Loss: 0.4353, Training Accuracy: 85.17%
[2025-03-16 09:09:47] Epoch 3 - Test Accuracy: 86.77%
[2025-03-16 09:09:55] Epoch 20 - Validation Loss: 0.3533, Validation Accuracy: 88.23%
[2025-03-16 09:10:22] Epoch 20 - Test Accuracy: 85.13%
[2025-03-16 09:10:33] Epoch 30 - Training Loss: 0.4183, Training Accuracy: 85.80%
[2025-03-16 09:10:45] Epoch 30 - Validation Loss: 0.3056, Validation Accuracy: 89.41%
[2025-03-16 09:10:47] Epoch 32 - Training Loss: 0.2704, Training Accuracy: 90.76%
[2025-03-16 09:10:59] Epoch 32 - Validation Loss: 0.1919, Validation Accuracy: 92.92%
[2025-03-16 09:11:03] Epoch 30 - Test Accuracy: 87.92%
[2025-03-16 09:11:08] Epoch 4 - Training Loss: 0.4430, Training Accuracy: 85.30%
[2025-03-16 09:11:20] Epoch 4 - Validation Loss: 0.3539, Validation Accuracy: 88.44%
[2025-03-16 09:11:23] Epoch 32 - Test Accuracy: 93.03%
[2025-03-16 09:11:31] Epoch 21 - Training Loss: 0.4289, Training Accuracy: 85.43%
[2025-03-16 09:11:41] Epoch 21 - Validation Loss: 0.3534, Validation Accuracy: 87.96%
[2025-03-16 09:11:50] Epoch 4 - Test Accuracy: 86.06%
[2025-03-16 09:12:10] Epoch 21 - Test Accuracy: 86.08%
[2025-03-16 09:12:29] Epoch 31 - Training Loss: 0.4140, Training Accuracy: 86.20%
[2025-03-16 09:12:44] Epoch 31 - Validation Loss: 0.3072, Validation Accuracy: 89.66%
[2025-03-16 09:12:46] Epoch 33 - Training Loss: 0.2639, Training Accuracy: 90.81%
[2025-03-16 09:12:57] Epoch 33 - Validation Loss: 0.2022, Validation Accuracy: 93.14%
[2025-03-16 09:13:02] Epoch 31 - Test Accuracy: 87.63%
[2025-03-16 09:13:13] Epoch 5 - Training Loss: 0.4250, Training Accuracy: 85.60%
[2025-03-16 09:13:20] Epoch 22 - Training Loss: 0.4275, Training Accuracy: 85.62%
[2025-03-16 09:13:26] Epoch 5 - Validation Loss: 0.3398, Validation Accuracy: 88.77%
[2025-03-16 09:13:26] Epoch 33 - Test Accuracy: 92.22%
[2025-03-16 09:13:31] Epoch 22 - Validation Loss: 0.3318, Validation Accuracy: 88.31%
[2025-03-16 09:13:57] Epoch 22 - Test Accuracy: 87.41%
[2025-03-16 09:13:57] Epoch 5 - Test Accuracy: 87.58%
[2025-03-16 09:14:34] Epoch 32 - Training Loss: 0.4073, Training Accuracy: 86.23%
[2025-03-16 09:14:46] Epoch 32 - Validation Loss: 0.3148, Validation Accuracy: 89.25%
[2025-03-16 09:14:57] Epoch 34 - Training Loss: 0.2593, Training Accuracy: 91.09%
[2025-03-16 09:15:08] Epoch 23 - Training Loss: 0.4273, Training Accuracy: 85.58%
[2025-03-16 09:15:08] Epoch 34 - Validation Loss: 0.1909, Validation Accuracy: 93.17%
[2025-03-16 09:15:09] Epoch 32 - Test Accuracy: 88.00%
[2025-03-16 09:15:18] Epoch 23 - Validation Loss: 0.3331, Validation Accuracy: 88.60%
[2025-03-16 09:15:23] Epoch 6 - Training Loss: 0.4035, Training Accuracy: 86.32%
[2025-03-16 09:15:33] Epoch 6 - Validation Loss: 0.3528, Validation Accuracy: 88.12%
[2025-03-16 09:15:35] Epoch 34 - Test Accuracy: 92.59%
[2025-03-16 09:15:44] Epoch 23 - Test Accuracy: 87.19%
[2025-03-16 09:16:07] Epoch 6 - Test Accuracy: 86.30%
[2025-03-16 09:16:28] Epoch 33 - Training Loss: 0.4043, Training Accuracy: 86.12%
[2025-03-16 09:16:40] Epoch 33 - Validation Loss: 0.3141, Validation Accuracy: 88.74%
[2025-03-16 09:16:49] Epoch 24 - Training Loss: 0.4355, Training Accuracy: 85.29%
[2025-03-16 09:16:50] Epoch 35 - Training Loss: 0.2602, Training Accuracy: 91.10%
[2025-03-16 09:17:02] Epoch 24 - Validation Loss: 0.3835, Validation Accuracy: 87.09%
[2025-03-16 09:17:03] Epoch 35 - Validation Loss: 0.2022, Validation Accuracy: 93.01%
[2025-03-16 09:17:07] Epoch 33 - Test Accuracy: 88.00%
[2025-03-16 09:17:23] Epoch 7 - Training Loss: 0.3947, Training Accuracy: 86.80%
[2025-03-16 09:17:23] Epoch 24 - Test Accuracy: 84.29%
[2025-03-16 09:17:30] Epoch 35 - Test Accuracy: 93.03%
[2025-03-16 09:17:38] Epoch 7 - Validation Loss: 0.2924, Validation Accuracy: 90.28%
[2025-03-16 09:18:05] Epoch 7 - Test Accuracy: 87.83%
[2025-03-16 09:18:28] Epoch 34 - Training Loss: 0.3981, Training Accuracy: 86.29%
[2025-03-16 09:18:34] Epoch 25 - Training Loss: 0.4260, Training Accuracy: 85.39%
[2025-03-16 09:18:44] Epoch 34 - Validation Loss: 0.3035, Validation Accuracy: 89.06%
[2025-03-16 09:18:44] Epoch 25 - Validation Loss: 0.3504, Validation Accuracy: 87.79%
[2025-03-16 09:18:48] Epoch 36 - Training Loss: 0.2580, Training Accuracy: 91.14%
[2025-03-16 09:18:56] Epoch 36 - Validation Loss: 0.1935, Validation Accuracy: 93.46%
[2025-03-16 09:19:06] Epoch 25 - Test Accuracy: 86.50%
[2025-03-16 09:19:10] Epoch 34 - Test Accuracy: 88.73%
[2025-03-16 09:19:19] Epoch 36 - Test Accuracy: 92.54%
[2025-03-16 09:19:29] Epoch 8 - Training Loss: 0.3820, Training Accuracy: 87.21%
[2025-03-16 09:19:42] Epoch 8 - Validation Loss: 0.3182, Validation Accuracy: 89.77%
[2025-03-16 09:20:08] Epoch 8 - Test Accuracy: 87.75%
[2025-03-16 09:20:15] Epoch 26 - Training Loss: 0.4180, Training Accuracy: 85.83%
[2025-03-16 09:20:27] Epoch 26 - Validation Loss: 0.3241, Validation Accuracy: 89.01%
[2025-03-16 09:20:37] Epoch 35 - Training Loss: 0.3951, Training Accuracy: 86.54%
[2025-03-16 09:20:46] Epoch 37 - Training Loss: 0.2539, Training Accuracy: 91.26%
[2025-03-16 09:20:52] Epoch 35 - Validation Loss: 0.2865, Validation Accuracy: 90.28%
[2025-03-16 09:20:55] Epoch 26 - Test Accuracy: 87.16%
[2025-03-16 09:20:56] Epoch 37 - Validation Loss: 0.1894, Validation Accuracy: 93.73%
[2025-03-16 09:21:12] Epoch 35 - Test Accuracy: 89.15%
[2025-03-16 09:21:19] Epoch 37 - Test Accuracy: 93.00%
[2025-03-16 09:21:34] Epoch 9 - Training Loss: 0.3737, Training Accuracy: 87.17%
[2025-03-16 09:21:47] Epoch 9 - Validation Loss: 0.3243, Validation Accuracy: 89.31%
[2025-03-16 09:21:59] Epoch 27 - Training Loss: 0.4135, Training Accuracy: 85.98%
[2025-03-16 09:22:09] Epoch 27 - Validation Loss: 0.3361, Validation Accuracy: 88.47%
[2025-03-16 09:22:16] Epoch 9 - Test Accuracy: 87.73%
[2025-03-16 09:22:38] Epoch 27 - Test Accuracy: 86.65%
[2025-03-16 09:22:38] Epoch 36 - Training Loss: 0.3907, Training Accuracy: 86.69%
[2025-03-16 09:22:50] Epoch 38 - Training Loss: 0.2516, Training Accuracy: 91.32%
[2025-03-16 09:22:55] Epoch 36 - Validation Loss: 0.2952, Validation Accuracy: 89.82%
[2025-03-16 09:23:00] Epoch 38 - Validation Loss: 0.1887, Validation Accuracy: 93.25%
[2025-03-16 09:23:13] Epoch 36 - Test Accuracy: 88.44%
[2025-03-16 09:23:23] Epoch 38 - Test Accuracy: 92.56%
[2025-03-16 09:23:38] Epoch 10 - Training Loss: 0.3667, Training Accuracy: 87.62%
[2025-03-16 09:23:45] Epoch 28 - Training Loss: 0.4088, Training Accuracy: 86.08%
[2025-03-16 09:23:53] Epoch 10 - Validation Loss: 0.3040, Validation Accuracy: 90.12%
[2025-03-16 09:23:55] Epoch 28 - Validation Loss: 0.3498, Validation Accuracy: 88.25%
[2025-03-16 09:24:21] Epoch 28 - Test Accuracy: 86.65%
[2025-03-16 09:24:22] Epoch 10 - Test Accuracy: 88.59%
[2025-03-16 09:24:40] Epoch 37 - Training Loss: 0.3885, Training Accuracy: 86.87%
[2025-03-16 09:24:50] Epoch 39 - Training Loss: 0.2471, Training Accuracy: 91.62%
[2025-03-16 09:24:55] Epoch 37 - Validation Loss: 0.2812, Validation Accuracy: 89.66%
[2025-03-16 09:25:00] Epoch 39 - Validation Loss: 0.1940, Validation Accuracy: 93.49%
[2025-03-16 09:25:10] Epoch 37 - Test Accuracy: 89.08%
[2025-03-16 09:25:26] Epoch 29 - Training Loss: 0.4036, Training Accuracy: 86.41%
[2025-03-16 09:25:26] Epoch 39 - Test Accuracy: 92.88%
[2025-03-16 09:25:40] Epoch 29 - Validation Loss: 0.3543, Validation Accuracy: 87.90%
[2025-03-16 09:25:47] Epoch 11 - Training Loss: 0.3608, Training Accuracy: 87.73%
[2025-03-16 09:26:01] Epoch 11 - Validation Loss: 0.2799, Validation Accuracy: 90.55%
[2025-03-16 09:26:08] Epoch 29 - Test Accuracy: 86.25%
[2025-03-16 09:26:31] Epoch 11 - Test Accuracy: 89.74%
[2025-03-16 09:26:36] Epoch 38 - Training Loss: 0.3827, Training Accuracy: 87.18%
[2025-03-16 09:26:49] Epoch 38 - Validation Loss: 0.2860, Validation Accuracy: 89.87%
[2025-03-16 09:26:53] Epoch 40 - Training Loss: 0.2401, Training Accuracy: 91.73%
[2025-03-16 09:27:04] Epoch 40 - Validation Loss: 0.1968, Validation Accuracy: 92.90%
[2025-03-16 09:27:08] Epoch 38 - Test Accuracy: 89.08%
[2025-03-16 09:27:15] Epoch 30 - Training Loss: 0.4146, Training Accuracy: 86.01%
[2025-03-16 09:27:25] Epoch 30 - Validation Loss: 0.3269, Validation Accuracy: 88.95%
[2025-03-16 09:27:29] Epoch 40 - Test Accuracy: 92.78%
[2025-03-16 09:27:53] Epoch 12 - Training Loss: 0.3517, Training Accuracy: 87.91%
[2025-03-16 09:27:54] Epoch 30 - Test Accuracy: 86.84%
[2025-03-16 09:28:09] Epoch 12 - Validation Loss: 0.2776, Validation Accuracy: 90.60%
[2025-03-16 09:28:38] Epoch 12 - Test Accuracy: 89.35%
[2025-03-16 09:28:42] Epoch 39 - Training Loss: 0.3746, Training Accuracy: 87.30%
[2025-03-16 09:28:54] Epoch 39 - Validation Loss: 0.2843, Validation Accuracy: 90.44%
[2025-03-16 09:28:55] Epoch 41 - Training Loss: 0.2479, Training Accuracy: 91.59%
[2025-03-16 09:29:05] Epoch 31 - Training Loss: 0.3640, Training Accuracy: 87.40%
[2025-03-16 09:29:05] Epoch 41 - Validation Loss: 0.1914, Validation Accuracy: 93.25%
[2025-03-16 09:29:12] Epoch 31 - Validation Loss: 0.2996, Validation Accuracy: 89.63%
[2025-03-16 09:29:15] Epoch 39 - Test Accuracy: 88.76%
[2025-03-16 09:29:30] Epoch 41 - Test Accuracy: 92.96%
[2025-03-16 09:29:37] Epoch 31 - Test Accuracy: 88.02%
[2025-03-16 09:30:03] Epoch 13 - Training Loss: 0.3464, Training Accuracy: 88.35%
[2025-03-16 09:30:16] Epoch 13 - Validation Loss: 0.2728, Validation Accuracy: 90.71%
[2025-03-16 09:30:41] Epoch 13 - Test Accuracy: 89.03%
[2025-03-16 09:30:42] Epoch 40 - Training Loss: 0.3720, Training Accuracy: 87.30%
[2025-03-16 09:30:49] Epoch 32 - Training Loss: 0.3468, Training Accuracy: 88.20%
[2025-03-16 09:30:56] Epoch 42 - Training Loss: 0.2378, Training Accuracy: 91.85%
[2025-03-16 09:30:57] Epoch 40 - Validation Loss: 0.2850, Validation Accuracy: 90.22%
[2025-03-16 09:31:00] Epoch 32 - Validation Loss: 0.2974, Validation Accuracy: 90.04%
[2025-03-16 09:31:04] Epoch 42 - Validation Loss: 0.1791, Validation Accuracy: 93.90%
[2025-03-16 09:31:16] Epoch 40 - Test Accuracy: 89.79%
[2025-03-16 09:31:20] Epoch 32 - Test Accuracy: 88.41%
[2025-03-16 09:31:30] Epoch 42 - Test Accuracy: 92.93%
[2025-03-16 09:32:07] Epoch 14 - Training Loss: 0.3420, Training Accuracy: 88.29%
[2025-03-16 09:32:21] Epoch 14 - Validation Loss: 0.2925, Validation Accuracy: 89.95%
[2025-03-16 09:32:30] Epoch 33 - Training Loss: 0.3407, Training Accuracy: 88.55%
[2025-03-16 09:32:40] Epoch 33 - Validation Loss: 0.2979, Validation Accuracy: 89.93%
[2025-03-16 09:32:41] Epoch 41 - Training Loss: 0.3700, Training Accuracy: 87.24%
[2025-03-16 09:32:49] Epoch 14 - Test Accuracy: 89.67%
[2025-03-16 09:32:54] Epoch 41 - Validation Loss: 0.2766, Validation Accuracy: 90.74%
[2025-03-16 09:32:55] Epoch 43 - Training Loss: 0.2378, Training Accuracy: 91.93%
[2025-03-16 09:33:04] Epoch 33 - Test Accuracy: 87.92%
[2025-03-16 09:33:05] Epoch 43 - Validation Loss: 0.1822, Validation Accuracy: 93.82%
[2025-03-16 09:33:14] Epoch 41 - Test Accuracy: 89.67%
[2025-03-16 09:33:29] Epoch 43 - Test Accuracy: 92.91%
[2025-03-16 09:34:09] Epoch 15 - Training Loss: 0.3369, Training Accuracy: 88.57%
[2025-03-16 09:34:10] Epoch 34 - Training Loss: 0.3365, Training Accuracy: 88.58%
[2025-03-16 09:34:22] Epoch 34 - Validation Loss: 0.2931, Validation Accuracy: 90.25%
[2025-03-16 09:34:24] Epoch 15 - Validation Loss: 0.2656, Validation Accuracy: 91.09%
[2025-03-16 09:34:43] Epoch 42 - Training Loss: 0.3686, Training Accuracy: 87.63%
[2025-03-16 09:34:48] Epoch 34 - Test Accuracy: 88.29%
[2025-03-16 09:34:55] Epoch 15 - Test Accuracy: 89.99%
[2025-03-16 09:34:55] Epoch 44 - Training Loss: 0.2325, Training Accuracy: 91.97%
[2025-03-16 09:34:56] Epoch 42 - Validation Loss: 0.2873, Validation Accuracy: 89.98%
[2025-03-16 09:35:07] Epoch 44 - Validation Loss: 0.2027, Validation Accuracy: 92.63%
[2025-03-16 09:35:15] Epoch 42 - Test Accuracy: 89.13%
[2025-03-16 09:35:30] Epoch 44 - Test Accuracy: 92.27%
[2025-03-16 09:35:54] Epoch 35 - Training Loss: 0.3343, Training Accuracy: 88.61%
[2025-03-16 09:36:06] Epoch 35 - Validation Loss: 0.2907, Validation Accuracy: 90.49%
[2025-03-16 09:36:16] Epoch 16 - Training Loss: 0.3353, Training Accuracy: 88.51%
[2025-03-16 09:36:30] Epoch 16 - Validation Loss: 0.2611, Validation Accuracy: 91.41%
[2025-03-16 09:36:33] Epoch 35 - Test Accuracy: 88.39%
[2025-03-16 09:36:47] Epoch 43 - Training Loss: 0.3551, Training Accuracy: 87.97%
[2025-03-16 09:36:55] Epoch 45 - Training Loss: 0.2342, Training Accuracy: 91.90%
[2025-03-16 09:36:59] Epoch 16 - Test Accuracy: 89.67%
[2025-03-16 09:36:59] Epoch 43 - Validation Loss: 0.2753, Validation Accuracy: 90.28%
[2025-03-16 09:37:05] Epoch 45 - Validation Loss: 0.1910, Validation Accuracy: 93.06%
[2025-03-16 09:37:15] Epoch 43 - Test Accuracy: 89.62%
[2025-03-16 09:37:28] Epoch 45 - Test Accuracy: 92.44%
[2025-03-16 09:37:42] Epoch 36 - Training Loss: 0.3330, Training Accuracy: 88.78%
[2025-03-16 09:37:54] Epoch 36 - Validation Loss: 0.2872, Validation Accuracy: 90.47%
[2025-03-16 09:38:22] Epoch 36 - Test Accuracy: 88.49%
[2025-03-16 09:38:23] Epoch 17 - Training Loss: 0.3237, Training Accuracy: 88.90%
[2025-03-16 09:38:38] Epoch 17 - Validation Loss: 0.2644, Validation Accuracy: 90.87%
[2025-03-16 09:38:43] Epoch 44 - Training Loss: 0.3598, Training Accuracy: 87.72%
[2025-03-16 09:38:55] Epoch 44 - Validation Loss: 0.2761, Validation Accuracy: 90.58%
[2025-03-16 09:38:56] Epoch 46 - Training Loss: 0.2357, Training Accuracy: 91.74%
[2025-03-16 09:39:01] Epoch 17 - Test Accuracy: 89.52%
[2025-03-16 09:39:08] Epoch 46 - Validation Loss: 0.1832, Validation Accuracy: 93.76%
[2025-03-16 09:39:13] Epoch 44 - Test Accuracy: 89.10%
[2025-03-16 09:39:28] Epoch 37 - Training Loss: 0.3257, Training Accuracy: 88.89%
[2025-03-16 09:39:32] Epoch 46 - Test Accuracy: 92.51%
[2025-03-16 09:39:42] Epoch 37 - Validation Loss: 0.2849, Validation Accuracy: 90.39%
[2025-03-16 09:40:12] Epoch 37 - Test Accuracy: 88.34%
[2025-03-16 09:40:26] Epoch 18 - Training Loss: 0.3226, Training Accuracy: 89.19%
[2025-03-16 09:40:39] Epoch 18 - Validation Loss: 0.2664, Validation Accuracy: 91.25%
[2025-03-16 09:40:41] Epoch 45 - Training Loss: 0.3521, Training Accuracy: 88.12%
[2025-03-16 09:40:52] Epoch 45 - Validation Loss: 0.2777, Validation Accuracy: 90.58%
[2025-03-16 09:40:59] Epoch 47 - Training Loss: 0.1969, Training Accuracy: 93.18%
[2025-03-16 09:41:02] Epoch 18 - Test Accuracy: 89.67%
[2025-03-16 09:41:10] Epoch 47 - Validation Loss: 0.1613, Validation Accuracy: 94.38%
[2025-03-16 09:41:12] Epoch 45 - Test Accuracy: 89.49%
[2025-03-16 09:41:21] Epoch 38 - Training Loss: 0.3256, Training Accuracy: 88.92%
[2025-03-16 09:41:30] Epoch 38 - Validation Loss: 0.2875, Validation Accuracy: 90.28%
[2025-03-16 09:41:34] Epoch 47 - Test Accuracy: 93.84%
[2025-03-16 09:41:58] Epoch 38 - Test Accuracy: 88.39%
[2025-03-16 09:42:26] Epoch 19 - Training Loss: 0.3210, Training Accuracy: 89.10%
[2025-03-16 09:42:39] Epoch 19 - Validation Loss: 0.2773, Validation Accuracy: 90.85%
[2025-03-16 09:42:44] Epoch 46 - Training Loss: 0.3514, Training Accuracy: 88.18%
[2025-03-16 09:42:58] Epoch 46 - Validation Loss: 0.2681, Validation Accuracy: 91.33%
[2025-03-16 09:43:01] Epoch 19 - Test Accuracy: 88.95%
[2025-03-16 09:43:01] Epoch 48 - Training Loss: 0.1897, Training Accuracy: 93.38%
[2025-03-16 09:43:12] Epoch 39 - Training Loss: 0.3265, Training Accuracy: 88.86%
[2025-03-16 09:43:17] Epoch 48 - Validation Loss: 0.1578, Validation Accuracy: 94.79%
[2025-03-16 09:43:19] Epoch 39 - Validation Loss: 0.2797, Validation Accuracy: 90.79%
[2025-03-16 09:43:20] Epoch 46 - Test Accuracy: 89.81%
[2025-03-16 09:43:41] Epoch 39 - Test Accuracy: 88.76%
[2025-03-16 09:43:42] Epoch 48 - Test Accuracy: 94.04%
[2025-03-16 09:44:23] Epoch 20 - Training Loss: 0.3185, Training Accuracy: 89.23%
[2025-03-16 09:44:37] Epoch 20 - Validation Loss: 0.2536, Validation Accuracy: 91.66%
[2025-03-16 09:44:43] Epoch 47 - Training Loss: 0.3470, Training Accuracy: 88.09%
[2025-03-16 09:44:56] Epoch 40 - Training Loss: 0.3227, Training Accuracy: 89.08%
[2025-03-16 09:44:56] Epoch 47 - Validation Loss: 0.2742, Validation Accuracy: 90.33%
[2025-03-16 09:45:03] Epoch 40 - Validation Loss: 0.2842, Validation Accuracy: 90.41%
[2025-03-16 09:45:04] Epoch 20 - Test Accuracy: 89.86%
[2025-03-16 09:45:09] Epoch 49 - Training Loss: 0.1814, Training Accuracy: 93.74%
[2025-03-16 09:45:21] Epoch 49 - Validation Loss: 0.1533, Validation Accuracy: 94.54%
[2025-03-16 09:45:22] Epoch 47 - Test Accuracy: 88.93%
[2025-03-16 09:45:29] Epoch 40 - Test Accuracy: 88.78%
[2025-03-16 09:45:47] Epoch 49 - Test Accuracy: 94.21%
[2025-03-16 09:46:29] Epoch 21 - Training Loss: 0.3188, Training Accuracy: 89.03%
[2025-03-16 09:46:38] Epoch 41 - Training Loss: 0.3184, Training Accuracy: 89.12%
[2025-03-16 09:46:44] Epoch 21 - Validation Loss: 0.2458, Validation Accuracy: 91.76%
[2025-03-16 09:46:45] Epoch 48 - Training Loss: 0.3402, Training Accuracy: 88.26%
[2025-03-16 09:46:46] Epoch 41 - Validation Loss: 0.2789, Validation Accuracy: 90.47%
[2025-03-16 09:46:58] Epoch 48 - Validation Loss: 0.2661, Validation Accuracy: 90.63%
[2025-03-16 09:47:06] Epoch 50 - Training Loss: 0.1803, Training Accuracy: 93.80%
[2025-03-16 09:47:07] Epoch 41 - Test Accuracy: 88.78%
[2025-03-16 09:47:11] Epoch 21 - Test Accuracy: 90.35%
[2025-03-16 09:47:18] Epoch 50 - Validation Loss: 0.1549, Validation Accuracy: 94.57%
[2025-03-16 09:47:19] Epoch 48 - Test Accuracy: 90.28%
[2025-03-16 09:47:45] Epoch 50 - Test Accuracy: 94.18%
[2025-03-16 09:48:14] Epoch 42 - Training Loss: 0.3182, Training Accuracy: 89.23%
[2025-03-16 09:48:26] Epoch 42 - Validation Loss: 0.2835, Validation Accuracy: 90.25%
[2025-03-16 09:48:34] Epoch 22 - Training Loss: 0.3095, Training Accuracy: 89.50%
[2025-03-16 09:48:47] Epoch 49 - Training Loss: 0.3388, Training Accuracy: 88.51%
[2025-03-16 09:48:48] Epoch 22 - Validation Loss: 0.2471, Validation Accuracy: 91.93%
[2025-03-16 09:48:56] Epoch 42 - Test Accuracy: 88.56%
[2025-03-16 09:49:00] Epoch 49 - Validation Loss: 0.2673, Validation Accuracy: 90.47%
[2025-03-16 09:49:14] Epoch 22 - Test Accuracy: 89.57%
[2025-03-16 09:49:18] Epoch 51 - Training Loss: 0.1797, Training Accuracy: 93.73%
[2025-03-16 09:49:26] Epoch 49 - Test Accuracy: 89.22%
[2025-03-16 09:49:30] Epoch 51 - Validation Loss: 0.1548, Validation Accuracy: 94.41%
[2025-03-16 09:49:52] Epoch 51 - Test Accuracy: 94.23%
[2025-03-16 09:50:00] Epoch 43 - Training Loss: 0.3214, Training Accuracy: 88.98%
[2025-03-16 09:50:12] Epoch 43 - Validation Loss: 0.2848, Validation Accuracy: 90.39%
[2025-03-16 09:50:36] Epoch 23 - Training Loss: 0.3027, Training Accuracy: 89.78%
[2025-03-16 09:50:44] Epoch 43 - Test Accuracy: 88.64%
[2025-03-16 09:50:51] Epoch 23 - Validation Loss: 0.2592, Validation Accuracy: 91.01%
[2025-03-16 09:50:53] Epoch 50 - Training Loss: 0.3320, Training Accuracy: 88.85%
[2025-03-16 09:51:05] Epoch 50 - Validation Loss: 0.2621, Validation Accuracy: 91.09%
[2025-03-16 09:51:14] Epoch 23 - Test Accuracy: 89.49%
[2025-03-16 09:51:18] Epoch 52 - Training Loss: 0.1748, Training Accuracy: 93.94%
[2025-03-16 09:51:30] Epoch 52 - Validation Loss: 0.1522, Validation Accuracy: 94.44%
[2025-03-16 09:51:30] Epoch 50 - Test Accuracy: 90.06%
[2025-03-16 09:51:47] Epoch 44 - Training Loss: 0.3218, Training Accuracy: 88.84%
[2025-03-16 09:51:55] Epoch 52 - Test Accuracy: 94.01%
[2025-03-16 09:51:56] Epoch 44 - Validation Loss: 0.2876, Validation Accuracy: 90.52%
[2025-03-16 09:52:24] Epoch 44 - Test Accuracy: 88.05%
[2025-03-16 09:52:24] Stopping training at epoch 45 due to early stopping
[2025-03-16 09:52:24] Final Training Accuracy: 88.84%
[2025-03-16 09:52:24] Final Test Accuracy: 88.05%
[2025-03-16 09:52:24] Final Validation Accuracy: 90.52%, Model size: 21226
[2025-03-16 09:52:24] Saved model checkpoint to best_model_trial_61.pt
[2025-03-16 09:52:33] Epoch 24 - Training Loss: 0.3040, Training Accuracy: 89.58%
[2025-03-16 09:52:46] Epoch 24 - Validation Loss: 0.2524, Validation Accuracy: 91.71%
[2025-03-16 09:53:00] Epoch 51 - Training Loss: 0.3302, Training Accuracy: 88.81%
[2025-03-16 09:53:11] Epoch 51 - Validation Loss: 0.2644, Validation Accuracy: 90.25%
[2025-03-16 09:53:11] Epoch 24 - Test Accuracy: 90.38%
[2025-03-16 09:53:18] Epoch 53 - Training Loss: 0.1762, Training Accuracy: 93.91%
[2025-03-16 09:53:29] Epoch 53 - Validation Loss: 0.1521, Validation Accuracy: 94.73%
[2025-03-16 09:53:34] Epoch 51 - Test Accuracy: 89.99%
[2025-03-16 09:53:52] Epoch 53 - Test Accuracy: 94.33%
[2025-03-16 09:54:25] Epoch 25 - Training Loss: 0.3043, Training Accuracy: 89.60%
[2025-03-16 09:54:38] Epoch 25 - Validation Loss: 0.2466, Validation Accuracy: 92.01%
[2025-03-16 09:54:52] Epoch 52 - Training Loss: 0.3282, Training Accuracy: 88.65%
[2025-03-16 09:55:03] Epoch 52 - Validation Loss: 0.2601, Validation Accuracy: 90.76%
[2025-03-16 09:55:03] Epoch 25 - Test Accuracy: 90.38%
[2025-03-16 09:55:05] Starting training with hyperparameters: {'d_state': 8, 'd_conv': 8, 'expand': 2, 'batch_size': 24, 'dropout_rate': 0.39497745502900444, 'num_mamba_layers': 3, 'n_mfcc': 25, 'n_fft': 319, 'hop_length': 380, 'n_mels': 43, 'noise_level': 0.07730429501436556, 'shift': 23, 'lr': 0.009683342507123997, 'weight_decay': 2.9443215907586134e-05}
[2025-03-16 09:55:10] Epoch 54 - Training Loss: 0.1715, Training Accuracy: 94.19%
[2025-03-16 09:55:25] Epoch 54 - Validation Loss: 0.1514, Validation Accuracy: 94.71%
[2025-03-16 09:55:35] Epoch 52 - Test Accuracy: 89.99%
[2025-03-16 09:56:03] Epoch 54 - Test Accuracy: 94.33%
[2025-03-16 09:56:45] Epoch 26 - Training Loss: 0.2640, Training Accuracy: 90.97%
[2025-03-16 09:56:58] Epoch 0 - Training Loss: 2.2832, Training Accuracy: 12.55%
[2025-03-16 09:56:59] Epoch 26 - Validation Loss: 0.2236, Validation Accuracy: 92.87%
[2025-03-16 09:57:16] Epoch 0 - Validation Loss: 2.3028, Validation Accuracy: 8.97%
[2025-03-16 09:57:25] Epoch 53 - Training Loss: 0.3237, Training Accuracy: 88.96%
[2025-03-16 09:57:26] Epoch 26 - Test Accuracy: 91.24%
[2025-03-16 09:57:43] Epoch 53 - Validation Loss: 0.2627, Validation Accuracy: 90.71%
[2025-03-16 09:57:46] Epoch 55 - Training Loss: 0.1703, Training Accuracy: 94.12%
[2025-03-16 09:57:56] Epoch 0 - Test Accuracy: 9.23%
[2025-03-16 09:57:56] Epoch 55 - Validation Loss: 0.1516, Validation Accuracy: 94.71%
[2025-03-16 09:58:14] Epoch 53 - Test Accuracy: 89.67%
[2025-03-16 09:58:36] Epoch 55 - Test Accuracy: 94.35%
[2025-03-16 09:59:06] Epoch 27 - Training Loss: 0.2529, Training Accuracy: 91.36%
[2025-03-16 09:59:23] Epoch 27 - Validation Loss: 0.2220, Validation Accuracy: 92.79%
[2025-03-16 09:59:54] Epoch 1 - Training Loss: 2.2946, Training Accuracy: 12.19%
[2025-03-16 10:00:02] Epoch 27 - Test Accuracy: 91.68%
[2025-03-16 10:00:04] Epoch 54 - Training Loss: 0.3181, Training Accuracy: 89.32%
[2025-03-16 10:00:15] Epoch 1 - Validation Loss: 2.2876, Validation Accuracy: 14.02%
[2025-03-16 10:00:18] Epoch 54 - Validation Loss: 0.2680, Validation Accuracy: 90.68%
[2025-03-16 10:00:24] Epoch 56 - Training Loss: 0.1707, Training Accuracy: 94.02%
[2025-03-16 10:00:38] Epoch 56 - Validation Loss: 0.1496, Validation Accuracy: 94.79%
[2025-03-16 10:00:42] Epoch 1 - Test Accuracy: 13.52%
[2025-03-16 10:00:51] Epoch 54 - Test Accuracy: 89.59%
[2025-03-16 10:01:08] Epoch 56 - Test Accuracy: 94.48%
[2025-03-16 10:01:44] Epoch 28 - Training Loss: 0.2504, Training Accuracy: 91.41%
[2025-03-16 10:02:00] Epoch 28 - Validation Loss: 0.2204, Validation Accuracy: 92.82%
[2025-03-16 10:02:34] Epoch 2 - Training Loss: 2.2826, Training Accuracy: 13.11%
[2025-03-16 10:02:34] Epoch 28 - Test Accuracy: 91.58%
[2025-03-16 10:02:41] Epoch 55 - Training Loss: 0.3224, Training Accuracy: 89.17%
[2025-03-16 10:02:53] Epoch 57 - Training Loss: 0.1715, Training Accuracy: 93.95%
[2025-03-16 10:02:57] Epoch 55 - Validation Loss: 0.2419, Validation Accuracy: 91.71%
[2025-03-16 10:02:58] Epoch 2 - Validation Loss: 2.2951, Validation Accuracy: 12.34%
[2025-03-16 10:03:02] Epoch 57 - Validation Loss: 0.1507, Validation Accuracy: 94.63%
[2025-03-16 10:03:14] Epoch 55 - Test Accuracy: 90.82%
[2025-03-16 10:03:29] Epoch 57 - Test Accuracy: 94.60%
[2025-03-16 10:03:35] Epoch 2 - Test Accuracy: 12.13%
[2025-03-16 10:04:10] Epoch 29 - Training Loss: 0.2435, Training Accuracy: 91.73%
[2025-03-16 10:04:26] Epoch 29 - Validation Loss: 0.2150, Validation Accuracy: 92.87%
[2025-03-16 10:05:04] Epoch 56 - Training Loss: 0.3204, Training Accuracy: 89.05%
[2025-03-16 10:05:04] Epoch 29 - Test Accuracy: 91.68%
[2025-03-16 10:05:20] Epoch 58 - Training Loss: 0.1691, Training Accuracy: 94.00%
[2025-03-16 10:05:27] Epoch 56 - Validation Loss: 0.2415, Validation Accuracy: 91.82%
[2025-03-16 10:05:33] Epoch 58 - Validation Loss: 0.1513, Validation Accuracy: 94.65%
[2025-03-16 10:05:36] Epoch 3 - Training Loss: 2.2908, Training Accuracy: 12.65%
[2025-03-16 10:05:51] Epoch 3 - Validation Loss: 2.2988, Validation Accuracy: 11.10%
[2025-03-16 10:05:52] Epoch 56 - Test Accuracy: 90.77%
[2025-03-16 10:06:04] Epoch 58 - Test Accuracy: 94.58%
[2025-03-16 10:06:25] Epoch 3 - Test Accuracy: 11.29%
[2025-03-16 10:06:43] Epoch 30 - Training Loss: 0.2464, Training Accuracy: 91.51%
[2025-03-16 10:07:01] Epoch 30 - Validation Loss: 0.2144, Validation Accuracy: 93.03%
[2025-03-16 10:07:37] Epoch 30 - Test Accuracy: 91.53%
[2025-03-16 10:07:39] Epoch 57 - Training Loss: 0.3134, Training Accuracy: 89.15%
[2025-03-16 10:07:56] Epoch 57 - Validation Loss: 0.2540, Validation Accuracy: 91.12%
[2025-03-16 10:07:57] Epoch 59 - Training Loss: 0.1736, Training Accuracy: 93.96%
[2025-03-16 10:08:07] Epoch 59 - Validation Loss: 0.1499, Validation Accuracy: 94.82%
[2025-03-16 10:08:17] Epoch 4 - Training Loss: 2.2922, Training Accuracy: 12.38%
[2025-03-16 10:08:29] Epoch 57 - Test Accuracy: 89.59%
[2025-03-16 10:08:30] Epoch 4 - Validation Loss: 2.2916, Validation Accuracy: 14.66%
[2025-03-16 10:08:37] Epoch 59 - Test Accuracy: 94.58%
[2025-03-16 10:09:03] Epoch 4 - Test Accuracy: 13.01%
[2025-03-16 10:09:18] Epoch 31 - Training Loss: 0.2442, Training Accuracy: 91.44%
[2025-03-16 10:09:34] Epoch 31 - Validation Loss: 0.2139, Validation Accuracy: 92.76%
[2025-03-16 10:10:06] Epoch 31 - Test Accuracy: 91.56%
[2025-03-16 10:10:21] Epoch 58 - Training Loss: 0.3096, Training Accuracy: 89.64%
[2025-03-16 10:10:35] Epoch 60 - Training Loss: 0.1675, Training Accuracy: 94.12%
[2025-03-16 10:10:36] Epoch 58 - Validation Loss: 0.2359, Validation Accuracy: 91.84%
[2025-03-16 10:10:47] Epoch 60 - Validation Loss: 0.1522, Validation Accuracy: 94.76%
[2025-03-16 10:10:56] Epoch 5 - Training Loss: nan, Training Accuracy: 11.44%
[2025-03-16 10:11:08] Epoch 58 - Test Accuracy: 90.57%
[2025-03-16 10:11:09] Epoch 5 - Validation Loss: nan, Validation Accuracy: 10.18%
[2025-03-16 10:11:19] Epoch 60 - Test Accuracy: 94.48%
[2025-03-16 10:11:32] Epoch 32 - Training Loss: 0.2416, Training Accuracy: 91.66%
[2025-03-16 10:11:45] Epoch 32 - Validation Loss: 0.2136, Validation Accuracy: 92.76%
[2025-03-16 10:11:45] Epoch 5 - Test Accuracy: 9.97%
[2025-03-16 10:12:34] Epoch 32 - Test Accuracy: 91.63%
[2025-03-16 10:12:53] Epoch 59 - Training Loss: 0.3051, Training Accuracy: 89.59%
[2025-03-16 10:12:54] Epoch 61 - Training Loss: 0.1685, Training Accuracy: 94.05%
[2025-03-16 10:13:11] Epoch 59 - Validation Loss: 0.2446, Validation Accuracy: 91.41%
[2025-03-16 10:13:11] Epoch 61 - Validation Loss: 0.1511, Validation Accuracy: 94.68%
[2025-03-16 10:13:22] Epoch 6 - Training Loss: nan, Training Accuracy: 10.19%
[2025-03-16 10:13:37] Epoch 6 - Validation Loss: nan, Validation Accuracy: 10.18%
[2025-03-16 10:13:40] Epoch 61 - Test Accuracy: 94.58%
[2025-03-16 10:13:40] Stopping training at epoch 62 due to early stopping
[2025-03-16 10:13:40] Final Training Accuracy: 94.05%
[2025-03-16 10:13:40] Final Test Accuracy: 94.58%
[2025-03-16 10:13:40] Final Validation Accuracy: 94.68%, Model size: 75160
[2025-03-16 10:13:41] Epoch 59 - Test Accuracy: 90.30%
[2025-03-16 10:13:43] Saved model checkpoint to best_model_trial_58.pt
[2025-03-16 10:13:56] Epoch 33 - Training Loss: 0.2422, Training Accuracy: 91.77%
[2025-03-16 10:14:02] Epoch 6 - Test Accuracy: 9.97%
[2025-03-16 10:14:02] Stopping training at epoch 7 due to early stopping
[2025-03-16 10:14:02] Final Training Accuracy: 10.19%
[2025-03-16 10:14:02] Final Test Accuracy: 9.97%
[2025-03-16 10:14:02] Final Validation Accuracy: 10.18%, Model size: 49642
[2025-03-16 10:14:02] Saved model checkpoint to best_model_trial_63.pt
[2025-03-16 10:14:04] Epoch 33 - Validation Loss: 0.2137, Validation Accuracy: 92.95%
[2025-03-16 10:14:26] Epoch 33 - Test Accuracy: 91.75%
[2025-03-16 10:14:32] Epoch 60 - Training Loss: 0.3091, Training Accuracy: 89.40%
[2025-03-16 10:14:40] Epoch 60 - Validation Loss: 0.2395, Validation Accuracy: 91.52%
[2025-03-16 10:14:58] Epoch 60 - Test Accuracy: 90.38%
[2025-03-16 10:15:05] Epoch 34 - Training Loss: 0.2429, Training Accuracy: 91.54%
[2025-03-16 10:15:13] Epoch 34 - Validation Loss: 0.2157, Validation Accuracy: 92.79%
[2025-03-16 10:15:24] Starting training with hyperparameters: {'d_state': 9, 'd_conv': 8, 'expand': 2, 'batch_size': 28, 'dropout_rate': 0.23725543749489073, 'num_mamba_layers': 3, 'n_mfcc': 24, 'n_fft': 327, 'hop_length': 29, 'n_mels': 27, 'noise_level': 0.12507284362370424, 'shift': 86, 'lr': 0.0013423776810938118, 'weight_decay': 1.3027782621660709e-05}
[2025-03-16 10:15:35] Epoch 34 - Test Accuracy: 91.75%
[2025-03-16 10:16:39] Starting training with hyperparameters: {'d_state': 26, 'd_conv': 6, 'expand': 2, 'batch_size': 31, 'dropout_rate': 0.1464804737291629, 'num_mamba_layers': 2, 'n_mfcc': 30, 'n_fft': 431, 'hop_length': 233, 'n_mels': 47, 'noise_level': 0.1200036716941745, 'shift': 88, 'lr': 0.005786784123470272, 'weight_decay': 1.3749385664959968e-05}
[2025-03-16 10:16:43] Epoch 61 - Training Loss: 0.3008, Training Accuracy: 89.86%
[2025-03-16 10:17:11] Error: [Errno 28] No space left on device
[2025-03-16 10:18:37] Starting training with hyperparameters: {'d_state': 8, 'd_conv': 8, 'expand': 2, 'batch_size': 31, 'dropout_rate': 0.38721803786212405, 'num_mamba_layers': 4, 'n_mfcc': 17, 'n_fft': 484, 'hop_length': 137, 'n_mels': 39, 'noise_level': 0.14498303198994286, 'shift': 99, 'lr': 0.0008431260922891309, 'weight_decay': 8.7402876592472e-06}
[2025-03-16 10:18:42] Starting training with hyperparameters: {'d_state': 26, 'd_conv': 6, 'expand': 2, 'batch_size': 30, 'dropout_rate': 0.40016116119284406, 'num_mamba_layers': 2, 'n_mfcc': 25, 'n_fft': 286, 'hop_length': 308, 'n_mels': 59, 'noise_level': 0.15886413315028539, 'shift': 100, 'lr': 0.0006852895741602438, 'weight_decay': 3.35414865103551e-06}
[2025-03-16 10:18:51] Starting training with hyperparameters: {'d_state': 23, 'd_conv': 4, 'expand': 3, 'batch_size': 25, 'dropout_rate': 0.26018694929411157, 'num_mamba_layers': 3, 'n_mfcc': 28, 'n_fft': 339, 'hop_length': 422, 'n_mels': 27, 'noise_level': 0.18646102483261434, 'shift': 97, 'lr': 0.002414349707968705, 'weight_decay': 3.701616774797054e-06}
[2025-03-16 10:19:45] Starting training with hyperparameters: {'d_state': 15, 'd_conv': 7, 'expand': 2, 'batch_size': 32, 'dropout_rate': 0.22468784343142556, 'num_mamba_layers': 4, 'n_mfcc': 20, 'n_fft': 282, 'hop_length': 226, 'n_mels': 37, 'noise_level': 0.19034263150265224, 'shift': 97, 'lr': 0.0005128236166943952, 'weight_decay': 9.115007392922081e-06}
[2025-03-16 10:20:27] Starting training with hyperparameters: {'d_state': 21, 'd_conv': 6, 'expand': 2, 'batch_size': 30, 'dropout_rate': 0.3509578127765005, 'num_mamba_layers': 4, 'n_mfcc': 30, 'n_fft': 304, 'hop_length': 195, 'n_mels': 45, 'noise_level': 0.14823800885822133, 'shift': 81, 'lr': 0.0009903750118319871, 'weight_decay': 6.40315597660744e-05}
[2025-03-16 10:20:28] Epoch 0 - Training Loss: 1.7615, Training Accuracy: 36.58%
[2025-03-16 10:20:48] Epoch 0 - Training Loss: 1.4231, Training Accuracy: 49.76%
[2025-03-16 10:20:49] Epoch 0 - Validation Loss: 1.0331, Validation Accuracy: 64.79%
[2025-03-16 10:21:08] Epoch 0 - Validation Loss: 0.8149, Validation Accuracy: 72.02%
[2025-03-16 10:21:19] Epoch 0 - Test Accuracy: 64.16%
[2025-03-16 10:21:30] Epoch 0 - Training Loss: 1.5485, Training Accuracy: 44.83%
[2025-03-16 10:21:46] Epoch 0 - Validation Loss: 0.9215, Validation Accuracy: 68.05%
[2025-03-16 10:21:51] Epoch 0 - Test Accuracy: 71.53%
[2025-03-16 10:22:24] Epoch 0 - Test Accuracy: 66.69%
[2025-03-16 10:22:35] Epoch 0 - Training Loss: 1.4434, Training Accuracy: 48.36%
[2025-03-16 10:22:53] Epoch 0 - Validation Loss: 0.8229, Validation Accuracy: 71.81%
[2025-03-16 10:23:16] Epoch 1 - Training Loss: 1.1721, Training Accuracy: 58.85%
[2025-03-16 10:23:32] Epoch 1 - Validation Loss: 0.8159, Validation Accuracy: 73.40%
[2025-03-16 10:23:33] Epoch 0 - Test Accuracy: 70.05%
[2025-03-16 10:24:00] Epoch 1 - Training Loss: 0.8852, Training Accuracy: 68.97%
[2025-03-16 10:24:08] Epoch 1 - Training Loss: 0.9966, Training Accuracy: 64.82%
[2025-03-16 10:24:09] Epoch 1 - Test Accuracy: 70.74%
[2025-03-16 10:24:21] Epoch 1 - Validation Loss: 0.6398, Validation Accuracy: 78.72%
[2025-03-16 10:24:26] Epoch 1 - Validation Loss: 0.7505, Validation Accuracy: 73.86%
[2025-03-16 10:24:57] Epoch 1 - Test Accuracy: 77.47%
[2025-03-16 10:24:59] Epoch 1 - Test Accuracy: 72.51%
[2025-03-16 10:25:37] Epoch 1 - Training Loss: 0.9015, Training Accuracy: 68.59%
[2025-03-16 10:25:56] Epoch 1 - Validation Loss: 0.6371, Validation Accuracy: 78.53%
[2025-03-16 10:25:58] Epoch 2 - Training Loss: 1.0022, Training Accuracy: 64.98%
[2025-03-16 10:26:15] Epoch 2 - Validation Loss: 0.7107, Validation Accuracy: 76.05%
[2025-03-16 10:26:31] Epoch 1 - Test Accuracy: 76.73%
[2025-03-16 10:26:45] Epoch 2 - Training Loss: 0.8386, Training Accuracy: 71.40%
[2025-03-16 10:26:59] Epoch 2 - Test Accuracy: 74.01%
[2025-03-16 10:27:01] Epoch 2 - Validation Loss: 0.6156, Validation Accuracy: 79.07%
[2025-03-16 10:27:01] Epoch 2 - Training Loss: 0.7530, Training Accuracy: 74.18%
[2025-03-16 10:27:22] Epoch 2 - Validation Loss: 0.5785, Validation Accuracy: 81.23%
[2025-03-16 10:27:33] Epoch 2 - Test Accuracy: 77.86%
[2025-03-16 10:28:08] Epoch 2 - Test Accuracy: 78.15%
[2025-03-16 10:28:34] Epoch 2 - Training Loss: 0.7629, Training Accuracy: 73.99%
[2025-03-16 10:28:52] Epoch 2 - Validation Loss: 0.5937, Validation Accuracy: 79.75%
[2025-03-16 10:28:52] Epoch 3 - Training Loss: 0.9208, Training Accuracy: 68.17%
[2025-03-16 10:29:07] Epoch 3 - Validation Loss: 0.6244, Validation Accuracy: 78.31%
[2025-03-16 10:29:24] Epoch 3 - Training Loss: 0.7621, Training Accuracy: 73.74%
[2025-03-16 10:29:25] Epoch 2 - Test Accuracy: 78.50%
[2025-03-16 10:29:42] Epoch 3 - Test Accuracy: 76.78%
[2025-03-16 10:29:43] Epoch 3 - Validation Loss: 0.5577, Validation Accuracy: 81.23%
[2025-03-16 10:30:16] Epoch 3 - Training Loss: 0.6865, Training Accuracy: 76.52%
[2025-03-16 10:30:22] Epoch 3 - Test Accuracy: 79.58%
[2025-03-16 10:30:38] Epoch 3 - Validation Loss: 0.5211, Validation Accuracy: 82.88%
[2025-03-16 10:31:18] Epoch 3 - Test Accuracy: 80.12%
[2025-03-16 10:31:19] Epoch 3 - Training Loss: 0.6922, Training Accuracy: 76.30%
[2025-03-16 10:31:38] Epoch 4 - Training Loss: 0.8488, Training Accuracy: 70.83%
[2025-03-16 10:31:41] Epoch 3 - Validation Loss: 0.5075, Validation Accuracy: 82.88%
[2025-03-16 10:31:56] Epoch 4 - Validation Loss: 0.6049, Validation Accuracy: 79.88%
[2025-03-16 10:32:09] Epoch 4 - Training Loss: 0.6998, Training Accuracy: 75.98%
[2025-03-16 10:32:15] Epoch 3 - Test Accuracy: 79.73%
[2025-03-16 10:32:25] Epoch 4 - Validation Loss: 0.5118, Validation Accuracy: 83.01%
[2025-03-16 10:32:31] Epoch 4 - Test Accuracy: 77.64%
[2025-03-16 10:32:57] Epoch 4 - Test Accuracy: 80.44%
[2025-03-16 10:33:29] Epoch 4 - Training Loss: 0.6312, Training Accuracy: 78.43%
[2025-03-16 10:33:51] Epoch 4 - Validation Loss: 0.4685, Validation Accuracy: 84.28%
[2025-03-16 10:34:16] Epoch 4 - Training Loss: 0.6466, Training Accuracy: 78.19%
[2025-03-16 10:34:23] Epoch 5 - Training Loss: 0.7989, Training Accuracy: 72.33%
[2025-03-16 10:34:34] Epoch 4 - Test Accuracy: 80.78%
[2025-03-16 10:34:35] Epoch 5 - Validation Loss: 0.5596, Validation Accuracy: 81.37%
[2025-03-16 10:34:36] Epoch 4 - Validation Loss: 0.4870, Validation Accuracy: 83.15%
[2025-03-16 10:34:46] Epoch 5 - Training Loss: 0.6571, Training Accuracy: 77.58%
[2025-03-16 10:35:00] Epoch 5 - Validation Loss: 0.4936, Validation Accuracy: 83.66%
[2025-03-16 10:35:06] Epoch 4 - Test Accuracy: 81.12%
[2025-03-16 10:35:06] Epoch 5 - Test Accuracy: 79.68%
[2025-03-16 10:35:33] Epoch 5 - Test Accuracy: 82.20%
[2025-03-16 10:36:49] Epoch 5 - Training Loss: 0.5962, Training Accuracy: 79.79%
[2025-03-16 10:37:09] Epoch 5 - Validation Loss: 0.4363, Validation Accuracy: 85.44%
[2025-03-16 10:37:12] Epoch 6 - Training Loss: 0.7616, Training Accuracy: 73.71%
[2025-03-16 10:37:16] Epoch 5 - Training Loss: 0.6000, Training Accuracy: 79.50%
[2025-03-16 10:37:26] Epoch 6 - Training Loss: 0.6193, Training Accuracy: 78.86%
[2025-03-16 10:37:31] Epoch 6 - Validation Loss: 0.5294, Validation Accuracy: 82.50%
[2025-03-16 10:37:32] Epoch 5 - Validation Loss: 0.4494, Validation Accuracy: 84.34%
[2025-03-16 10:37:38] Epoch 6 - Validation Loss: 0.4827, Validation Accuracy: 83.58%
[2025-03-16 10:37:42] Epoch 5 - Test Accuracy: 84.05%
[2025-03-16 10:37:55] Epoch 6 - Test Accuracy: 79.28%
[2025-03-16 10:38:04] Epoch 5 - Test Accuracy: 82.03%
[2025-03-16 10:38:05] Epoch 6 - Test Accuracy: 82.70%
[2025-03-16 10:39:50] Epoch 7 - Training Loss: 0.5884, Training Accuracy: 79.86%
[2025-03-16 10:40:04] Epoch 7 - Training Loss: 0.7258, Training Accuracy: 75.28%
[2025-03-16 10:40:05] Epoch 7 - Validation Loss: 0.4457, Validation Accuracy: 85.07%
[2025-03-16 10:40:05] Epoch 6 - Training Loss: 0.5743, Training Accuracy: 79.98%
[2025-03-16 10:40:20] Epoch 7 - Validation Loss: 0.5046, Validation Accuracy: 83.04%
[2025-03-16 10:40:22] Epoch 6 - Validation Loss: 0.4517, Validation Accuracy: 85.01%
[2025-03-16 10:40:23] Epoch 6 - Training Loss: 0.5690, Training Accuracy: 80.74%
[2025-03-16 10:40:34] Epoch 7 - Test Accuracy: 83.65%
[2025-03-16 10:40:34] Epoch 6 - Validation Loss: 0.4117, Validation Accuracy: 86.20%
[2025-03-16 10:40:46] Epoch 7 - Test Accuracy: 80.51%
[2025-03-16 10:41:01] Epoch 6 - Test Accuracy: 83.68%
[2025-03-16 10:41:10] Epoch 6 - Test Accuracy: 83.92%
[2025-03-16 10:42:05] Epoch 8 - Training Loss: 0.5682, Training Accuracy: 80.67%
[2025-03-16 10:42:30] Epoch 8 - Validation Loss: 0.4332, Validation Accuracy: 84.93%
[2025-03-16 10:42:53] Epoch 8 - Test Accuracy: 84.29%
[2025-03-16 10:43:27] Epoch 8 - Training Loss: 0.7041, Training Accuracy: 75.95%
[2025-03-16 10:43:43] Epoch 8 - Validation Loss: 0.4958, Validation Accuracy: 83.31%
[2025-03-16 10:43:52] Epoch 7 - Training Loss: 0.5465, Training Accuracy: 81.42%
[2025-03-16 10:44:05] Epoch 7 - Training Loss: 0.5459, Training Accuracy: 81.46%
[2025-03-16 10:44:10] Epoch 7 - Validation Loss: 0.3928, Validation Accuracy: 86.52%
[2025-03-16 10:44:19] Epoch 8 - Test Accuracy: 81.12%
[2025-03-16 10:44:20] Epoch 7 - Validation Loss: 0.4043, Validation Accuracy: 86.85%
[2025-03-16 10:44:43] Epoch 7 - Test Accuracy: 83.36%
[2025-03-16 10:44:52] Epoch 9 - Training Loss: 0.5441, Training Accuracy: 81.63%
[2025-03-16 10:45:07] Epoch 7 - Test Accuracy: 84.90%
[2025-03-16 10:45:12] Epoch 9 - Validation Loss: 0.4240, Validation Accuracy: 85.23%
[2025-03-16 10:45:50] Epoch 9 - Test Accuracy: 83.87%
[2025-03-16 10:46:10] Epoch 9 - Training Loss: 0.6875, Training Accuracy: 76.73%
[2025-03-16 10:46:29] Epoch 9 - Validation Loss: 0.4762, Validation Accuracy: 83.53%
[2025-03-16 10:46:39] Epoch 8 - Training Loss: 0.5165, Training Accuracy: 82.38%
[2025-03-16 10:46:59] Epoch 8 - Validation Loss: 0.3937, Validation Accuracy: 86.63%
[2025-03-16 10:47:05] Epoch 8 - Training Loss: 0.5286, Training Accuracy: 82.01%
[2025-03-16 10:47:06] Epoch 9 - Test Accuracy: 80.88%
[2025-03-16 10:47:25] Epoch 8 - Validation Loss: 0.4096, Validation Accuracy: 85.69%
[2025-03-16 10:47:36] Epoch 8 - Test Accuracy: 84.51%
[2025-03-16 10:47:38] Epoch 10 - Training Loss: 0.5292, Training Accuracy: 82.04%
[2025-03-16 10:47:55] Epoch 10 - Validation Loss: 0.4002, Validation Accuracy: 86.31%
[2025-03-16 10:48:01] Epoch 8 - Test Accuracy: 83.68%
[2025-03-16 10:48:33] Epoch 10 - Test Accuracy: 84.34%
[2025-03-16 10:48:58] Epoch 10 - Training Loss: 0.6659, Training Accuracy: 77.29%
[2025-03-16 10:49:14] Epoch 10 - Validation Loss: 0.4559, Validation Accuracy: 84.12%
[2025-03-16 10:49:44] Epoch 10 - Test Accuracy: 82.60%
[2025-03-16 10:49:45] Epoch 9 - Training Loss: 0.4993, Training Accuracy: 83.09%
[2025-03-16 10:50:06] Epoch 9 - Validation Loss: 0.3985, Validation Accuracy: 86.93%
[2025-03-16 10:50:10] Epoch 9 - Training Loss: 0.5041, Training Accuracy: 82.71%
[2025-03-16 10:50:32] Epoch 9 - Validation Loss: 0.4127, Validation Accuracy: 86.17%
[2025-03-16 10:50:33] Epoch 11 - Training Loss: 0.5051, Training Accuracy: 82.71%
[2025-03-16 10:50:44] Epoch 9 - Test Accuracy: 84.56%
[2025-03-16 10:50:52] Epoch 11 - Validation Loss: 0.3898, Validation Accuracy: 86.39%
[2025-03-16 10:51:12] Epoch 9 - Test Accuracy: 84.09%
[2025-03-16 10:51:24] Epoch 11 - Test Accuracy: 84.49%
[2025-03-16 10:51:32] Epoch 11 - Training Loss: 0.6443, Training Accuracy: 78.06%
[2025-03-16 10:51:50] Epoch 11 - Validation Loss: 0.4367, Validation Accuracy: 85.04%
[2025-03-16 10:52:28] Epoch 11 - Test Accuracy: 83.06%
[2025-03-16 10:52:46] Epoch 10 - Training Loss: 0.4805, Training Accuracy: 83.72%
[2025-03-16 10:53:03] Epoch 10 - Validation Loss: 0.3531, Validation Accuracy: 87.82%
[2025-03-16 10:53:13] Epoch 10 - Training Loss: 0.4910, Training Accuracy: 83.37%
[2025-03-16 10:53:24] Epoch 12 - Training Loss: 0.4941, Training Accuracy: 82.77%
[2025-03-16 10:53:34] Epoch 10 - Validation Loss: 0.3733, Validation Accuracy: 87.23%
[2025-03-16 10:53:37] Epoch 12 - Validation Loss: 0.3732, Validation Accuracy: 87.25%
[2025-03-16 10:53:40] Epoch 10 - Test Accuracy: 84.73%
[2025-03-16 10:54:06] Epoch 10 - Test Accuracy: 85.05%
[2025-03-16 10:54:13] Epoch 12 - Test Accuracy: 85.10%
[2025-03-16 10:54:15] Epoch 12 - Training Loss: 0.6363, Training Accuracy: 78.27%
[2025-03-16 10:54:33] Epoch 12 - Validation Loss: 0.4431, Validation Accuracy: 85.47%
[2025-03-16 10:55:09] Epoch 12 - Test Accuracy: 83.14%
[2025-03-16 10:55:43] Epoch 11 - Training Loss: 0.4641, Training Accuracy: 84.03%
[2025-03-16 10:56:03] Epoch 11 - Validation Loss: 0.3442, Validation Accuracy: 88.12%
[2025-03-16 10:56:07] Epoch 13 - Training Loss: 0.4804, Training Accuracy: 83.66%
[2025-03-16 10:56:22] Epoch 11 - Training Loss: 0.4767, Training Accuracy: 83.71%
[2025-03-16 10:56:27] Epoch 13 - Validation Loss: 0.3672, Validation Accuracy: 86.58%
[2025-03-16 10:56:38] Epoch 11 - Test Accuracy: 85.91%
[2025-03-16 10:56:39] Epoch 11 - Validation Loss: 0.3657, Validation Accuracy: 87.28%
[2025-03-16 10:56:59] Epoch 13 - Test Accuracy: 85.44%
[2025-03-16 10:57:00] Epoch 13 - Training Loss: 0.6144, Training Accuracy: 79.11%
[2025-03-16 10:57:15] Epoch 13 - Validation Loss: 0.4239, Validation Accuracy: 85.69%
[2025-03-16 10:57:16] Epoch 11 - Test Accuracy: 85.79%
[2025-03-16 10:57:49] Epoch 13 - Test Accuracy: 83.60%
[2025-03-16 10:58:35] Epoch 12 - Training Loss: 0.4532, Training Accuracy: 84.53%
[2025-03-16 10:58:54] Epoch 12 - Validation Loss: 0.3418, Validation Accuracy: 87.96%
[2025-03-16 10:58:57] Epoch 14 - Training Loss: 0.4661, Training Accuracy: 84.15%
[2025-03-16 10:59:16] Epoch 14 - Validation Loss: 0.3788, Validation Accuracy: 87.17%
[2025-03-16 10:59:23] Epoch 12 - Training Loss: 0.4599, Training Accuracy: 84.41%
[2025-03-16 10:59:38] Epoch 12 - Test Accuracy: 86.92%
[2025-03-16 10:59:39] Epoch 12 - Validation Loss: 0.3414, Validation Accuracy: 87.98%
[2025-03-16 10:59:46] Epoch 14 - Training Loss: 0.6094, Training Accuracy: 79.52%
[2025-03-16 10:59:52] Epoch 14 - Test Accuracy: 86.67%
[2025-03-16 11:00:07] Epoch 14 - Validation Loss: 0.4360, Validation Accuracy: 85.58%
[2025-03-16 11:00:13] Epoch 12 - Test Accuracy: 86.65%
[2025-03-16 11:00:41] Epoch 14 - Test Accuracy: 84.19%
[2025-03-16 11:01:39] Epoch 15 - Training Loss: 0.4525, Training Accuracy: 84.41%
[2025-03-16 11:01:48] Epoch 13 - Training Loss: 0.4365, Training Accuracy: 85.15%
[2025-03-16 11:02:01] Epoch 15 - Validation Loss: 0.3613, Validation Accuracy: 87.74%
[2025-03-16 11:02:03] Epoch 13 - Validation Loss: 0.3442, Validation Accuracy: 88.14%
[2025-03-16 11:02:28] Epoch 13 - Training Loss: 0.4490, Training Accuracy: 84.81%
[2025-03-16 11:02:34] Epoch 13 - Test Accuracy: 86.60%
[2025-03-16 11:02:35] Epoch 15 - Test Accuracy: 85.91%
[2025-03-16 11:02:42] Epoch 15 - Training Loss: 0.5907, Training Accuracy: 79.83%
[2025-03-16 11:02:54] Epoch 13 - Validation Loss: 0.3391, Validation Accuracy: 88.01%
[2025-03-16 11:02:57] Epoch 15 - Validation Loss: 0.3925, Validation Accuracy: 86.55%
[2025-03-16 11:03:42] Epoch 15 - Test Accuracy: 84.19%
[2025-03-16 11:03:43] Epoch 13 - Test Accuracy: 87.31%
[2025-03-16 11:04:46] Epoch 16 - Training Loss: 0.4464, Training Accuracy: 84.70%
[2025-03-16 11:04:55] Epoch 14 - Training Loss: 0.4177, Training Accuracy: 85.77%
[2025-03-16 11:05:11] Epoch 16 - Validation Loss: 0.3403, Validation Accuracy: 88.79%
[2025-03-16 11:05:14] Epoch 14 - Validation Loss: 0.3409, Validation Accuracy: 88.60%
[2025-03-16 11:05:24] Epoch 16 - Training Loss: 0.5810, Training Accuracy: 80.03%
[2025-03-16 11:05:37] Epoch 16 - Validation Loss: 0.4036, Validation Accuracy: 86.50%
[2025-03-16 11:05:40] Epoch 16 - Test Accuracy: 86.97%
[2025-03-16 11:05:51] Epoch 14 - Test Accuracy: 86.92%
[2025-03-16 11:05:57] Epoch 14 - Training Loss: 0.4299, Training Accuracy: 85.42%
[2025-03-16 11:06:09] Epoch 16 - Test Accuracy: 85.17%
[2025-03-16 11:06:18] Epoch 14 - Validation Loss: 0.3405, Validation Accuracy: 87.85%
[2025-03-16 11:06:54] Epoch 14 - Test Accuracy: 86.30%
[2025-03-16 11:07:40] Epoch 17 - Training Loss: 0.5730, Training Accuracy: 80.76%
[2025-03-16 11:07:42] Epoch 17 - Training Loss: 0.4316, Training Accuracy: 85.20%
[2025-03-16 11:08:00] Epoch 17 - Validation Loss: 0.3456, Validation Accuracy: 88.20%
[2025-03-16 11:08:00] Epoch 17 - Validation Loss: 0.3939, Validation Accuracy: 86.77%
[2025-03-16 11:08:09] Epoch 15 - Training Loss: 0.4078, Training Accuracy: 85.98%
[2025-03-16 11:08:25] Epoch 15 - Validation Loss: 0.3244, Validation Accuracy: 88.68%
[2025-03-16 11:08:27] Epoch 17 - Test Accuracy: 87.29%
[2025-03-16 11:08:27] Epoch 17 - Test Accuracy: 84.93%
[2025-03-16 11:09:07] Epoch 15 - Test Accuracy: 87.38%
[2025-03-16 11:09:27] Epoch 15 - Training Loss: 0.4174, Training Accuracy: 85.70%
[2025-03-16 11:09:51] Epoch 15 - Validation Loss: 0.3417, Validation Accuracy: 87.98%
[2025-03-16 11:10:22] Epoch 18 - Training Loss: 0.5574, Training Accuracy: 81.15%
[2025-03-16 11:10:23] Epoch 18 - Training Loss: 0.4196, Training Accuracy: 85.66%
[2025-03-16 11:10:38] Epoch 15 - Test Accuracy: 86.57%
[2025-03-16 11:10:39] Epoch 18 - Validation Loss: 0.4083, Validation Accuracy: 85.98%
[2025-03-16 11:10:39] Epoch 18 - Validation Loss: 0.3155, Validation Accuracy: 89.41%
[2025-03-16 11:11:08] Epoch 18 - Test Accuracy: 83.92%
[2025-03-16 11:11:10] Epoch 16 - Training Loss: 0.4018, Training Accuracy: 86.22%
[2025-03-16 11:11:21] Epoch 18 - Test Accuracy: 87.68%
[2025-03-16 11:11:32] Epoch 16 - Validation Loss: 0.3204, Validation Accuracy: 89.36%
[2025-03-16 11:12:15] Epoch 16 - Test Accuracy: 87.26%
[2025-03-16 11:13:02] Epoch 16 - Training Loss: 0.4118, Training Accuracy: 85.92%
[2025-03-16 11:13:19] Epoch 19 - Training Loss: 0.5576, Training Accuracy: 81.15%
[2025-03-16 11:13:20] Epoch 16 - Validation Loss: 0.3183, Validation Accuracy: 89.14%
[2025-03-16 11:13:24] Epoch 19 - Training Loss: 0.4146, Training Accuracy: 85.88%
[2025-03-16 11:13:37] Epoch 19 - Validation Loss: 0.3859, Validation Accuracy: 86.90%
[2025-03-16 11:13:39] Epoch 19 - Validation Loss: 0.3298, Validation Accuracy: 88.74%
[2025-03-16 11:13:57] Epoch 16 - Test Accuracy: 87.09%
[2025-03-16 11:14:06] Epoch 19 - Test Accuracy: 85.42%
[2025-03-16 11:14:13] Epoch 19 - Test Accuracy: 86.79%
[2025-03-16 11:14:24] Epoch 17 - Training Loss: 0.3901, Training Accuracy: 86.92%
[2025-03-16 11:14:43] Epoch 17 - Validation Loss: 0.3136, Validation Accuracy: 88.95%
[2025-03-16 11:15:24] Epoch 17 - Test Accuracy: 86.77%
[2025-03-16 11:16:10] Epoch 20 - Training Loss: 0.5454, Training Accuracy: 81.67%
[2025-03-16 11:16:16] Epoch 20 - Training Loss: 0.4096, Training Accuracy: 85.92%
[2025-03-16 11:16:27] Epoch 17 - Training Loss: 0.3997, Training Accuracy: 86.53%
[2025-03-16 11:16:33] Epoch 20 - Validation Loss: 0.3736, Validation Accuracy: 87.47%
[2025-03-16 11:16:35] Epoch 20 - Validation Loss: 0.3074, Validation Accuracy: 89.68%
[2025-03-16 11:16:40] Epoch 17 - Validation Loss: 0.2968, Validation Accuracy: 89.71%
[2025-03-16 11:17:01] Epoch 20 - Test Accuracy: 85.57%
[2025-03-16 11:17:09] Epoch 20 - Test Accuracy: 88.12%
[2025-03-16 11:17:20] Epoch 17 - Test Accuracy: 88.17%
[2025-03-16 11:17:31] Epoch 18 - Training Loss: 0.3876, Training Accuracy: 86.88%
[2025-03-16 11:17:50] Epoch 18 - Validation Loss: 0.3039, Validation Accuracy: 89.74%
[2025-03-16 11:18:29] Epoch 18 - Test Accuracy: 88.22%
[2025-03-16 11:19:03] Epoch 21 - Training Loss: 0.5373, Training Accuracy: 81.74%
[2025-03-16 11:19:13] Epoch 21 - Training Loss: 0.3975, Training Accuracy: 86.31%
[2025-03-16 11:19:25] Epoch 21 - Validation Loss: 0.3733, Validation Accuracy: 86.90%
[2025-03-16 11:19:29] Epoch 21 - Validation Loss: 0.3141, Validation Accuracy: 89.50%
[2025-03-16 11:19:36] Epoch 18 - Training Loss: 0.3943, Training Accuracy: 86.53%
[2025-03-16 11:19:54] Epoch 18 - Validation Loss: 0.2905, Validation Accuracy: 90.06%
[2025-03-16 11:19:56] Epoch 21 - Test Accuracy: 85.32%
[2025-03-16 11:20:03] Epoch 21 - Test Accuracy: 87.97%
[2025-03-16 11:20:34] Epoch 18 - Test Accuracy: 88.17%
[2025-03-16 11:20:35] Epoch 19 - Training Loss: 0.3742, Training Accuracy: 87.37%
[2025-03-16 11:20:57] Epoch 19 - Validation Loss: 0.2948, Validation Accuracy: 90.04%
[2025-03-16 11:21:39] Epoch 19 - Test Accuracy: 88.27%
[2025-03-16 11:21:47] Epoch 22 - Training Loss: 0.5305, Training Accuracy: 82.02%
[2025-03-16 11:22:06] Epoch 22 - Validation Loss: 0.3814, Validation Accuracy: 87.28%
[2025-03-16 11:22:09] Epoch 22 - Training Loss: 0.3904, Training Accuracy: 86.48%
[2025-03-16 11:22:29] Epoch 22 - Validation Loss: 0.2928, Validation Accuracy: 90.25%
[2025-03-16 11:22:41] Epoch 22 - Test Accuracy: 85.13%
[2025-03-16 11:22:49] Epoch 19 - Training Loss: 0.3721, Training Accuracy: 87.32%
[2025-03-16 11:23:07] Epoch 22 - Test Accuracy: 88.56%
[2025-03-16 11:23:08] Epoch 19 - Validation Loss: 0.3250, Validation Accuracy: 89.31%
[2025-03-16 11:23:45] Epoch 20 - Training Loss: 0.3627, Training Accuracy: 87.59%
[2025-03-16 11:23:55] Epoch 19 - Test Accuracy: 87.33%
[2025-03-16 11:24:07] Epoch 20 - Validation Loss: 0.2797, Validation Accuracy: 90.22%
[2025-03-16 11:24:43] Epoch 23 - Training Loss: 0.5254, Training Accuracy: 82.25%
[2025-03-16 11:24:52] Epoch 20 - Test Accuracy: 88.66%
[2025-03-16 11:25:03] Epoch 23 - Validation Loss: 0.3688, Validation Accuracy: 87.79%
[2025-03-16 11:25:06] Epoch 23 - Training Loss: 0.3836, Training Accuracy: 86.95%
[2025-03-16 11:25:24] Epoch 23 - Validation Loss: 0.3124, Validation Accuracy: 89.58%
[2025-03-16 11:25:42] Epoch 23 - Test Accuracy: 86.21%
[2025-03-16 11:26:02] Epoch 23 - Test Accuracy: 88.41%
[2025-03-16 11:26:17] Epoch 20 - Training Loss: 0.3694, Training Accuracy: 87.55%
[2025-03-16 11:26:37] Epoch 20 - Validation Loss: 0.3054, Validation Accuracy: 89.60%
[2025-03-16 11:26:56] Epoch 21 - Training Loss: 0.3517, Training Accuracy: 88.23%
[2025-03-16 11:27:13] Epoch 21 - Validation Loss: 0.2891, Validation Accuracy: 90.09%
[2025-03-16 11:27:16] Epoch 20 - Test Accuracy: 88.05%
[2025-03-16 11:27:38] Epoch 24 - Training Loss: 0.5155, Training Accuracy: 82.67%
[2025-03-16 11:27:54] Epoch 24 - Validation Loss: 0.3752, Validation Accuracy: 87.12%
[2025-03-16 11:27:55] Epoch 21 - Test Accuracy: 89.22%
[2025-03-16 11:28:01] Epoch 24 - Training Loss: 0.3774, Training Accuracy: 86.90%
[2025-03-16 11:28:20] Epoch 24 - Validation Loss: 0.3063, Validation Accuracy: 89.47%
[2025-03-16 11:28:29] Epoch 24 - Test Accuracy: 85.67%
[2025-03-16 11:29:03] Epoch 24 - Test Accuracy: 87.85%
[2025-03-16 11:29:29] Epoch 21 - Training Loss: 0.3546, Training Accuracy: 87.83%
[2025-03-16 11:29:51] Epoch 21 - Validation Loss: 0.2781, Validation Accuracy: 90.06%
[2025-03-16 11:30:05] Epoch 22 - Training Loss: 0.3483, Training Accuracy: 87.96%
[2025-03-16 11:30:23] Epoch 22 - Validation Loss: 0.2736, Validation Accuracy: 90.33%
[2025-03-16 11:30:28] Epoch 21 - Test Accuracy: 88.83%
[2025-03-16 11:30:29] Epoch 25 - Training Loss: 0.5139, Training Accuracy: 82.64%
[2025-03-16 11:30:53] Epoch 25 - Validation Loss: 0.3717, Validation Accuracy: 87.47%
[2025-03-16 11:30:57] Epoch 22 - Test Accuracy: 88.83%
[2025-03-16 11:30:58] Epoch 25 - Training Loss: 0.3728, Training Accuracy: 87.20%
[2025-03-16 11:31:18] Epoch 25 - Validation Loss: 0.2921, Validation Accuracy: 90.09%
[2025-03-16 11:31:33] Epoch 25 - Test Accuracy: 85.27%
[2025-03-16 11:31:58] Epoch 25 - Test Accuracy: 87.90%
[2025-03-16 11:32:40] Epoch 22 - Training Loss: 0.3486, Training Accuracy: 88.05%
[2025-03-16 11:33:02] Epoch 22 - Validation Loss: 0.2670, Validation Accuracy: 90.49%
[2025-03-16 11:33:07] Epoch 23 - Training Loss: 0.3389, Training Accuracy: 88.49%
[2025-03-16 11:33:28] Epoch 23 - Validation Loss: 0.2706, Validation Accuracy: 90.60%
[2025-03-16 11:33:31] Epoch 26 - Training Loss: 0.5005, Training Accuracy: 82.91%
[2025-03-16 11:33:41] Epoch 22 - Test Accuracy: 89.22%
[2025-03-16 11:33:47] Epoch 26 - Validation Loss: 0.3550, Validation Accuracy: 87.87%
[2025-03-16 11:33:48] Epoch 26 - Training Loss: 0.3690, Training Accuracy: 87.65%
[2025-03-16 11:34:00] Epoch 26 - Validation Loss: 0.2901, Validation Accuracy: 89.77%
[2025-03-16 11:34:05] Epoch 23 - Test Accuracy: 88.91%
[2025-03-16 11:34:24] Epoch 26 - Test Accuracy: 86.18%
[2025-03-16 11:34:34] Epoch 26 - Test Accuracy: 88.24%
[2025-03-16 11:35:44] Epoch 23 - Training Loss: 0.3474, Training Accuracy: 88.19%
[2025-03-16 11:36:11] Epoch 23 - Validation Loss: 0.2733, Validation Accuracy: 90.39%
[2025-03-16 11:36:13] Epoch 27 - Training Loss: 0.5061, Training Accuracy: 83.01%
[2025-03-16 11:36:19] Epoch 24 - Training Loss: 0.3308, Training Accuracy: 88.68%
[2025-03-16 11:36:34] Epoch 27 - Validation Loss: 0.3530, Validation Accuracy: 88.28%
[2025-03-16 11:36:36] Epoch 27 - Training Loss: 0.3582, Training Accuracy: 87.73%
[2025-03-16 11:36:37] Epoch 24 - Validation Loss: 0.2587, Validation Accuracy: 90.98%
[2025-03-16 11:36:42] Epoch 23 - Test Accuracy: 88.68%
[2025-03-16 11:36:54] Epoch 27 - Validation Loss: 0.2971, Validation Accuracy: 89.74%
[2025-03-16 11:37:03] Epoch 27 - Test Accuracy: 86.50%
[2025-03-16 11:37:15] Epoch 24 - Test Accuracy: 89.59%
[2025-03-16 11:37:35] Epoch 27 - Test Accuracy: 88.02%
[2025-03-16 11:38:41] Epoch 24 - Training Loss: 0.3341, Training Accuracy: 88.46%
[2025-03-16 11:38:48] Epoch 28 - Training Loss: 0.5011, Training Accuracy: 82.96%
[2025-03-16 11:39:01] Epoch 28 - Validation Loss: 0.3459, Validation Accuracy: 88.68%
[2025-03-16 11:39:06] Epoch 24 - Validation Loss: 0.2921, Validation Accuracy: 90.22%
[2025-03-16 11:39:18] Epoch 28 - Test Accuracy: 86.21%
[2025-03-16 11:39:32] Epoch 25 - Training Loss: 0.3228, Training Accuracy: 89.03%
[2025-03-16 11:39:46] Epoch 28 - Training Loss: 0.3545, Training Accuracy: 87.77%
[2025-03-16 11:39:47] Epoch 25 - Validation Loss: 0.2755, Validation Accuracy: 90.41%
[2025-03-16 11:39:48] Epoch 24 - Test Accuracy: 88.14%
[2025-03-16 11:40:06] Epoch 28 - Validation Loss: 0.2882, Validation Accuracy: 89.50%
[2025-03-16 11:40:28] Epoch 25 - Test Accuracy: 89.08%
[2025-03-16 11:40:45] Epoch 28 - Test Accuracy: 88.73%
[2025-03-16 11:41:11] Epoch 29 - Training Loss: 0.4915, Training Accuracy: 83.34%
[2025-03-16 11:41:30] Epoch 29 - Validation Loss: 0.3570, Validation Accuracy: 87.96%
[2025-03-16 11:41:52] Epoch 25 - Training Loss: 0.3332, Training Accuracy: 88.58%
[2025-03-16 11:42:09] Epoch 25 - Validation Loss: 0.2537, Validation Accuracy: 90.71%
[2025-03-16 11:42:12] Epoch 29 - Test Accuracy: 86.60%
[2025-03-16 11:42:28] Epoch 26 - Training Loss: 0.3167, Training Accuracy: 89.17%
[2025-03-16 11:42:42] Epoch 25 - Test Accuracy: 89.99%
[2025-03-16 11:42:56] Epoch 26 - Validation Loss: 0.2558, Validation Accuracy: 91.22%
[2025-03-16 11:43:00] Epoch 29 - Training Loss: 0.3507, Training Accuracy: 87.90%
[2025-03-16 11:43:20] Epoch 29 - Validation Loss: 0.2966, Validation Accuracy: 89.87%
[2025-03-16 11:43:35] Epoch 26 - Test Accuracy: 90.30%
[2025-03-16 11:43:56] Epoch 29 - Test Accuracy: 88.86%
[2025-03-16 11:44:13] Epoch 30 - Training Loss: 0.4845, Training Accuracy: 83.42%
[2025-03-16 11:44:32] Epoch 30 - Validation Loss: 0.3487, Validation Accuracy: 88.60%
[2025-03-16 11:44:41] Epoch 26 - Training Loss: 0.3209, Training Accuracy: 89.18%
[2025-03-16 11:45:04] Epoch 26 - Validation Loss: 0.2423, Validation Accuracy: 91.79%
[2025-03-16 11:45:12] Epoch 30 - Test Accuracy: 86.45%
[2025-03-16 11:45:35] Epoch 27 - Training Loss: 0.3102, Training Accuracy: 89.29%
[2025-03-16 11:45:51] Epoch 26 - Test Accuracy: 90.33%
[2025-03-16 11:45:51] Epoch 27 - Validation Loss: 0.2492, Validation Accuracy: 90.90%
[2025-03-16 11:45:51] Epoch 30 - Training Loss: 0.3417, Training Accuracy: 88.17%
[2025-03-16 11:46:07] Epoch 30 - Validation Loss: 0.2773, Validation Accuracy: 90.17%
[2025-03-16 11:46:33] Epoch 27 - Test Accuracy: 90.40%
[2025-03-16 11:46:49] Epoch 30 - Test Accuracy: 88.64%
[2025-03-16 11:47:23] Epoch 31 - Training Loss: 0.4835, Training Accuracy: 83.56%
[2025-03-16 11:47:44] Epoch 31 - Validation Loss: 0.3550, Validation Accuracy: 87.55%
[2025-03-16 11:48:12] Epoch 27 - Training Loss: 0.3206, Training Accuracy: 89.07%
[2025-03-16 11:48:26] Epoch 31 - Test Accuracy: 85.84%
[2025-03-16 11:48:35] Epoch 27 - Validation Loss: 0.2566, Validation Accuracy: 91.30%
[2025-03-16 11:48:47] Epoch 28 - Training Loss: 0.3007, Training Accuracy: 89.78%
[2025-03-16 11:49:02] Epoch 31 - Training Loss: 0.3404, Training Accuracy: 88.42%
[2025-03-16 11:49:03] Epoch 28 - Validation Loss: 0.2416, Validation Accuracy: 91.76%
[2025-03-16 11:49:17] Epoch 31 - Validation Loss: 0.2818, Validation Accuracy: 90.71%
[2025-03-16 11:49:17] Epoch 27 - Test Accuracy: 90.26%
[2025-03-16 11:49:35] Epoch 28 - Test Accuracy: 91.09%
[2025-03-16 11:50:00] Epoch 32 - Training Loss: 0.4738, Training Accuracy: 84.07%
[2025-03-16 11:50:01] Epoch 31 - Test Accuracy: 88.83%
[2025-03-16 11:50:31] Epoch 32 - Validation Loss: 0.3370, Validation Accuracy: 88.36%
[2025-03-16 11:51:26] Epoch 32 - Test Accuracy: 86.89%
[2025-03-16 11:52:24] Epoch 28 - Training Loss: 0.3116, Training Accuracy: 89.31%
[2025-03-16 11:52:26] Epoch 29 - Training Loss: 0.3058, Training Accuracy: 89.70%
[2025-03-16 11:52:41] Epoch 29 - Validation Loss: 0.2674, Validation Accuracy: 90.63%
[2025-03-16 11:52:46] Epoch 28 - Validation Loss: 0.2567, Validation Accuracy: 91.39%
[2025-03-16 11:52:52] Epoch 32 - Training Loss: 0.3362, Training Accuracy: 88.38%
[2025-03-16 11:53:07] Epoch 32 - Validation Loss: 0.2853, Validation Accuracy: 90.01%
[2025-03-16 11:53:08] Epoch 29 - Test Accuracy: 88.98%
[2025-03-16 11:53:24] Epoch 28 - Test Accuracy: 90.11%
[2025-03-16 11:53:46] Epoch 33 - Training Loss: 0.4704, Training Accuracy: 83.83%
[2025-03-16 11:53:51] Epoch 32 - Test Accuracy: 88.64%
[2025-03-16 11:54:14] Epoch 33 - Validation Loss: 0.3463, Validation Accuracy: 88.12%
[2025-03-16 11:54:57] Epoch 33 - Test Accuracy: 86.94%
[2025-03-16 11:55:52] Epoch 30 - Training Loss: 0.2961, Training Accuracy: 89.98%
[2025-03-16 11:56:20] Epoch 30 - Validation Loss: 0.2512, Validation Accuracy: 91.84%
[2025-03-16 11:56:23] Epoch 29 - Training Loss: 0.2994, Training Accuracy: 89.60%
[2025-03-16 11:56:24] Epoch 33 - Training Loss: 0.3302, Training Accuracy: 88.78%
[2025-03-16 11:56:43] Epoch 33 - Validation Loss: 0.2839, Validation Accuracy: 90.12%
[2025-03-16 11:56:45] Epoch 29 - Validation Loss: 0.2360, Validation Accuracy: 91.39%
[2025-03-16 11:56:49] Epoch 30 - Test Accuracy: 90.77%
[2025-03-16 11:57:16] Epoch 33 - Test Accuracy: 89.20%
[2025-03-16 11:57:23] Epoch 34 - Training Loss: 0.4651, Training Accuracy: 84.33%
[2025-03-16 11:57:24] Epoch 29 - Test Accuracy: 90.38%
[2025-03-16 11:57:42] Epoch 34 - Validation Loss: 0.3374, Validation Accuracy: 88.79%
[2025-03-16 11:58:19] Epoch 34 - Test Accuracy: 87.33%
[2025-03-16 11:58:49] Epoch 31 - Training Loss: 0.2856, Training Accuracy: 90.25%
[2025-03-16 11:59:07] Epoch 34 - Training Loss: 0.3286, Training Accuracy: 88.75%
[2025-03-16 11:59:07] Epoch 31 - Validation Loss: 0.2380, Validation Accuracy: 92.03%
[2025-03-16 11:59:28] Epoch 34 - Validation Loss: 0.2673, Validation Accuracy: 91.03%
[2025-03-16 11:59:44] Epoch 30 - Training Loss: 0.2972, Training Accuracy: 89.97%
[2025-03-16 11:59:53] Epoch 31 - Test Accuracy: 90.43%
[2025-03-16 12:00:01] Epoch 34 - Test Accuracy: 89.42%
[2025-03-16 12:00:03] Epoch 30 - Validation Loss: 0.2383, Validation Accuracy: 91.82%
[2025-03-16 12:00:29] Epoch 35 - Training Loss: 0.4624, Training Accuracy: 84.25%
[2025-03-16 12:00:47] Epoch 30 - Test Accuracy: 90.65%
[2025-03-16 12:00:48] Epoch 35 - Validation Loss: 0.3328, Validation Accuracy: 88.55%
[2025-03-16 12:01:30] Epoch 32 - Training Loss: 0.2856, Training Accuracy: 90.25%
[2025-03-16 12:01:30] Epoch 35 - Test Accuracy: 87.33%
[2025-03-16 12:01:54] Epoch 32 - Validation Loss: 0.2329, Validation Accuracy: 92.33%
[2025-03-16 12:02:17] Epoch 35 - Training Loss: 0.3284, Training Accuracy: 88.78%
[2025-03-16 12:02:38] Epoch 35 - Validation Loss: 0.2688, Validation Accuracy: 90.93%
[2025-03-16 12:02:39] Epoch 32 - Test Accuracy: 90.89%
[2025-03-16 12:03:19] Epoch 35 - Test Accuracy: 89.30%
[2025-03-16 12:03:21] Epoch 31 - Training Loss: 0.2888, Training Accuracy: 90.03%
[2025-03-16 12:03:39] Epoch 36 - Training Loss: 0.4605, Training Accuracy: 84.23%
[2025-03-16 12:03:40] Epoch 31 - Validation Loss: 0.2437, Validation Accuracy: 91.66%
[2025-03-16 12:03:58] Epoch 36 - Validation Loss: 0.3260, Validation Accuracy: 89.25%
[2025-03-16 12:04:30] Epoch 31 - Test Accuracy: 90.53%
[2025-03-16 12:04:36] Epoch 36 - Test Accuracy: 86.89%
[2025-03-16 12:04:58] Epoch 33 - Training Loss: 0.2779, Training Accuracy: 90.50%
[2025-03-16 12:05:29] Epoch 33 - Validation Loss: 0.2410, Validation Accuracy: 91.66%
[2025-03-16 12:05:55] Epoch 36 - Training Loss: 0.3275, Training Accuracy: 88.66%
[2025-03-16 12:06:14] Epoch 33 - Test Accuracy: 90.13%
[2025-03-16 12:06:15] Epoch 36 - Validation Loss: 0.2563, Validation Accuracy: 91.52%
[2025-03-16 12:06:51] Epoch 36 - Test Accuracy: 89.81%
[2025-03-16 12:07:26] Epoch 37 - Training Loss: 0.4525, Training Accuracy: 84.75%
[2025-03-16 12:07:41] Epoch 37 - Validation Loss: 0.3228, Validation Accuracy: 88.98%
[2025-03-16 12:07:45] Epoch 32 - Training Loss: 0.2872, Training Accuracy: 90.24%
[2025-03-16 12:08:03] Epoch 32 - Validation Loss: 0.2309, Validation Accuracy: 91.90%
[2025-03-16 12:08:20] Epoch 37 - Test Accuracy: 87.80%
[2025-03-16 12:08:39] Epoch 32 - Test Accuracy: 90.43%
[2025-03-16 12:08:40] Epoch 34 - Training Loss: 0.2748, Training Accuracy: 90.67%
[2025-03-16 12:08:49] Epoch 37 - Training Loss: 0.3138, Training Accuracy: 89.53%
[2025-03-16 12:09:00] Epoch 34 - Validation Loss: 0.2183, Validation Accuracy: 92.44%
[2025-03-16 12:09:05] Epoch 37 - Validation Loss: 0.2629, Validation Accuracy: 90.98%
[2025-03-16 12:09:34] Epoch 34 - Test Accuracy: 90.89%
[2025-03-16 12:09:43] Epoch 37 - Test Accuracy: 89.84%
[2025-03-16 12:10:13] Epoch 38 - Training Loss: 0.4493, Training Accuracy: 84.80%
[2025-03-16 12:10:33] Epoch 38 - Validation Loss: 0.3267, Validation Accuracy: 88.98%
[2025-03-16 12:10:55] Epoch 33 - Training Loss: 0.2741, Training Accuracy: 90.75%
[2025-03-16 12:11:14] Epoch 38 - Test Accuracy: 87.85%
[2025-03-16 12:11:14] Epoch 33 - Validation Loss: 0.2282, Validation Accuracy: 91.66%
[2025-03-16 12:11:44] Epoch 35 - Training Loss: 0.2748, Training Accuracy: 90.44%
[2025-03-16 12:11:45] Epoch 38 - Training Loss: 0.3186, Training Accuracy: 88.96%
[2025-03-16 12:12:01] Epoch 33 - Test Accuracy: 91.09%
[2025-03-16 12:12:01] Epoch 38 - Validation Loss: 0.2474, Validation Accuracy: 91.55%
[2025-03-16 12:12:02] Epoch 35 - Validation Loss: 0.2215, Validation Accuracy: 92.14%
[2025-03-16 12:12:35] Epoch 38 - Test Accuracy: 90.33%
[2025-03-16 12:12:43] Epoch 35 - Test Accuracy: 91.11%
[2025-03-16 12:13:10] Epoch 39 - Training Loss: 0.4513, Training Accuracy: 84.88%
[2025-03-16 12:13:31] Epoch 39 - Validation Loss: 0.3366, Validation Accuracy: 88.50%
[2025-03-16 12:14:05] Epoch 39 - Test Accuracy: 86.35%
[2025-03-16 12:14:07] Epoch 34 - Training Loss: 0.2760, Training Accuracy: 90.62%
[2025-03-16 12:14:32] Epoch 34 - Validation Loss: 0.2380, Validation Accuracy: 91.84%
[2025-03-16 12:14:40] Epoch 39 - Training Loss: 0.3138, Training Accuracy: 89.29%
[2025-03-16 12:14:49] Epoch 36 - Training Loss: 0.2608, Training Accuracy: 91.04%
[2025-03-16 12:14:58] Epoch 39 - Validation Loss: 0.2534, Validation Accuracy: 91.76%
[2025-03-16 12:15:04] Epoch 36 - Validation Loss: 0.2229, Validation Accuracy: 92.17%
[2025-03-16 12:15:08] Epoch 34 - Test Accuracy: 89.89%
[2025-03-16 12:15:29] Epoch 39 - Test Accuracy: 89.72%
[2025-03-16 12:15:42] Epoch 36 - Test Accuracy: 91.80%
[2025-03-16 12:16:04] Epoch 40 - Training Loss: 0.4389, Training Accuracy: 85.21%
[2025-03-16 12:16:21] Epoch 40 - Validation Loss: 0.3210, Validation Accuracy: 89.58%
[2025-03-16 12:17:00] Epoch 40 - Test Accuracy: 87.29%
[2025-03-16 12:17:27] Epoch 40 - Training Loss: 0.3108, Training Accuracy: 89.27%
[2025-03-16 12:17:30] Epoch 35 - Training Loss: 0.2685, Training Accuracy: 90.92%
[2025-03-16 12:17:50] Epoch 40 - Validation Loss: 0.2656, Validation Accuracy: 90.85%
[2025-03-16 12:17:51] Epoch 35 - Validation Loss: 0.2294, Validation Accuracy: 92.28%
[2025-03-16 12:17:53] Epoch 37 - Training Loss: 0.2552, Training Accuracy: 91.31%
[2025-03-16 12:18:13] Epoch 37 - Validation Loss: 0.2273, Validation Accuracy: 91.90%
[2025-03-16 12:18:19] Epoch 40 - Test Accuracy: 89.45%
[2025-03-16 12:18:29] Epoch 35 - Test Accuracy: 90.55%
[2025-03-16 12:18:55] Epoch 37 - Test Accuracy: 90.97%
[2025-03-16 12:18:57] Epoch 41 - Training Loss: 0.4402, Training Accuracy: 84.97%
[2025-03-16 12:19:16] Epoch 41 - Validation Loss: 0.3178, Validation Accuracy: 89.06%
[2025-03-16 12:19:54] Epoch 41 - Test Accuracy: 87.58%
[2025-03-16 12:20:27] Epoch 41 - Training Loss: 0.3053, Training Accuracy: 89.46%
[2025-03-16 12:20:47] Epoch 36 - Training Loss: 0.2652, Training Accuracy: 90.85%
[2025-03-16 12:20:48] Epoch 41 - Validation Loss: 0.2616, Validation Accuracy: 91.28%
[2025-03-16 12:21:08] Epoch 36 - Validation Loss: 0.2104, Validation Accuracy: 92.57%
[2025-03-16 12:21:10] Epoch 38 - Training Loss: 0.2548, Training Accuracy: 91.44%
[2025-03-16 12:21:24] Epoch 38 - Validation Loss: 0.2023, Validation Accuracy: 92.74%
[2025-03-16 12:21:25] Epoch 41 - Test Accuracy: 89.84%
[2025-03-16 12:21:46] Epoch 42 - Training Loss: 0.4405, Training Accuracy: 85.00%
[2025-03-16 12:21:46] Epoch 36 - Test Accuracy: 91.80%
[2025-03-16 12:22:02] Epoch 38 - Test Accuracy: 92.42%
[2025-03-16 12:22:03] Epoch 42 - Validation Loss: 0.3152, Validation Accuracy: 89.36%
[2025-03-16 12:22:44] Epoch 42 - Test Accuracy: 87.85%
[2025-03-16 12:23:27] Epoch 42 - Training Loss: 0.3028, Training Accuracy: 89.65%
[2025-03-16 12:23:49] Epoch 42 - Validation Loss: 0.2550, Validation Accuracy: 91.41%
[2025-03-16 12:24:15] Epoch 37 - Training Loss: 0.2625, Training Accuracy: 91.10%
[2025-03-16 12:24:26] Epoch 39 - Training Loss: 0.2486, Training Accuracy: 91.45%
[2025-03-16 12:24:33] Epoch 42 - Test Accuracy: 90.18%
[2025-03-16 12:24:34] Epoch 37 - Validation Loss: 0.2228, Validation Accuracy: 92.47%
[2025-03-16 12:24:44] Epoch 39 - Validation Loss: 0.2340, Validation Accuracy: 92.28%
[2025-03-16 12:24:50] Epoch 43 - Training Loss: 0.4365, Training Accuracy: 85.10%
[2025-03-16 12:25:05] Epoch 43 - Validation Loss: 0.3221, Validation Accuracy: 89.28%
[2025-03-16 12:25:14] Epoch 37 - Test Accuracy: 92.07%
[2025-03-16 12:25:15] Epoch 39 - Test Accuracy: 90.62%
[2025-03-16 12:25:41] Epoch 43 - Test Accuracy: 87.21%
[2025-03-16 12:26:26] Epoch 43 - Training Loss: 0.2629, Training Accuracy: 90.98%
[2025-03-16 12:26:45] Epoch 43 - Validation Loss: 0.2258, Validation Accuracy: 92.14%
[2025-03-16 12:27:24] Epoch 43 - Test Accuracy: 91.19%
[2025-03-16 12:27:25] Epoch 40 - Training Loss: 0.2455, Training Accuracy: 91.64%
[2025-03-16 12:27:38] Epoch 44 - Training Loss: 0.4297, Training Accuracy: 85.26%
[2025-03-16 12:27:39] Epoch 38 - Training Loss: 0.2578, Training Accuracy: 91.11%
[2025-03-16 12:27:51] Epoch 40 - Validation Loss: 0.2078, Validation Accuracy: 92.76%
[2025-03-16 12:27:57] Epoch 44 - Validation Loss: 0.3093, Validation Accuracy: 89.63%
[2025-03-16 12:27:57] Epoch 38 - Validation Loss: 0.2224, Validation Accuracy: 92.60%
[2025-03-16 12:28:17] Epoch 40 - Test Accuracy: 92.37%
[2025-03-16 12:28:29] Epoch 44 - Test Accuracy: 87.58%
[2025-03-16 12:28:30] Epoch 38 - Test Accuracy: 91.56%
[2025-03-16 12:29:34] Epoch 44 - Training Loss: 0.2528, Training Accuracy: 91.35%
[2025-03-16 12:29:54] Epoch 44 - Validation Loss: 0.2203, Validation Accuracy: 92.47%
[2025-03-16 12:30:26] Epoch 41 - Training Loss: 0.2437, Training Accuracy: 91.70%
[2025-03-16 12:30:32] Epoch 45 - Training Loss: 0.4278, Training Accuracy: 85.53%
[2025-03-16 12:30:33] Epoch 44 - Test Accuracy: 91.46%
[2025-03-16 12:30:48] Epoch 41 - Validation Loss: 0.1959, Validation Accuracy: 93.09%
[2025-03-16 12:30:51] Epoch 45 - Validation Loss: 0.3047, Validation Accuracy: 90.04%
[2025-03-16 12:30:59] Epoch 39 - Training Loss: 0.2511, Training Accuracy: 91.24%
[2025-03-16 12:31:15] Epoch 39 - Validation Loss: 0.2040, Validation Accuracy: 93.06%
[2025-03-16 12:31:20] Epoch 45 - Test Accuracy: 87.48%
[2025-03-16 12:31:20] Epoch 41 - Test Accuracy: 92.54%
[2025-03-16 12:31:54] Epoch 39 - Test Accuracy: 91.56%
[2025-03-16 12:32:27] Epoch 45 - Training Loss: 0.2437, Training Accuracy: 91.66%
[2025-03-16 12:32:44] Epoch 45 - Validation Loss: 0.2194, Validation Accuracy: 92.49%
[2025-03-16 12:33:25] Epoch 45 - Test Accuracy: 91.36%
[2025-03-16 12:33:26] Epoch 46 - Training Loss: 0.4276, Training Accuracy: 85.30%
[2025-03-16 12:33:35] Epoch 42 - Training Loss: 0.2380, Training Accuracy: 91.94%
[2025-03-16 12:33:53] Epoch 42 - Validation Loss: 0.2052, Validation Accuracy: 92.82%
[2025-03-16 12:33:53] Epoch 46 - Validation Loss: 0.3051, Validation Accuracy: 90.04%
[2025-03-16 12:34:09] Epoch 40 - Training Loss: 0.2495, Training Accuracy: 91.53%
[2025-03-16 12:34:25] Epoch 40 - Validation Loss: 0.2014, Validation Accuracy: 92.92%
[2025-03-16 12:34:27] Epoch 42 - Test Accuracy: 92.02%
[2025-03-16 12:34:28] Epoch 46 - Test Accuracy: 88.46%
[2025-03-16 12:35:05] Epoch 40 - Test Accuracy: 91.65%
[2025-03-16 12:35:24] Epoch 46 - Training Loss: 0.2403, Training Accuracy: 91.85%
[2025-03-16 12:35:43] Epoch 46 - Validation Loss: 0.2167, Validation Accuracy: 92.68%
[2025-03-16 12:36:21] Epoch 46 - Test Accuracy: 91.46%
[2025-03-16 12:36:29] Epoch 47 - Training Loss: 0.4217, Training Accuracy: 85.57%
[2025-03-16 12:36:43] Epoch 43 - Training Loss: 0.2345, Training Accuracy: 91.82%
[2025-03-16 12:36:50] Epoch 47 - Validation Loss: 0.3062, Validation Accuracy: 90.06%
[2025-03-16 12:37:01] Epoch 43 - Validation Loss: 0.1997, Validation Accuracy: 93.44%
[2025-03-16 12:37:18] Epoch 41 - Training Loss: 0.2448, Training Accuracy: 91.56%
[2025-03-16 12:37:26] Epoch 47 - Test Accuracy: 88.22%
[2025-03-16 12:37:38] Epoch 41 - Validation Loss: 0.2041, Validation Accuracy: 92.84%
[2025-03-16 12:37:43] Epoch 43 - Test Accuracy: 92.49%
[2025-03-16 12:38:22] Epoch 41 - Test Accuracy: 91.73%
[2025-03-16 12:38:22] Epoch 47 - Training Loss: 0.2376, Training Accuracy: 91.95%
[2025-03-16 12:38:49] Epoch 47 - Validation Loss: 0.2159, Validation Accuracy: 92.84%
[2025-03-16 12:39:17] Epoch 48 - Training Loss: 0.4187, Training Accuracy: 85.89%
[2025-03-16 12:39:26] Epoch 47 - Test Accuracy: 91.56%
[2025-03-16 12:39:39] Epoch 48 - Validation Loss: 0.2988, Validation Accuracy: 90.01%
[2025-03-16 12:39:52] Epoch 44 - Training Loss: 0.2337, Training Accuracy: 91.99%
[2025-03-16 12:40:10] Epoch 44 - Validation Loss: 0.2002, Validation Accuracy: 92.95%
[2025-03-16 12:40:13] Epoch 48 - Test Accuracy: 88.46%
[2025-03-16 12:40:40] Epoch 42 - Training Loss: 0.2364, Training Accuracy: 91.72%
[2025-03-16 12:40:49] Epoch 44 - Test Accuracy: 92.34%
[2025-03-16 12:41:03] Epoch 42 - Validation Loss: 0.1934, Validation Accuracy: 93.28%
[2025-03-16 12:41:23] Epoch 48 - Training Loss: 0.2340, Training Accuracy: 91.87%
[2025-03-16 12:41:40] Epoch 48 - Validation Loss: 0.2144, Validation Accuracy: 92.71%
[2025-03-16 12:41:45] Epoch 42 - Test Accuracy: 92.78%
[2025-03-16 12:42:15] Epoch 49 - Training Loss: 0.4176, Training Accuracy: 85.81%
[2025-03-16 12:42:16] Epoch 48 - Test Accuracy: 91.34%
[2025-03-16 12:42:44] Epoch 49 - Validation Loss: 0.2895, Validation Accuracy: 90.52%
[2025-03-16 12:43:05] Epoch 45 - Training Loss: 0.2247, Training Accuracy: 92.33%
[2025-03-16 12:43:22] Epoch 45 - Validation Loss: 0.1849, Validation Accuracy: 93.57%
[2025-03-16 12:43:25] Epoch 49 - Test Accuracy: 88.27%
[2025-03-16 12:44:04] Epoch 45 - Test Accuracy: 93.05%
[2025-03-16 12:44:14] Epoch 43 - Training Loss: 0.2358, Training Accuracy: 92.02%
[2025-03-16 12:44:23] Epoch 49 - Training Loss: 0.2318, Training Accuracy: 92.01%
[2025-03-16 12:44:38] Epoch 43 - Validation Loss: 0.1945, Validation Accuracy: 93.28%
[2025-03-16 12:44:38] Epoch 49 - Validation Loss: 0.2149, Validation Accuracy: 92.52%
[2025-03-16 12:45:09] Epoch 50 - Training Loss: 0.4091, Training Accuracy: 86.05%
[2025-03-16 12:45:10] Epoch 49 - Test Accuracy: 91.36%
[2025-03-16 12:45:16] Epoch 43 - Test Accuracy: 92.32%
[2025-03-16 12:45:31] Epoch 50 - Validation Loss: 0.2936, Validation Accuracy: 90.41%
[2025-03-16 12:46:00] Epoch 46 - Training Loss: 0.2166, Training Accuracy: 92.49%
[2025-03-16 12:46:10] Epoch 50 - Test Accuracy: 88.39%
[2025-03-16 12:46:20] Epoch 46 - Validation Loss: 0.2013, Validation Accuracy: 93.01%
[2025-03-16 12:47:02] Epoch 46 - Test Accuracy: 92.34%
[2025-03-16 12:47:12] Epoch 50 - Training Loss: 0.2290, Training Accuracy: 91.94%
[2025-03-16 12:47:30] Epoch 50 - Validation Loss: 0.2150, Validation Accuracy: 92.55%
[2025-03-16 12:47:35] Epoch 44 - Training Loss: 0.2253, Training Accuracy: 92.35%
[2025-03-16 12:47:57] Epoch 44 - Validation Loss: 0.2080, Validation Accuracy: 92.95%
[2025-03-16 12:48:04] Epoch 50 - Test Accuracy: 91.80%
[2025-03-16 12:48:07] Epoch 51 - Training Loss: 0.4116, Training Accuracy: 85.98%
[2025-03-16 12:48:25] Epoch 51 - Validation Loss: 0.2914, Validation Accuracy: 90.63%
[2025-03-16 12:48:36] Epoch 44 - Test Accuracy: 92.05%
[2025-03-16 12:49:04] Epoch 47 - Training Loss: 0.2237, Training Accuracy: 92.42%
[2025-03-16 12:49:05] Epoch 51 - Test Accuracy: 88.41%
[2025-03-16 12:49:29] Epoch 47 - Validation Loss: 0.1887, Validation Accuracy: 93.11%
[2025-03-16 12:50:01] Epoch 51 - Training Loss: 0.2299, Training Accuracy: 92.03%
[2025-03-16 12:50:11] Epoch 47 - Test Accuracy: 92.61%
[2025-03-16 12:50:19] Epoch 51 - Validation Loss: 0.2129, Validation Accuracy: 92.60%
[2025-03-16 12:50:51] Epoch 45 - Training Loss: 0.2262, Training Accuracy: 92.05%
[2025-03-16 12:50:56] Epoch 51 - Test Accuracy: 91.78%
[2025-03-16 12:50:58] Epoch 52 - Training Loss: 0.4127, Training Accuracy: 86.25%
[2025-03-16 12:51:14] Epoch 45 - Validation Loss: 0.2058, Validation Accuracy: 93.03%
[2025-03-16 12:51:18] Epoch 52 - Validation Loss: 0.2892, Validation Accuracy: 90.28%
[2025-03-16 12:51:49] Epoch 52 - Test Accuracy: 88.49%
[2025-03-16 12:51:55] Epoch 45 - Test Accuracy: 91.90%
[2025-03-16 12:52:11] Epoch 48 - Training Loss: 0.2159, Training Accuracy: 92.62%
[2025-03-16 12:52:30] Epoch 48 - Validation Loss: 0.1798, Validation Accuracy: 93.55%
[2025-03-16 12:52:47] Epoch 52 - Training Loss: 0.2231, Training Accuracy: 92.29%
[2025-03-16 12:53:05] Epoch 52 - Validation Loss: 0.2170, Validation Accuracy: 92.36%
[2025-03-16 12:53:11] Epoch 48 - Test Accuracy: 93.23%
[2025-03-16 12:53:41] Epoch 52 - Test Accuracy: 91.41%
[2025-03-16 12:53:43] Epoch 53 - Training Loss: 0.4084, Training Accuracy: 86.10%
[2025-03-16 12:54:04] Epoch 53 - Validation Loss: 0.2829, Validation Accuracy: 90.68%
[2025-03-16 12:54:09] Epoch 46 - Training Loss: 0.2270, Training Accuracy: 92.28%
[2025-03-16 12:54:29] Epoch 46 - Validation Loss: 0.2036, Validation Accuracy: 93.22%
[2025-03-16 12:54:38] Epoch 53 - Test Accuracy: 89.30%
[2025-03-16 12:55:09] Epoch 46 - Test Accuracy: 92.19%
[2025-03-16 12:55:19] Epoch 49 - Training Loss: 0.2150, Training Accuracy: 92.45%
[2025-03-16 12:55:41] Epoch 49 - Validation Loss: 0.1974, Validation Accuracy: 92.84%
[2025-03-16 12:55:48] Epoch 53 - Training Loss: 0.2317, Training Accuracy: 91.92%
[2025-03-16 12:56:04] Epoch 53 - Validation Loss: 0.2108, Validation Accuracy: 92.57%
[2025-03-16 12:56:10] Epoch 49 - Test Accuracy: 91.70%
[2025-03-16 12:56:39] Epoch 54 - Training Loss: 0.3980, Training Accuracy: 86.51%
[2025-03-16 12:56:40] Epoch 53 - Test Accuracy: 91.63%
[2025-03-16 12:56:58] Epoch 54 - Validation Loss: 0.2969, Validation Accuracy: 90.06%
[2025-03-16 12:57:30] Epoch 54 - Test Accuracy: 88.64%
[2025-03-16 12:57:32] Epoch 47 - Training Loss: 0.1842, Training Accuracy: 93.71%
[2025-03-16 12:57:54] Epoch 47 - Validation Loss: 0.1807, Validation Accuracy: 93.84%
[2025-03-16 12:58:17] Epoch 50 - Training Loss: 0.2116, Training Accuracy: 92.80%
[2025-03-16 12:58:35] Epoch 50 - Validation Loss: 0.1824, Validation Accuracy: 93.55%
[2025-03-16 12:58:35] Epoch 47 - Test Accuracy: 92.49%
[2025-03-16 12:58:39] Epoch 54 - Training Loss: 0.2258, Training Accuracy: 92.27%
[2025-03-16 12:58:58] Epoch 54 - Validation Loss: 0.2154, Validation Accuracy: 92.60%
[2025-03-16 12:59:15] Epoch 50 - Test Accuracy: 91.97%
[2025-03-16 12:59:32] Epoch 55 - Training Loss: 0.3989, Training Accuracy: 86.45%
[2025-03-16 12:59:40] Epoch 54 - Test Accuracy: 91.58%
[2025-03-16 12:59:53] Epoch 55 - Validation Loss: 0.2835, Validation Accuracy: 90.49%
[2025-03-16 13:00:33] Epoch 55 - Test Accuracy: 88.17%
[2025-03-16 13:01:00] Epoch 48 - Training Loss: 0.1744, Training Accuracy: 93.94%
[2025-03-16 13:01:22] Epoch 48 - Validation Loss: 0.1766, Validation Accuracy: 94.06%
[2025-03-16 13:01:25] Epoch 51 - Training Loss: 0.2117, Training Accuracy: 92.71%
[2025-03-16 13:01:43] Epoch 55 - Training Loss: 0.2208, Training Accuracy: 92.48%
[2025-03-16 13:01:44] Epoch 51 - Validation Loss: 0.1858, Validation Accuracy: 93.73%
[2025-03-16 13:01:59] Epoch 48 - Test Accuracy: 93.08%
[2025-03-16 13:02:00] Epoch 55 - Validation Loss: 0.2140, Validation Accuracy: 92.71%
[2025-03-16 13:02:24] Epoch 51 - Test Accuracy: 92.61%
[2025-03-16 13:02:34] Epoch 56 - Training Loss: 0.4035, Training Accuracy: 86.34%
[2025-03-16 13:02:46] Epoch 55 - Test Accuracy: 91.43%
[2025-03-16 13:02:53] Epoch 56 - Validation Loss: 0.2839, Validation Accuracy: 90.49%
[2025-03-16 13:03:34] Epoch 56 - Test Accuracy: 89.15%
[2025-03-16 13:04:06] Epoch 49 - Training Loss: 0.1651, Training Accuracy: 94.37%
[2025-03-16 13:04:29] Epoch 49 - Validation Loss: 0.1721, Validation Accuracy: 94.22%
[2025-03-16 13:04:33] Epoch 52 - Training Loss: 0.2058, Training Accuracy: 92.85%
[2025-03-16 13:04:43] Epoch 56 - Training Loss: 0.2232, Training Accuracy: 92.29%
[2025-03-16 13:04:55] Epoch 52 - Validation Loss: 0.1877, Validation Accuracy: 93.63%
[2025-03-16 13:04:58] Epoch 56 - Validation Loss: 0.2125, Validation Accuracy: 92.79%
[2025-03-16 13:05:04] Epoch 49 - Test Accuracy: 93.27%
[2025-03-16 13:05:27] Epoch 52 - Test Accuracy: 93.42%
[2025-03-16 13:05:28] Epoch 57 - Training Loss: 0.3940, Training Accuracy: 86.62%
[2025-03-16 13:05:38] Epoch 56 - Test Accuracy: 91.51%
[2025-03-16 13:05:50] Epoch 57 - Validation Loss: 0.3064, Validation Accuracy: 89.79%
[2025-03-16 13:06:28] Epoch 57 - Test Accuracy: 88.39%
[2025-03-16 13:07:24] Epoch 50 - Training Loss: 0.1643, Training Accuracy: 94.38%
[2025-03-16 13:07:37] Epoch 57 - Training Loss: 0.2202, Training Accuracy: 92.44%
[2025-03-16 13:07:42] Epoch 53 - Training Loss: 0.1709, Training Accuracy: 94.26%
[2025-03-16 13:07:44] Epoch 50 - Validation Loss: 0.1708, Validation Accuracy: 94.44%
[2025-03-16 13:07:57] Epoch 57 - Validation Loss: 0.2111, Validation Accuracy: 92.68%
[2025-03-16 13:07:59] Epoch 53 - Validation Loss: 0.1709, Validation Accuracy: 94.38%
[2025-03-16 13:08:13] Epoch 50 - Test Accuracy: 93.32%
[2025-03-16 13:08:15] Epoch 58 - Training Loss: 0.3614, Training Accuracy: 87.68%
[2025-03-16 13:08:26] Epoch 57 - Test Accuracy: 91.43%
[2025-03-16 13:08:35] Epoch 58 - Validation Loss: 0.2650, Validation Accuracy: 91.36%
[2025-03-16 13:08:41] Epoch 53 - Test Accuracy: 94.11%
[2025-03-16 13:09:16] Epoch 58 - Test Accuracy: 89.32%
[2025-03-16 13:10:29] Epoch 58 - Training Loss: 0.2138, Training Accuracy: 92.62%
[2025-03-16 13:10:39] Epoch 51 - Training Loss: 0.1606, Training Accuracy: 94.43%
[2025-03-16 13:10:51] Epoch 58 - Validation Loss: 0.2108, Validation Accuracy: 92.74%
[2025-03-16 13:10:55] Epoch 54 - Training Loss: 0.1620, Training Accuracy: 94.36%
[2025-03-16 13:10:55] Epoch 51 - Validation Loss: 0.1706, Validation Accuracy: 94.44%
[2025-03-16 13:11:13] Epoch 54 - Validation Loss: 0.1650, Validation Accuracy: 94.65%
[2025-03-16 13:11:17] Epoch 59 - Training Loss: 0.3445, Training Accuracy: 88.31%
[2025-03-16 13:11:24] Epoch 58 - Test Accuracy: 91.63%
[2025-03-16 13:11:24] Stopping training at epoch 59 due to early stopping
[2025-03-16 13:11:24] Final Training Accuracy: 92.62%
[2025-03-16 13:11:24] Final Test Accuracy: 91.63%
[2025-03-16 13:11:24] Final Validation Accuracy: 92.74%, Model size: 167338
[2025-03-16 13:11:24] Saved model checkpoint to best_model_trial_68.pt
[2025-03-16 13:11:29] Epoch 59 - Validation Loss: 0.2632, Validation Accuracy: 91.44%
[2025-03-16 13:11:29] Epoch 51 - Test Accuracy: 93.47%
[2025-03-16 13:11:37] Epoch 54 - Test Accuracy: 94.21%
[2025-03-16 13:12:06] Epoch 59 - Test Accuracy: 89.69%
[2025-03-16 13:13:11] Epoch 52 - Training Loss: 0.1576, Training Accuracy: 94.57%
[2025-03-16 13:13:23] Epoch 55 - Training Loss: 0.1517, Training Accuracy: 94.91%
[2025-03-16 13:13:29] Epoch 52 - Validation Loss: 0.1715, Validation Accuracy: 94.38%
[2025-03-16 13:13:35] Epoch 55 - Validation Loss: 0.1643, Validation Accuracy: 94.36%
[2025-03-16 13:13:46] Epoch 60 - Training Loss: 0.3461, Training Accuracy: 88.28%
[2025-03-16 13:13:54] Epoch 52 - Test Accuracy: 93.52%
[2025-03-16 13:14:00] Starting training with hyperparameters: {'d_state': 27, 'd_conv': 2, 'expand': 2, 'batch_size': 25, 'dropout_rate': 0.15805511983715653, 'num_mamba_layers': 3, 'n_mfcc': 27, 'n_fft': 292, 'hop_length': 238, 'n_mels': 24, 'noise_level': 0.10524580283337225, 'shift': 84, 'lr': 0.0019750589895362377, 'weight_decay': 1.1329707979808855e-05}
[2025-03-16 13:14:00] Epoch 60 - Validation Loss: 0.2619, Validation Accuracy: 91.44%
[2025-03-16 13:14:03] Epoch 55 - Test Accuracy: 94.06%
[2025-03-16 13:14:34] Epoch 60 - Test Accuracy: 89.72%
[2025-03-16 13:15:47] Epoch 53 - Training Loss: 0.1513, Training Accuracy: 94.78%
[2025-03-16 13:15:52] Epoch 56 - Training Loss: 0.1474, Training Accuracy: 94.86%
[2025-03-16 13:15:54] Starting training with hyperparameters: {'d_state': 11, 'd_conv': 8, 'expand': 2, 'batch_size': 30, 'dropout_rate': 0.30057154720642537, 'num_mamba_layers': 2, 'n_mfcc': 30, 'n_fft': 237, 'hop_length': 166, 'n_mels': 27, 'noise_level': 0.06560943269969756, 'shift': 69, 'lr': 0.000425967052448071, 'weight_decay': 3.3601547194253395e-05}
[2025-03-16 13:16:09] Epoch 53 - Validation Loss: 0.1700, Validation Accuracy: 94.33%
[2025-03-16 13:16:10] Epoch 56 - Validation Loss: 0.1629, Validation Accuracy: 94.63%
[2025-03-16 13:16:14] Epoch 61 - Training Loss: 0.3403, Training Accuracy: 88.64%
[2025-03-16 13:16:23] Epoch 61 - Validation Loss: 0.2597, Validation Accuracy: 91.63%
[2025-03-16 13:16:31] Epoch 53 - Test Accuracy: 93.42%
[2025-03-16 13:16:32] Epoch 56 - Test Accuracy: 93.96%
[2025-03-16 13:16:46] Epoch 61 - Test Accuracy: 89.86%
[2025-03-16 13:17:38] Starting training with hyperparameters: {'d_state': 21, 'd_conv': 5, 'expand': 3, 'batch_size': 32, 'dropout_rate': 0.11108759103841914, 'num_mamba_layers': 4, 'n_mfcc': 29, 'n_fft': 256, 'hop_length': 477, 'n_mels': 46, 'noise_level': 0.15812660756426092, 'shift': 83, 'lr': 0.0019108878982304694, 'weight_decay': 1.609151525931636e-05}
[2025-03-16 13:18:24] Epoch 57 - Training Loss: 0.1486, Training Accuracy: 94.91%
[2025-03-16 13:18:26] Epoch 54 - Training Loss: 0.1498, Training Accuracy: 94.79%
[2025-03-16 13:18:38] Epoch 62 - Training Loss: 0.3411, Training Accuracy: 88.53%
[2025-03-16 13:18:43] Epoch 57 - Validation Loss: 0.1624, Validation Accuracy: 94.49%
[2025-03-16 13:18:44] Epoch 54 - Validation Loss: 0.1720, Validation Accuracy: 94.38%
[2025-03-16 13:18:47] Epoch 62 - Validation Loss: 0.2589, Validation Accuracy: 91.41%
[2025-03-16 13:18:52] Epoch 0 - Training Loss: 1.3746, Training Accuracy: 50.95%
[2025-03-16 13:19:01] Epoch 0 - Validation Loss: 0.7913, Validation Accuracy: 72.21%
[2025-03-16 13:19:08] Epoch 57 - Test Accuracy: 93.77%
[2025-03-16 13:19:08] Epoch 54 - Test Accuracy: 93.45%
[2025-03-16 13:19:15] Epoch 62 - Test Accuracy: 89.52%
[2025-03-16 13:19:26] Epoch 0 - Test Accuracy: 70.64%
[2025-03-16 13:20:43] Epoch 1 - Training Loss: 0.8309, Training Accuracy: 71.46%
[2025-03-16 13:20:55] Epoch 1 - Validation Loss: 0.6364, Validation Accuracy: 78.56%
[2025-03-16 13:21:05] Epoch 63 - Training Loss: 0.3397, Training Accuracy: 88.33%
[2025-03-16 13:21:05] Epoch 58 - Training Loss: 0.1409, Training Accuracy: 95.23%
[2025-03-16 13:21:05] Epoch 55 - Training Loss: 0.1458, Training Accuracy: 95.09%
[2025-03-16 13:21:23] Epoch 1 - Test Accuracy: 75.77%
[2025-03-16 13:21:24] Epoch 58 - Validation Loss: 0.1635, Validation Accuracy: 94.60%
[2025-03-16 13:21:24] Epoch 63 - Validation Loss: 0.2587, Validation Accuracy: 91.49%
[2025-03-16 13:21:24] Epoch 55 - Validation Loss: 0.1742, Validation Accuracy: 94.49%
[2025-03-16 13:21:51] Epoch 63 - Test Accuracy: 89.96%
[2025-03-16 13:21:52] Epoch 55 - Test Accuracy: 93.42%
[2025-03-16 13:21:52] Stopping training at epoch 56 due to early stopping
[2025-03-16 13:21:52] Final Training Accuracy: 95.09%
[2025-03-16 13:21:52] Final Test Accuracy: 93.42%
[2025-03-16 13:21:52] Final Validation Accuracy: 94.49%, Model size: 390236
[2025-03-16 13:21:53] Epoch 58 - Test Accuracy: 94.18%
[2025-03-16 13:21:55] Saved model checkpoint to best_model_trial_67.pt
[2025-03-16 13:22:43] Epoch 2 - Training Loss: 0.6989, Training Accuracy: 76.32%
[2025-03-16 13:22:53] Epoch 2 - Validation Loss: 0.5456, Validation Accuracy: 81.45%
[2025-03-16 13:23:13] Epoch 2 - Test Accuracy: 80.09%
[2025-03-16 13:23:14] Epoch 64 - Training Loss: 0.3360, Training Accuracy: 88.61%
[2025-03-16 13:23:22] Epoch 59 - Training Loss: 0.1390, Training Accuracy: 95.28%
[2025-03-16 13:23:27] Epoch 64 - Validation Loss: 0.2569, Validation Accuracy: 91.49%
[2025-03-16 13:23:29] Epoch 59 - Validation Loss: 0.1612, Validation Accuracy: 94.73%
[2025-03-16 13:23:42] Epoch 64 - Test Accuracy: 89.72%
[2025-03-16 13:23:43] Epoch 59 - Test Accuracy: 94.23%
[2025-03-16 13:24:10] Epoch 3 - Training Loss: 0.6221, Training Accuracy: 78.59%
[2025-03-16 13:24:21] Epoch 3 - Validation Loss: 0.4861, Validation Accuracy: 83.23%
[2025-03-16 13:24:31] Starting training with hyperparameters: {'d_state': 10, 'd_conv': 7, 'expand': 3, 'batch_size': 32, 'dropout_rate': 0.35803842692905924, 'num_mamba_layers': 3, 'n_mfcc': 28, 'n_fft': 235, 'hop_length': 166, 'n_mels': 40, 'noise_level': 0.09974724257434164, 'shift': 83, 'lr': 0.0013783414931654288, 'weight_decay': 9.035843472923667e-06}
[2025-03-16 13:24:55] Epoch 3 - Test Accuracy: 81.39%
[2025-03-16 13:25:23] Epoch 65 - Training Loss: 0.3331, Training Accuracy: 88.38%
[2025-03-16 13:25:31] Epoch 60 - Training Loss: 0.1346, Training Accuracy: 95.46%
[2025-03-16 13:25:40] Epoch 65 - Validation Loss: 0.2576, Validation Accuracy: 91.44%
[2025-03-16 13:25:46] Epoch 60 - Validation Loss: 0.1618, Validation Accuracy: 94.60%
[2025-03-16 13:26:06] Epoch 65 - Test Accuracy: 89.52%
[2025-03-16 13:26:10] Epoch 4 - Training Loss: 0.5659, Training Accuracy: 80.42%
[2025-03-16 13:26:11] Epoch 0 - Training Loss: 1.2546, Training Accuracy: 55.72%
[2025-03-16 13:26:25] Epoch 60 - Test Accuracy: 94.08%
[2025-03-16 13:26:26] Epoch 4 - Validation Loss: 0.4456, Validation Accuracy: 84.90%
[2025-03-16 13:26:26] Epoch 0 - Validation Loss: 0.6956, Validation Accuracy: 75.91%
[2025-03-16 13:27:00] Epoch 4 - Test Accuracy: 80.93%
[2025-03-16 13:27:01] Epoch 0 - Test Accuracy: 74.42%
[2025-03-16 13:27:56] Epoch 66 - Training Loss: 0.3353, Training Accuracy: 88.47%
[2025-03-16 13:28:12] Epoch 66 - Validation Loss: 0.2570, Validation Accuracy: 91.47%
[2025-03-16 13:28:16] Epoch 61 - Training Loss: 0.1325, Training Accuracy: 95.50%
[2025-03-16 13:28:18] Epoch 5 - Training Loss: 0.5336, Training Accuracy: 81.73%
[2025-03-16 13:28:32] Epoch 5 - Validation Loss: 0.4095, Validation Accuracy: 86.12%
[2025-03-16 13:28:33] Epoch 61 - Validation Loss: 0.1596, Validation Accuracy: 94.65%
[2025-03-16 13:28:41] Epoch 1 - Training Loss: 0.7539, Training Accuracy: 74.14%
[2025-03-16 13:28:41] Epoch 66 - Test Accuracy: 89.57%
[2025-03-16 13:28:57] Epoch 5 - Test Accuracy: 83.73%
[2025-03-16 13:28:57] Epoch 1 - Validation Loss: 0.5604, Validation Accuracy: 80.61%
[2025-03-16 13:29:05] Epoch 61 - Test Accuracy: 94.62%
[2025-03-16 13:29:29] Epoch 1 - Test Accuracy: 77.93%
[2025-03-16 13:30:14] Epoch 6 - Training Loss: 0.5008, Training Accuracy: 82.84%
[2025-03-16 13:30:28] Epoch 6 - Validation Loss: 0.4155, Validation Accuracy: 86.23%
[2025-03-16 13:30:30] Epoch 67 - Training Loss: 0.3329, Training Accuracy: 88.64%
[2025-03-16 13:30:47] Epoch 67 - Validation Loss: 0.2563, Validation Accuracy: 91.57%
[2025-03-16 13:30:54] Epoch 6 - Test Accuracy: 84.39%
[2025-03-16 13:30:59] Epoch 62 - Training Loss: 0.1355, Training Accuracy: 95.40%
[2025-03-16 13:31:11] Epoch 2 - Training Loss: 0.6418, Training Accuracy: 77.82%
[2025-03-16 13:31:12] Epoch 62 - Validation Loss: 0.1596, Validation Accuracy: 94.57%
[2025-03-16 13:31:20] Epoch 67 - Test Accuracy: 89.54%
[2025-03-16 13:31:21] Epoch 2 - Validation Loss: 0.4454, Validation Accuracy: 84.80%
[2025-03-16 13:31:43] Epoch 62 - Test Accuracy: 94.60%
[2025-03-16 13:31:55] Epoch 2 - Test Accuracy: 82.70%
[2025-03-16 13:32:03] Epoch 7 - Training Loss: 0.4793, Training Accuracy: 83.36%
[2025-03-16 13:32:16] Epoch 7 - Validation Loss: 0.3835, Validation Accuracy: 86.69%
[2025-03-16 13:32:50] Epoch 7 - Test Accuracy: 84.19%
[2025-03-16 13:32:56] Epoch 68 - Training Loss: 0.3372, Training Accuracy: 88.68%
[2025-03-16 13:33:12] Epoch 68 - Validation Loss: 0.2580, Validation Accuracy: 91.28%
[2025-03-16 13:33:34] Epoch 63 - Training Loss: 0.1346, Training Accuracy: 95.39%
[2025-03-16 13:33:42] Epoch 3 - Training Loss: 0.5767, Training Accuracy: 80.38%
[2025-03-16 13:33:43] Epoch 68 - Test Accuracy: 89.89%
[2025-03-16 13:33:54] Epoch 63 - Validation Loss: 0.1586, Validation Accuracy: 94.87%
[2025-03-16 13:33:58] Epoch 3 - Validation Loss: 0.4318, Validation Accuracy: 84.88%
[2025-03-16 13:34:04] Epoch 8 - Training Loss: 0.4633, Training Accuracy: 84.16%
[2025-03-16 13:34:15] Epoch 8 - Validation Loss: 0.3786, Validation Accuracy: 86.98%
[2025-03-16 13:34:26] Epoch 3 - Test Accuracy: 83.38%
[2025-03-16 13:34:26] Epoch 63 - Test Accuracy: 94.53%
[2025-03-16 13:34:44] Epoch 8 - Test Accuracy: 84.83%
[2025-03-16 13:35:23] Epoch 69 - Training Loss: 0.3411, Training Accuracy: 88.37%
[2025-03-16 13:35:40] Epoch 69 - Validation Loss: 0.2547, Validation Accuracy: 91.63%
[2025-03-16 13:36:03] Epoch 9 - Training Loss: 0.4442, Training Accuracy: 84.92%
[2025-03-16 13:36:14] Epoch 9 - Validation Loss: 0.3587, Validation Accuracy: 88.25%
[2025-03-16 13:36:15] Epoch 4 - Training Loss: 0.5311, Training Accuracy: 82.00%
[2025-03-16 13:36:15] Epoch 69 - Test Accuracy: 89.84%
[2025-03-16 13:36:26] Epoch 64 - Training Loss: 0.1314, Training Accuracy: 95.41%
[2025-03-16 13:36:36] Epoch 4 - Validation Loss: 0.4270, Validation Accuracy: 85.26%
[2025-03-16 13:36:40] Epoch 64 - Validation Loss: 0.1590, Validation Accuracy: 94.82%
[2025-03-16 13:36:42] Epoch 9 - Test Accuracy: 85.98%
[2025-03-16 13:37:03] Epoch 4 - Test Accuracy: 83.28%
[2025-03-16 13:37:15] Epoch 64 - Test Accuracy: 94.62%
[2025-03-16 13:37:55] Epoch 70 - Training Loss: 0.3340, Training Accuracy: 88.75%
[2025-03-16 13:38:03] Epoch 10 - Training Loss: 0.4336, Training Accuracy: 85.17%
[2025-03-16 13:38:13] Epoch 70 - Validation Loss: 0.2547, Validation Accuracy: 91.52%
[2025-03-16 13:38:15] Epoch 10 - Validation Loss: 0.3550, Validation Accuracy: 88.50%
[2025-03-16 13:38:44] Epoch 10 - Test Accuracy: 85.32%
[2025-03-16 13:38:46] Epoch 70 - Test Accuracy: 89.76%
[2025-03-16 13:38:51] Epoch 5 - Training Loss: 0.5016, Training Accuracy: 82.64%
[2025-03-16 13:39:07] Epoch 5 - Validation Loss: 0.3785, Validation Accuracy: 86.63%
[2025-03-16 13:39:15] Epoch 65 - Training Loss: 0.1314, Training Accuracy: 95.37%
[2025-03-16 13:39:32] Epoch 65 - Validation Loss: 0.1565, Validation Accuracy: 94.68%
[2025-03-16 13:39:38] Epoch 5 - Test Accuracy: 84.86%
[2025-03-16 13:40:02] Epoch 11 - Training Loss: 0.4220, Training Accuracy: 85.77%
[2025-03-16 13:40:04] Epoch 65 - Test Accuracy: 94.23%
[2025-03-16 13:40:19] Epoch 11 - Validation Loss: 0.3463, Validation Accuracy: 87.60%
[2025-03-16 13:40:26] Epoch 71 - Training Loss: 0.3289, Training Accuracy: 88.90%
[2025-03-16 13:40:42] Epoch 71 - Validation Loss: 0.2543, Validation Accuracy: 91.60%
[2025-03-16 13:40:47] Epoch 11 - Test Accuracy: 84.98%
[2025-03-16 13:41:12] Epoch 71 - Test Accuracy: 89.64%
[2025-03-16 13:41:23] Epoch 6 - Training Loss: 0.4720, Training Accuracy: 83.75%
[2025-03-16 13:41:41] Epoch 6 - Validation Loss: 0.4214, Validation Accuracy: 85.20%
[2025-03-16 13:41:58] Epoch 66 - Training Loss: 0.1300, Training Accuracy: 95.52%
[2025-03-16 13:42:05] Epoch 12 - Training Loss: 0.4091, Training Accuracy: 86.06%
[2025-03-16 13:42:14] Epoch 66 - Validation Loss: 0.1589, Validation Accuracy: 94.54%
[2025-03-16 13:42:14] Epoch 6 - Test Accuracy: 83.33%
[2025-03-16 13:42:15] Epoch 12 - Validation Loss: 0.3548, Validation Accuracy: 87.79%
[2025-03-16 13:42:44] Epoch 12 - Test Accuracy: 85.76%
[2025-03-16 13:42:50] Epoch 72 - Training Loss: 0.3340, Training Accuracy: 88.59%
[2025-03-16 13:42:56] Epoch 66 - Test Accuracy: 94.53%
[2025-03-16 13:43:08] Epoch 72 - Validation Loss: 0.2552, Validation Accuracy: 91.47%
[2025-03-16 13:43:40] Epoch 72 - Test Accuracy: 89.54%
[2025-03-16 13:43:53] Epoch 7 - Training Loss: 0.4473, Training Accuracy: 84.77%
[2025-03-16 13:44:05] Epoch 13 - Training Loss: 0.4032, Training Accuracy: 86.26%
[2025-03-16 13:44:12] Epoch 7 - Validation Loss: 0.3282, Validation Accuracy: 88.77%
[2025-03-16 13:44:17] Epoch 13 - Validation Loss: 0.3385, Validation Accuracy: 88.04%
[2025-03-16 13:44:42] Epoch 67 - Training Loss: 0.1316, Training Accuracy: 95.51%
[2025-03-16 13:44:47] Epoch 13 - Test Accuracy: 85.40%
[2025-03-16 13:44:48] Epoch 7 - Test Accuracy: 86.77%
[2025-03-16 13:45:03] Epoch 67 - Validation Loss: 0.1590, Validation Accuracy: 94.68%
[2025-03-16 13:45:18] Epoch 73 - Training Loss: 0.3317, Training Accuracy: 88.69%
[2025-03-16 13:45:31] Epoch 73 - Validation Loss: 0.2541, Validation Accuracy: 91.47%
[2025-03-16 13:45:36] Epoch 67 - Test Accuracy: 94.70%
[2025-03-16 13:45:59] Epoch 14 - Training Loss: 0.3926, Training Accuracy: 86.64%
[2025-03-16 13:46:06] Epoch 73 - Test Accuracy: 89.84%
[2025-03-16 13:46:14] Epoch 14 - Validation Loss: 0.3322, Validation Accuracy: 88.06%
[2025-03-16 13:46:18] Epoch 8 - Training Loss: 0.4257, Training Accuracy: 85.47%
[2025-03-16 13:46:35] Epoch 8 - Validation Loss: 0.3374, Validation Accuracy: 87.74%
[2025-03-16 13:46:41] Epoch 14 - Test Accuracy: 87.09%
[2025-03-16 13:47:08] Epoch 8 - Test Accuracy: 86.72%
[2025-03-16 13:47:28] Epoch 68 - Training Loss: 0.1324, Training Accuracy: 95.36%
[2025-03-16 13:47:46] Epoch 68 - Validation Loss: 0.1587, Validation Accuracy: 94.60%
[2025-03-16 13:47:51] Epoch 74 - Training Loss: 0.3271, Training Accuracy: 88.84%
[2025-03-16 13:47:56] Epoch 15 - Training Loss: 0.3822, Training Accuracy: 86.81%
[2025-03-16 13:48:06] Epoch 15 - Validation Loss: 0.3176, Validation Accuracy: 89.12%
[2025-03-16 13:48:07] Epoch 74 - Validation Loss: 0.2521, Validation Accuracy: 91.44%
[2025-03-16 13:48:15] Epoch 68 - Test Accuracy: 94.31%
[2025-03-16 13:48:28] Epoch 15 - Test Accuracy: 87.19%
[2025-03-16 13:48:41] Epoch 9 - Training Loss: 0.4078, Training Accuracy: 86.08%
[2025-03-16 13:48:41] Epoch 74 - Test Accuracy: 89.49%
[2025-03-16 13:49:03] Epoch 9 - Validation Loss: 0.3137, Validation Accuracy: 89.14%
[2025-03-16 13:49:35] Epoch 9 - Test Accuracy: 87.73%
[2025-03-16 13:49:42] Epoch 16 - Training Loss: 0.3796, Training Accuracy: 86.94%
[2025-03-16 13:49:55] Epoch 16 - Validation Loss: 0.3169, Validation Accuracy: 89.22%
[2025-03-16 13:50:07] Epoch 69 - Training Loss: 0.1300, Training Accuracy: 95.50%
[2025-03-16 13:50:19] Epoch 75 - Training Loss: 0.3235, Training Accuracy: 88.87%
[2025-03-16 13:50:24] Epoch 69 - Validation Loss: 0.1620, Validation Accuracy: 94.63%
[2025-03-16 13:50:27] Epoch 16 - Test Accuracy: 87.36%
[2025-03-16 13:50:33] Epoch 75 - Validation Loss: 0.2541, Validation Accuracy: 91.52%
[2025-03-16 13:50:51] Epoch 69 - Test Accuracy: 94.13%
[2025-03-16 13:51:05] Epoch 75 - Test Accuracy: 89.49%
[2025-03-16 13:51:06] Epoch 10 - Training Loss: 0.3871, Training Accuracy: 86.76%
[2025-03-16 13:51:29] Epoch 10 - Validation Loss: 0.2995, Validation Accuracy: 89.87%
[2025-03-16 13:51:38] Epoch 17 - Training Loss: 0.3629, Training Accuracy: 87.43%
[2025-03-16 13:51:51] Epoch 17 - Validation Loss: 0.3017, Validation Accuracy: 89.79%
[2025-03-16 13:52:02] Epoch 10 - Test Accuracy: 87.26%
[2025-03-16 13:52:26] Epoch 17 - Test Accuracy: 87.60%
[2025-03-16 13:52:44] Epoch 70 - Training Loss: 0.1243, Training Accuracy: 95.73%
[2025-03-16 13:52:46] Epoch 76 - Training Loss: 0.3313, Training Accuracy: 88.82%
[2025-03-16 13:53:02] Epoch 76 - Validation Loss: 0.2552, Validation Accuracy: 91.66%
[2025-03-16 13:53:02] Epoch 70 - Validation Loss: 0.1602, Validation Accuracy: 94.65%
[2025-03-16 13:53:28] Epoch 76 - Test Accuracy: 89.42%
[2025-03-16 13:53:33] Epoch 70 - Test Accuracy: 94.21%
[2025-03-16 13:53:33] Stopping training at epoch 71 due to early stopping
[2025-03-16 13:53:33] Final Training Accuracy: 95.73%
[2025-03-16 13:53:33] Final Test Accuracy: 94.21%
[2025-03-16 13:53:33] Final Validation Accuracy: 94.65%, Model size: 234706
[2025-03-16 13:53:33] Saved model checkpoint to best_model_trial_70.pt
[2025-03-16 13:53:40] Epoch 18 - Training Loss: 0.3641, Training Accuracy: 87.55%
[2025-03-16 13:53:44] Epoch 11 - Training Loss: 0.3731, Training Accuracy: 87.29%
[2025-03-16 13:53:51] Epoch 18 - Validation Loss: 0.3208, Validation Accuracy: 89.55%
[2025-03-16 13:53:55] Epoch 11 - Validation Loss: 0.2938, Validation Accuracy: 89.63%
[2025-03-16 13:54:07] Epoch 18 - Test Accuracy: 87.43%
[2025-03-16 13:54:20] Epoch 11 - Test Accuracy: 87.73%
[2025-03-16 13:54:43] Epoch 77 - Training Loss: 0.3232, Training Accuracy: 89.07%
[2025-03-16 13:54:54] Epoch 77 - Validation Loss: 0.2534, Validation Accuracy: 91.66%
[2025-03-16 13:55:01] Starting training with hyperparameters: {'d_state': 16, 'd_conv': 6, 'expand': 3, 'batch_size': 26, 'dropout_rate': 0.4717154310348356, 'num_mamba_layers': 1, 'n_mfcc': 18, 'n_fft': 418, 'hop_length': 64, 'n_mels': 25, 'noise_level': 0.07346661782028664, 'shift': 91, 'lr': 0.002465043712549045, 'weight_decay': 5.9013397588180705e-06}
[2025-03-16 13:55:29] Epoch 19 - Training Loss: 0.3541, Training Accuracy: 87.83%
[2025-03-16 13:55:30] Epoch 77 - Test Accuracy: 89.54%
[2025-03-16 13:55:54] Epoch 19 - Validation Loss: 0.3215, Validation Accuracy: 89.01%
[2025-03-16 13:56:13] Epoch 12 - Training Loss: 0.3582, Training Accuracy: 87.72%
[2025-03-16 13:56:28] Error: Caught RuntimeError in DataLoader worker process 0.
Original Traceback (most recent call last):
  File "/usr/local/lib/python3.10/dist-packages/torch/utils/data/_utils/worker.py", line 351, in _worker_loop
    data = fetcher.fetch(index)  # type: ignore[possibly-undefined]
  File "/usr/local/lib/python3.10/dist-packages/torch/utils/data/_utils/fetch.py", line 55, in fetch
    return self.collate_fn(data)
  File "/usr/local/lib/python3.10/dist-packages/torch/utils/data/_utils/collate.py", line 398, in default_collate
    return collate(batch, collate_fn_map=default_collate_fn_map)
  File "/usr/local/lib/python3.10/dist-packages/torch/utils/data/_utils/collate.py", line 211, in collate
    return [
  File "/usr/local/lib/python3.10/dist-packages/torch/utils/data/_utils/collate.py", line 212, in <listcomp>
    collate(samples, collate_fn_map=collate_fn_map)
  File "/usr/local/lib/python3.10/dist-packages/torch/utils/data/_utils/collate.py", line 155, in collate
    return collate_fn_map[elem_type](batch, collate_fn_map=collate_fn_map)
  File "/usr/local/lib/python3.10/dist-packages/torch/utils/data/_utils/collate.py", line 270, in collate_tensor_fn
    storage = elem._typed_storage()._new_shared(numel, device=elem.device)
  File "/usr/local/lib/python3.10/dist-packages/torch/storage.py", line 1180, in _new_shared
    untyped_storage = torch.UntypedStorage._new_shared(
  File "/usr/local/lib/python3.10/dist-packages/torch/storage.py", line 402, in _new_shared
    return cls._new_using_fd_cpu(size)
RuntimeError: unable to write to file </torch_1566578_553948141_28>: No space left on device (28)

[2025-03-16 13:57:52] Starting training with hyperparameters: {'d_state': 8, 'd_conv': 8, 'expand': 2, 'batch_size': 28, 'dropout_rate': 0.1203367480024769, 'num_mamba_layers': 3, 'n_mfcc': 30, 'n_fft': 269, 'hop_length': 61, 'n_mels': 28, 'noise_level': 0.08936548275663715, 'shift': 82, 'lr': 0.0006109493237132771, 'weight_decay': 4.459280723289452e-06}
[2025-03-16 13:57:52] Starting training with hyperparameters: {'d_state': 14, 'd_conv': 8, 'expand': 2, 'batch_size': 28, 'dropout_rate': 0.3669390624526713, 'num_mamba_layers': 2, 'n_mfcc': 27, 'n_fft': 359, 'hop_length': 108, 'n_mels': 31, 'noise_level': 0.08553119191721864, 'shift': 83, 'lr': 0.00030221108396645736, 'weight_decay': 9.030199301441917e-06}
[2025-03-16 13:58:05] Starting training with hyperparameters: {'d_state': 28, 'd_conv': 6, 'expand': 3, 'batch_size': 32, 'dropout_rate': 0.20844784808449987, 'num_mamba_layers': 2, 'n_mfcc': 29, 'n_fft': 356, 'hop_length': 167, 'n_mels': 49, 'noise_level': 0.1523630002317211, 'shift': 74, 'lr': 0.0008695167091277348, 'weight_decay': 5.088957342188895e-06}
[2025-03-16 13:58:58] Starting training with hyperparameters: {'d_state': 9, 'd_conv': 8, 'expand': 2, 'batch_size': 30, 'dropout_rate': 0.22258833876800543, 'num_mamba_layers': 3, 'n_mfcc': 23, 'n_fft': 322, 'hop_length': 34, 'n_mels': 30, 'noise_level': 0.05452771074958737, 'shift': 71, 'lr': 0.0004464095626527497, 'weight_decay': 1.1741292900942119e-05}
[2025-03-16 13:59:38] Error: Caught RuntimeError in DataLoader worker process 2.
Original Traceback (most recent call last):
  File "/usr/local/lib/python3.10/dist-packages/torch/utils/data/_utils/worker.py", line 351, in _worker_loop
    data = fetcher.fetch(index)  # type: ignore[possibly-undefined]
  File "/usr/local/lib/python3.10/dist-packages/torch/utils/data/_utils/fetch.py", line 55, in fetch
    return self.collate_fn(data)
  File "/usr/local/lib/python3.10/dist-packages/torch/utils/data/_utils/collate.py", line 398, in default_collate
    return collate(batch, collate_fn_map=default_collate_fn_map)
  File "/usr/local/lib/python3.10/dist-packages/torch/utils/data/_utils/collate.py", line 211, in collate
    return [
  File "/usr/local/lib/python3.10/dist-packages/torch/utils/data/_utils/collate.py", line 212, in <listcomp>
    collate(samples, collate_fn_map=collate_fn_map)
  File "/usr/local/lib/python3.10/dist-packages/torch/utils/data/_utils/collate.py", line 155, in collate
    return collate_fn_map[elem_type](batch, collate_fn_map=collate_fn_map)
  File "/usr/local/lib/python3.10/dist-packages/torch/utils/data/_utils/collate.py", line 270, in collate_tensor_fn
    storage = elem._typed_storage()._new_shared(numel, device=elem.device)
  File "/usr/local/lib/python3.10/dist-packages/torch/storage.py", line 1180, in _new_shared
    untyped_storage = torch.UntypedStorage._new_shared(
  File "/usr/local/lib/python3.10/dist-packages/torch/storage.py", line 402, in _new_shared
    return cls._new_using_fd_cpu(size)
RuntimeError: unable to write to file </torch_1569739_1010202342_6>: No space left on device (28)

[2025-03-16 14:01:12] Starting training with hyperparameters: {'d_state': 9, 'd_conv': 8, 'expand': 2, 'batch_size': 29, 'dropout_rate': 0.27376171960115014, 'num_mamba_layers': 3, 'n_mfcc': 29, 'n_fft': 299, 'hop_length': 217, 'n_mels': 28, 'noise_level': 0.06204245444626834, 'shift': 92, 'lr': 0.0018506898018557417, 'weight_decay': 1.47577438722527e-05}
[2025-03-16 14:01:17] Starting training with hyperparameters: {'d_state': 8, 'd_conv': 7, 'expand': 2, 'batch_size': 27, 'dropout_rate': 0.38097613050044693, 'num_mamba_layers': 2, 'n_mfcc': 29, 'n_fft': 336, 'hop_length': 349, 'n_mels': 67, 'noise_level': 0.11417896008465474, 'shift': 97, 'lr': 0.0022115947186458077, 'weight_decay': 1.2199438749445083e-05}
[2025-03-16 14:01:21] Starting training with hyperparameters: {'d_state': 20, 'd_conv': 6, 'expand': 3, 'batch_size': 28, 'dropout_rate': 0.3460156554839344, 'num_mamba_layers': 2, 'n_mfcc': 28, 'n_fft': 472, 'hop_length': 516, 'n_mels': 53, 'noise_level': 0.17375733410135072, 'shift': 97, 'lr': 0.0025891768794618695, 'weight_decay': 1.15745599186065e-05}
[2025-03-16 14:02:37] Starting training with hyperparameters: {'d_state': 23, 'd_conv': 7, 'expand': 2, 'batch_size': 32, 'dropout_rate': 0.22825071969958746, 'num_mamba_layers': 3, 'n_mfcc': 28, 'n_fft': 334, 'hop_length': 541, 'n_mels': 59, 'noise_level': 0.1635793710263837, 'shift': 82, 'lr': 0.0027932917533584354, 'weight_decay': 8.04807041117201e-06}
[2025-03-16 14:03:17] Epoch 0 - Training Loss: 1.5320, Training Accuracy: 45.08%
[2025-03-16 14:03:18] Epoch 0 - Training Loss: 1.5789, Training Accuracy: 42.96%
[2025-03-16 14:03:31] Starting training with hyperparameters: {'d_state': 26, 'd_conv': 5, 'expand': 2, 'batch_size': 26, 'dropout_rate': 0.3391961285584189, 'num_mamba_layers': 4, 'n_mfcc': 25, 'n_fft': 384, 'hop_length': 441, 'n_mels': 47, 'noise_level': 0.17881929315935424, 'shift': 89, 'lr': 0.0033922094261981048, 'weight_decay': 2.126940497583742e-06}
[2025-03-16 14:03:43] Epoch 0 - Validation Loss: 0.9109, Validation Accuracy: 68.59%
[2025-03-16 14:03:43] Epoch 0 - Validation Loss: 0.9345, Validation Accuracy: 68.00%
[2025-03-16 14:04:17] Epoch 0 - Test Accuracy: 65.02%
[2025-03-16 14:04:29] Epoch 0 - Test Accuracy: 67.72%
[2025-03-16 14:04:56] Epoch 0 - Training Loss: 1.4809, Training Accuracy: 46.57%
[2025-03-16 14:05:19] Epoch 0 - Validation Loss: 0.8574, Validation Accuracy: 69.81%
[2025-03-16 14:05:38] Epoch 0 - Training Loss: 1.7515, Training Accuracy: 36.40%
[2025-03-16 14:05:57] Epoch 0 - Validation Loss: 1.0848, Validation Accuracy: 62.68%
[2025-03-16 14:06:04] Epoch 0 - Test Accuracy: 69.02%
[2025-03-16 14:06:28] Epoch 0 - Test Accuracy: 61.24%
[2025-03-16 14:06:29] Epoch 1 - Training Loss: 1.0345, Training Accuracy: 64.06%
[2025-03-16 14:06:48] Epoch 1 - Training Loss: 0.9852, Training Accuracy: 65.87%
[2025-03-16 14:06:56] Epoch 1 - Validation Loss: 0.7641, Validation Accuracy: 73.78%
[2025-03-16 14:07:06] Epoch 1 - Validation Loss: 0.7147, Validation Accuracy: 75.72%
[2025-03-16 14:07:35] Epoch 1 - Test Accuracy: 71.48%
[2025-03-16 14:07:45] Epoch 1 - Test Accuracy: 73.27%
[2025-03-16 14:08:32] Epoch 1 - Training Loss: 1.1852, Training Accuracy: 58.21%
[2025-03-16 14:08:33] Epoch 1 - Training Loss: 0.9781, Training Accuracy: 66.73%
[2025-03-16 14:08:55] Epoch 1 - Validation Loss: 0.8620, Validation Accuracy: 71.48%
[2025-03-16 14:08:57] Epoch 1 - Validation Loss: 0.7366, Validation Accuracy: 74.70%
[2025-03-16 14:09:27] Epoch 1 - Test Accuracy: 69.39%
[2025-03-16 14:09:43] Epoch 1 - Test Accuracy: 71.94%
[2025-03-16 14:09:56] Epoch 2 - Training Loss: 0.9012, Training Accuracy: 68.92%
[2025-03-16 14:10:15] Epoch 2 - Training Loss: 0.8443, Training Accuracy: 71.12%
[2025-03-16 14:10:16] Epoch 2 - Validation Loss: 0.6239, Validation Accuracy: 79.99%
[2025-03-16 14:10:35] Epoch 2 - Validation Loss: 0.6423, Validation Accuracy: 78.48%
[2025-03-16 14:10:55] Epoch 2 - Test Accuracy: 76.61%
[2025-03-16 14:11:19] Epoch 2 - Test Accuracy: 75.48%
[2025-03-16 14:11:31] Epoch 2 - Training Loss: 1.0175, Training Accuracy: 65.02%
[2025-03-16 14:11:54] Epoch 2 - Validation Loss: 0.7581, Validation Accuracy: 74.40%
[2025-03-16 14:12:04] Epoch 2 - Training Loss: 0.8399, Training Accuracy: 71.55%
[2025-03-16 14:12:29] Epoch 2 - Validation Loss: 0.6374, Validation Accuracy: 78.91%
[2025-03-16 14:12:35] Epoch 2 - Test Accuracy: 71.77%
[2025-03-16 14:13:10] Epoch 3 - Training Loss: 0.8241, Training Accuracy: 72.08%
[2025-03-16 14:13:10] Epoch 2 - Test Accuracy: 75.87%
[2025-03-16 14:13:34] Epoch 3 - Validation Loss: 0.5841, Validation Accuracy: 81.15%
[2025-03-16 14:13:36] Epoch 3 - Training Loss: 0.7683, Training Accuracy: 73.91%
[2025-03-16 14:13:56] Epoch 3 - Validation Loss: 0.5600, Validation Accuracy: 81.10%
[2025-03-16 14:14:08] Epoch 3 - Test Accuracy: 77.61%
[2025-03-16 14:14:34] Epoch 3 - Training Loss: 0.9183, Training Accuracy: 68.97%
[2025-03-16 14:14:39] Epoch 3 - Test Accuracy: 79.28%
[2025-03-16 14:14:56] Epoch 3 - Validation Loss: 0.6662, Validation Accuracy: 76.78%
[2025-03-16 14:15:29] Epoch 3 - Training Loss: 0.7627, Training Accuracy: 74.23%
[2025-03-16 14:15:42] Epoch 3 - Test Accuracy: 75.87%
[2025-03-16 14:15:54] Epoch 3 - Validation Loss: 0.5586, Validation Accuracy: 81.53%
[2025-03-16 14:16:26] Epoch 4 - Training Loss: 0.7901, Training Accuracy: 73.28%
[2025-03-16 14:16:44] Epoch 4 - Validation Loss: 0.5318, Validation Accuracy: 82.91%
[2025-03-16 14:16:45] Epoch 3 - Test Accuracy: 79.11%
[2025-03-16 14:17:04] Epoch 4 - Training Loss: 0.7071, Training Accuracy: 75.94%
[2025-03-16 14:17:20] Epoch 4 - Validation Loss: 0.5001, Validation Accuracy: 83.72%
[2025-03-16 14:17:22] Epoch 4 - Test Accuracy: 79.97%
[2025-03-16 14:17:46] Epoch 4 - Training Loss: 0.8514, Training Accuracy: 71.22%
[2025-03-16 14:18:02] Epoch 4 - Test Accuracy: 81.76%
[2025-03-16 14:18:03] Epoch 4 - Validation Loss: 0.6804, Validation Accuracy: 77.15%
[2025-03-16 14:18:45] Epoch 4 - Test Accuracy: 73.47%
[2025-03-16 14:18:54] Epoch 4 - Training Loss: 0.7084, Training Accuracy: 76.08%
[2025-03-16 14:19:19] Epoch 4 - Validation Loss: 0.5531, Validation Accuracy: 81.37%
[2025-03-16 14:19:40] Epoch 5 - Training Loss: 0.7288, Training Accuracy: 75.55%
[2025-03-16 14:19:57] Epoch 4 - Test Accuracy: 78.96%
[2025-03-16 14:19:58] Epoch 5 - Validation Loss: 0.5439, Validation Accuracy: 82.53%
[2025-03-16 14:20:24] Epoch 5 - Training Loss: 0.6693, Training Accuracy: 77.37%
[2025-03-16 14:20:42] Epoch 5 - Test Accuracy: 79.95%
[2025-03-16 14:20:43] Epoch 5 - Validation Loss: 0.4788, Validation Accuracy: 84.45%
[2025-03-16 14:20:59] Epoch 5 - Training Loss: 0.8013, Training Accuracy: 73.01%
[2025-03-16 14:21:20] Epoch 5 - Test Accuracy: 81.15%
[2025-03-16 14:21:20] Epoch 5 - Validation Loss: 0.5890, Validation Accuracy: 79.85%
[2025-03-16 14:22:01] Epoch 5 - Test Accuracy: 78.72%
[2025-03-16 14:22:17] Epoch 5 - Training Loss: 0.6713, Training Accuracy: 77.51%
[2025-03-16 14:22:38] Epoch 5 - Validation Loss: 0.5096, Validation Accuracy: 82.96%
[2025-03-16 14:22:47] Epoch 6 - Training Loss: 0.7056, Training Accuracy: 75.97%
[2025-03-16 14:23:08] Epoch 6 - Validation Loss: 0.4889, Validation Accuracy: 83.85%
[2025-03-16 14:23:20] Epoch 5 - Test Accuracy: 80.76%
[2025-03-16 14:23:30] Epoch 6 - Training Loss: 0.6381, Training Accuracy: 78.35%
[2025-03-16 14:23:47] Epoch 6 - Validation Loss: 0.4785, Validation Accuracy: 84.31%
[2025-03-16 14:23:50] Epoch 6 - Test Accuracy: 82.01%
[2025-03-16 14:24:08] Epoch 6 - Training Loss: 0.7693, Training Accuracy: 73.86%
[2025-03-16 14:24:26] Epoch 6 - Validation Loss: 0.5703, Validation Accuracy: 80.80%
[2025-03-16 14:24:27] Epoch 6 - Test Accuracy: 82.72%
[2025-03-16 14:25:12] Epoch 6 - Test Accuracy: 79.21%
[2025-03-16 14:25:48] Epoch 6 - Training Loss: 0.6387, Training Accuracy: 78.64%
[2025-03-16 14:26:11] Epoch 6 - Validation Loss: 0.4848, Validation Accuracy: 83.18%
[2025-03-16 14:26:11] Epoch 7 - Training Loss: 0.6893, Training Accuracy: 76.64%
[2025-03-16 14:26:33] Epoch 7 - Validation Loss: 0.4617, Validation Accuracy: 85.50%
[2025-03-16 14:26:43] Epoch 7 - Training Loss: 0.6108, Training Accuracy: 79.43%
[2025-03-16 14:26:59] Epoch 6 - Test Accuracy: 80.54%
[2025-03-16 14:27:00] Epoch 7 - Validation Loss: 0.4622, Validation Accuracy: 84.74%
[2025-03-16 14:27:11] Epoch 7 - Training Loss: 0.7415, Training Accuracy: 75.20%
[2025-03-16 14:27:12] Epoch 7 - Test Accuracy: 82.45%
[2025-03-16 14:27:31] Epoch 7 - Validation Loss: 0.5150, Validation Accuracy: 82.28%
[2025-03-16 14:27:40] Epoch 7 - Test Accuracy: 83.97%
[2025-03-16 14:28:11] Epoch 7 - Test Accuracy: 80.44%
[2025-03-16 14:29:17] Epoch 7 - Training Loss: 0.6135, Training Accuracy: 79.35%
[2025-03-16 14:29:28] Epoch 8 - Training Loss: 0.6706, Training Accuracy: 77.36%
[2025-03-16 14:29:42] Epoch 7 - Validation Loss: 0.4634, Validation Accuracy: 84.50%
[2025-03-16 14:29:47] Epoch 8 - Validation Loss: 0.4583, Validation Accuracy: 85.63%
[2025-03-16 14:29:52] Epoch 8 - Training Loss: 0.5840, Training Accuracy: 80.13%
[2025-03-16 14:30:11] Epoch 8 - Validation Loss: 0.4178, Validation Accuracy: 85.77%
[2025-03-16 14:30:16] Epoch 8 - Training Loss: 0.7052, Training Accuracy: 76.15%
[2025-03-16 14:30:23] Epoch 7 - Test Accuracy: 82.70%
[2025-03-16 14:30:24] Epoch 8 - Test Accuracy: 83.24%
[2025-03-16 14:30:37] Epoch 8 - Validation Loss: 0.5019, Validation Accuracy: 83.09%
[2025-03-16 14:30:47] Epoch 8 - Test Accuracy: 83.28%
[2025-03-16 14:31:22] Epoch 8 - Test Accuracy: 80.46%
[2025-03-16 14:32:41] Epoch 9 - Training Loss: 0.6520, Training Accuracy: 78.08%
[2025-03-16 14:32:42] Epoch 8 - Training Loss: 0.5983, Training Accuracy: 80.00%
[2025-03-16 14:33:05] Epoch 8 - Validation Loss: 0.4667, Validation Accuracy: 84.07%
[2025-03-16 14:33:05] Epoch 9 - Validation Loss: 0.4934, Validation Accuracy: 82.80%
[2025-03-16 14:33:10] Epoch 9 - Training Loss: 0.5656, Training Accuracy: 80.78%
[2025-03-16 14:33:29] Epoch 9 - Validation Loss: 0.3978, Validation Accuracy: 87.15%
[2025-03-16 14:33:33] Epoch 9 - Training Loss: 0.6736, Training Accuracy: 77.22%
[2025-03-16 14:33:34] Epoch 9 - Test Accuracy: 80.41%
[2025-03-16 14:33:34] Epoch 8 - Test Accuracy: 81.86%
[2025-03-16 14:33:57] Epoch 9 - Validation Loss: 0.5625, Validation Accuracy: 81.56%
[2025-03-16 14:34:08] Epoch 9 - Test Accuracy: 84.71%
[2025-03-16 14:34:40] Epoch 9 - Test Accuracy: 78.94%
[2025-03-16 14:36:08] Epoch 10 - Training Loss: 0.6346, Training Accuracy: 78.62%
[2025-03-16 14:36:08] Epoch 9 - Training Loss: 0.5839, Training Accuracy: 80.31%
[2025-03-16 14:36:31] Epoch 10 - Validation Loss: 0.4578, Validation Accuracy: 84.80%
[2025-03-16 14:36:31] Epoch 9 - Validation Loss: 0.4595, Validation Accuracy: 84.04%
[2025-03-16 14:36:32] Epoch 10 - Training Loss: 0.5485, Training Accuracy: 81.55%
[2025-03-16 14:36:49] Epoch 10 - Validation Loss: 0.4068, Validation Accuracy: 85.90%
[2025-03-16 14:36:52] Epoch 10 - Training Loss: 0.6493, Training Accuracy: 78.17%
[2025-03-16 14:37:02] Epoch 10 - Test Accuracy: 82.87%
[2025-03-16 14:37:08] Epoch 9 - Test Accuracy: 81.69%
[2025-03-16 14:37:09] Epoch 10 - Validation Loss: 0.4671, Validation Accuracy: 84.09%
[2025-03-16 14:37:27] Epoch 10 - Test Accuracy: 84.02%
[2025-03-16 14:37:49] Epoch 10 - Test Accuracy: 82.92%
[2025-03-16 14:39:25] Epoch 11 - Training Loss: 0.6213, Training Accuracy: 78.87%
[2025-03-16 14:39:46] Epoch 11 - Validation Loss: 0.4519, Validation Accuracy: 84.69%
[2025-03-16 14:39:49] Epoch 10 - Training Loss: 0.5714, Training Accuracy: 80.71%
[2025-03-16 14:39:50] Epoch 11 - Training Loss: 0.5287, Training Accuracy: 82.22%
[2025-03-16 14:40:07] Epoch 11 - Training Loss: 0.6348, Training Accuracy: 78.63%
[2025-03-16 14:40:11] Epoch 11 - Validation Loss: 0.3840, Validation Accuracy: 86.93%
[2025-03-16 14:40:12] Epoch 10 - Validation Loss: 0.4061, Validation Accuracy: 85.90%
[2025-03-16 14:40:17] Epoch 11 - Validation Loss: 0.4330, Validation Accuracy: 84.74%
[2025-03-16 14:40:22] Epoch 11 - Test Accuracy: 83.26%
[2025-03-16 14:40:42] Epoch 11 - Test Accuracy: 85.25%
[2025-03-16 14:40:46] Epoch 10 - Test Accuracy: 83.73%
[2025-03-16 14:40:57] Epoch 11 - Test Accuracy: 82.18%
[2025-03-16 14:42:45] Epoch 12 - Training Loss: 0.6042, Training Accuracy: 79.62%
[2025-03-16 14:43:10] Epoch 12 - Validation Loss: 0.4324, Validation Accuracy: 85.63%
[2025-03-16 14:43:12] Epoch 12 - Training Loss: 0.5142, Training Accuracy: 82.88%
[2025-03-16 14:43:20] Epoch 12 - Training Loss: 0.6159, Training Accuracy: 79.45%
[2025-03-16 14:43:31] Epoch 11 - Training Loss: 0.5567, Training Accuracy: 81.23%
[2025-03-16 14:43:32] Epoch 12 - Validation Loss: 0.3904, Validation Accuracy: 86.79%
[2025-03-16 14:43:35] Epoch 12 - Validation Loss: 0.4528, Validation Accuracy: 84.90%
[2025-03-16 14:43:41] Epoch 12 - Test Accuracy: 82.77%
[2025-03-16 14:43:42] Epoch 11 - Validation Loss: 0.4253, Validation Accuracy: 85.63%
[2025-03-16 14:44:02] Epoch 12 - Test Accuracy: 84.59%
[2025-03-16 14:44:13] Epoch 12 - Test Accuracy: 81.89%
[2025-03-16 14:44:25] Epoch 11 - Test Accuracy: 82.99%
[2025-03-16 14:45:57] Epoch 13 - Training Loss: 0.5988, Training Accuracy: 79.80%
[2025-03-16 14:46:20] Epoch 13 - Validation Loss: 0.4063, Validation Accuracy: 86.28%
[2025-03-16 14:46:22] Epoch 13 - Training Loss: 0.5951, Training Accuracy: 79.97%
[2025-03-16 14:46:31] Epoch 13 - Training Loss: 0.5063, Training Accuracy: 82.77%
[2025-03-16 14:46:45] Epoch 13 - Validation Loss: 0.4436, Validation Accuracy: 84.77%
[2025-03-16 14:46:47] Epoch 13 - Validation Loss: 0.3890, Validation Accuracy: 86.61%
[2025-03-16 14:46:51] Epoch 12 - Training Loss: 0.5435, Training Accuracy: 81.71%
[2025-03-16 14:46:55] Epoch 13 - Test Accuracy: 84.71%
[2025-03-16 14:47:12] Epoch 12 - Validation Loss: 0.4113, Validation Accuracy: 85.77%
[2025-03-16 14:47:18] Epoch 13 - Test Accuracy: 83.11%
[2025-03-16 14:47:26] Epoch 13 - Test Accuracy: 84.95%
[2025-03-16 14:47:56] Epoch 12 - Test Accuracy: 84.41%
[2025-03-16 14:49:10] Epoch 14 - Training Loss: 0.5843, Training Accuracy: 80.22%
[2025-03-16 14:49:32] Epoch 14 - Training Loss: 0.5819, Training Accuracy: 80.52%
[2025-03-16 14:49:33] Epoch 14 - Validation Loss: 0.4261, Validation Accuracy: 86.01%
[2025-03-16 14:49:52] Epoch 14 - Validation Loss: 0.4439, Validation Accuracy: 83.90%
[2025-03-16 14:49:54] Epoch 14 - Training Loss: 0.4981, Training Accuracy: 83.19%
[2025-03-16 14:50:13] Epoch 14 - Test Accuracy: 83.16%
[2025-03-16 14:50:14] Epoch 14 - Validation Loss: 0.3417, Validation Accuracy: 88.23%
[2025-03-16 14:50:25] Epoch 13 - Training Loss: 0.5364, Training Accuracy: 81.87%
[2025-03-16 14:50:26] Epoch 14 - Test Accuracy: 82.35%
[2025-03-16 14:50:54] Epoch 13 - Validation Loss: 0.3876, Validation Accuracy: 86.31%
[2025-03-16 14:50:58] Epoch 14 - Test Accuracy: 86.30%
[2025-03-16 14:51:39] Epoch 13 - Test Accuracy: 84.27%
[2025-03-16 14:52:21] Epoch 15 - Training Loss: 0.5857, Training Accuracy: 80.30%
[2025-03-16 14:52:30] Epoch 15 - Training Loss: 0.5895, Training Accuracy: 80.35%
[2025-03-16 14:52:45] Epoch 15 - Validation Loss: 0.4086, Validation Accuracy: 86.36%
[2025-03-16 14:52:49] Epoch 15 - Validation Loss: 0.3975, Validation Accuracy: 86.74%
[2025-03-16 14:53:09] Epoch 15 - Training Loss: 0.4933, Training Accuracy: 83.31%
[2025-03-16 14:53:23] Epoch 15 - Test Accuracy: 84.17%
[2025-03-16 14:53:28] Epoch 15 - Test Accuracy: 83.53%
[2025-03-16 14:53:29] Epoch 15 - Validation Loss: 0.3647, Validation Accuracy: 87.28%
[2025-03-16 14:53:55] Epoch 14 - Training Loss: 0.5234, Training Accuracy: 82.28%
[2025-03-16 14:54:13] Epoch 14 - Validation Loss: 0.3848, Validation Accuracy: 87.01%
[2025-03-16 14:54:13] Epoch 15 - Test Accuracy: 85.59%
[2025-03-16 14:55:02] Epoch 14 - Test Accuracy: 84.83%
[2025-03-16 14:55:29] Epoch 16 - Training Loss: 0.5605, Training Accuracy: 81.37%
[2025-03-16 14:55:30] Epoch 16 - Training Loss: 0.5795, Training Accuracy: 80.52%
[2025-03-16 14:55:53] Epoch 16 - Validation Loss: 0.3887, Validation Accuracy: 86.58%
[2025-03-16 14:55:53] Epoch 16 - Validation Loss: 0.4102, Validation Accuracy: 85.80%
[2025-03-16 14:56:29] Epoch 16 - Test Accuracy: 84.78%
[2025-03-16 14:56:30] Epoch 16 - Training Loss: 0.4780, Training Accuracy: 83.91%
[2025-03-16 14:56:39] Epoch 16 - Test Accuracy: 84.93%
[2025-03-16 14:56:56] Epoch 16 - Validation Loss: 0.3542, Validation Accuracy: 87.39%
[2025-03-16 14:57:25] Epoch 15 - Training Loss: 0.5089, Training Accuracy: 82.61%
[2025-03-16 14:57:38] Epoch 16 - Test Accuracy: 85.54%
[2025-03-16 14:57:48] Epoch 15 - Validation Loss: 0.3760, Validation Accuracy: 86.63%
[2025-03-16 14:58:32] Epoch 17 - Training Loss: 0.5426, Training Accuracy: 81.93%
[2025-03-16 14:58:38] Epoch 15 - Test Accuracy: 86.11%
[2025-03-16 14:58:54] Epoch 17 - Validation Loss: 0.4128, Validation Accuracy: 85.77%
[2025-03-16 14:58:55] Epoch 17 - Training Loss: 0.5752, Training Accuracy: 80.71%
[2025-03-16 14:59:17] Epoch 17 - Validation Loss: 0.4075, Validation Accuracy: 86.36%
[2025-03-16 14:59:28] Epoch 17 - Test Accuracy: 84.05%
[2025-03-16 14:59:49] Epoch 17 - Training Loss: 0.4640, Training Accuracy: 84.16%
[2025-03-16 14:59:59] Epoch 17 - Test Accuracy: 83.46%
[2025-03-16 15:00:15] Epoch 17 - Validation Loss: 0.3587, Validation Accuracy: 87.47%
[2025-03-16 15:00:56] Epoch 16 - Training Loss: 0.4998, Training Accuracy: 83.17%
[2025-03-16 15:00:56] Epoch 17 - Test Accuracy: 85.10%
[2025-03-16 15:01:23] Epoch 16 - Validation Loss: 0.3803, Validation Accuracy: 87.25%
[2025-03-16 15:01:33] Epoch 18 - Training Loss: 0.5335, Training Accuracy: 82.22%
[2025-03-16 15:01:54] Epoch 18 - Validation Loss: 0.3940, Validation Accuracy: 86.34%
[2025-03-16 15:02:12] Epoch 16 - Test Accuracy: 85.30%
[2025-03-16 15:02:19] Epoch 18 - Training Loss: 0.5694, Training Accuracy: 80.70%
[2025-03-16 15:02:35] Epoch 18 - Test Accuracy: 84.29%
[2025-03-16 15:02:36] Epoch 18 - Validation Loss: 0.3897, Validation Accuracy: 87.20%
[2025-03-16 15:03:16] Epoch 18 - Training Loss: 0.4534, Training Accuracy: 84.52%
[2025-03-16 15:03:17] Epoch 18 - Test Accuracy: 84.12%
[2025-03-16 15:03:43] Epoch 18 - Validation Loss: 0.3254, Validation Accuracy: 89.04%
[2025-03-16 15:04:27] Epoch 18 - Test Accuracy: 87.60%
[2025-03-16 15:04:46] Epoch 17 - Training Loss: 0.4950, Training Accuracy: 83.35%
[2025-03-16 15:04:47] Epoch 19 - Training Loss: 0.5211, Training Accuracy: 82.77%
[2025-03-16 15:05:12] Epoch 19 - Validation Loss: 0.3973, Validation Accuracy: 86.69%
[2025-03-16 15:05:13] Epoch 17 - Validation Loss: 0.3723, Validation Accuracy: 87.44%
[2025-03-16 15:05:39] Epoch 19 - Training Loss: 0.5501, Training Accuracy: 81.61%
[2025-03-16 15:05:53] Epoch 19 - Test Accuracy: 83.26%
[2025-03-16 15:05:54] Epoch 17 - Test Accuracy: 85.91%
[2025-03-16 15:05:54] Epoch 19 - Validation Loss: 0.4070, Validation Accuracy: 86.15%
[2025-03-16 15:06:41] Epoch 19 - Test Accuracy: 82.62%
[2025-03-16 15:06:50] Epoch 19 - Training Loss: 0.4510, Training Accuracy: 84.77%
[2025-03-16 15:07:12] Epoch 19 - Validation Loss: 0.3584, Validation Accuracy: 87.71%
[2025-03-16 15:07:55] Epoch 19 - Test Accuracy: 86.70%
[2025-03-16 15:08:01] Epoch 20 - Training Loss: 0.5123, Training Accuracy: 82.69%
[2025-03-16 15:08:19] Epoch 20 - Validation Loss: 0.3705, Validation Accuracy: 87.58%
[2025-03-16 15:08:19] Epoch 18 - Training Loss: 0.4837, Training Accuracy: 83.66%
[2025-03-16 15:08:41] Epoch 18 - Validation Loss: 0.3520, Validation Accuracy: 88.04%
[2025-03-16 15:08:51] Epoch 20 - Test Accuracy: 84.61%
[2025-03-16 15:08:52] Epoch 20 - Training Loss: 0.5430, Training Accuracy: 81.71%
[2025-03-16 15:09:16] Epoch 20 - Validation Loss: 0.3940, Validation Accuracy: 87.25%
[2025-03-16 15:09:28] Epoch 18 - Test Accuracy: 85.25%
[2025-03-16 15:10:00] Epoch 20 - Training Loss: 0.4412, Training Accuracy: 85.02%
[2025-03-16 15:10:01] Epoch 20 - Test Accuracy: 84.39%
[2025-03-16 15:10:29] Epoch 20 - Validation Loss: 0.3352, Validation Accuracy: 88.04%
[2025-03-16 15:11:00] Epoch 21 - Training Loss: 0.5150, Training Accuracy: 82.93%
[2025-03-16 15:11:10] Epoch 20 - Test Accuracy: 86.40%
[2025-03-16 15:11:23] Epoch 21 - Validation Loss: 0.3718, Validation Accuracy: 87.36%
[2025-03-16 15:11:51] Epoch 19 - Training Loss: 0.4755, Training Accuracy: 83.88%
[2025-03-16 15:12:10] Epoch 21 - Test Accuracy: 84.81%
[2025-03-16 15:12:17] Epoch 19 - Validation Loss: 0.3729, Validation Accuracy: 86.74%
[2025-03-16 15:12:22] Epoch 21 - Training Loss: 0.4894, Training Accuracy: 83.57%
[2025-03-16 15:12:45] Epoch 21 - Validation Loss: 0.3331, Validation Accuracy: 88.74%
[2025-03-16 15:13:06] Epoch 19 - Test Accuracy: 85.52%
[2025-03-16 15:13:25] Epoch 21 - Training Loss: 0.4312, Training Accuracy: 85.17%
[2025-03-16 15:13:32] Epoch 21 - Test Accuracy: 86.25%
[2025-03-16 15:13:49] Epoch 21 - Validation Loss: 0.3115, Validation Accuracy: 89.31%
[2025-03-16 15:14:17] Epoch 22 - Training Loss: 0.4919, Training Accuracy: 83.17%
[2025-03-16 15:14:28] Epoch 21 - Test Accuracy: 88.02%
[2025-03-16 15:14:37] Epoch 22 - Validation Loss: 0.3525, Validation Accuracy: 88.36%
[2025-03-16 15:15:13] Epoch 22 - Test Accuracy: 86.06%
[2025-03-16 15:15:47] Epoch 20 - Training Loss: 0.4689, Training Accuracy: 84.30%
[2025-03-16 15:15:49] Epoch 22 - Training Loss: 0.4624, Training Accuracy: 84.13%
[2025-03-16 15:16:13] Epoch 22 - Validation Loss: 0.3249, Validation Accuracy: 89.25%
[2025-03-16 15:16:14] Epoch 20 - Validation Loss: 0.3646, Validation Accuracy: 87.60%
[2025-03-16 15:16:50] Epoch 22 - Training Loss: 0.4265, Training Accuracy: 85.67%
[2025-03-16 15:16:56] Epoch 20 - Test Accuracy: 84.88%
[2025-03-16 15:16:56] Epoch 22 - Test Accuracy: 86.21%
[2025-03-16 15:17:14] Epoch 22 - Validation Loss: 0.3240, Validation Accuracy: 88.58%
[2025-03-16 15:17:26] Epoch 23 - Training Loss: 0.4843, Training Accuracy: 83.83%
[2025-03-16 15:17:46] Epoch 23 - Validation Loss: 0.3555, Validation Accuracy: 88.20%
[2025-03-16 15:17:53] Epoch 22 - Test Accuracy: 87.38%
[2025-03-16 15:18:29] Epoch 23 - Test Accuracy: 85.32%
[2025-03-16 15:19:12] Epoch 23 - Training Loss: 0.4635, Training Accuracy: 84.33%
[2025-03-16 15:19:21] Epoch 21 - Training Loss: 0.4619, Training Accuracy: 84.25%
[2025-03-16 15:19:36] Epoch 23 - Validation Loss: 0.3205, Validation Accuracy: 89.20%
[2025-03-16 15:19:43] Epoch 21 - Validation Loss: 0.3644, Validation Accuracy: 87.50%
[2025-03-16 15:20:14] Epoch 23 - Training Loss: 0.4149, Training Accuracy: 85.89%
[2025-03-16 15:20:14] Epoch 23 - Test Accuracy: 86.62%
[2025-03-16 15:20:26] Epoch 21 - Test Accuracy: 84.63%
[2025-03-16 15:20:38] Epoch 23 - Validation Loss: 0.3214, Validation Accuracy: 89.17%
[2025-03-16 15:20:42] Epoch 24 - Training Loss: 0.4827, Training Accuracy: 83.91%
[2025-03-16 15:21:02] Epoch 24 - Validation Loss: 0.3766, Validation Accuracy: 87.12%
[2025-03-16 15:21:13] Epoch 23 - Test Accuracy: 87.73%
[2025-03-16 15:21:47] Epoch 24 - Test Accuracy: 84.44%
[2025-03-16 15:22:36] Epoch 24 - Training Loss: 0.4560, Training Accuracy: 84.61%
[2025-03-16 15:22:57] Epoch 22 - Training Loss: 0.4505, Training Accuracy: 84.62%
[2025-03-16 15:22:58] Epoch 24 - Validation Loss: 0.3224, Validation Accuracy: 89.36%
[2025-03-16 15:23:17] Epoch 22 - Validation Loss: 0.3264, Validation Accuracy: 89.01%
[2025-03-16 15:23:36] Epoch 24 - Training Loss: 0.4066, Training Accuracy: 86.08%
[2025-03-16 15:23:46] Epoch 24 - Test Accuracy: 86.60%
[2025-03-16 15:23:55] Epoch 24 - Validation Loss: 0.3111, Validation Accuracy: 89.50%
[2025-03-16 15:24:00] Epoch 22 - Test Accuracy: 86.33%
[2025-03-16 15:24:06] Epoch 25 - Training Loss: 0.4879, Training Accuracy: 83.59%
[2025-03-16 15:24:25] Epoch 25 - Validation Loss: 0.3273, Validation Accuracy: 88.87%
[2025-03-16 15:24:39] Epoch 24 - Test Accuracy: 88.59%
[2025-03-16 15:25:01] Epoch 25 - Test Accuracy: 86.01%
[2025-03-16 15:26:03] Epoch 25 - Training Loss: 0.4464, Training Accuracy: 84.91%
[2025-03-16 15:26:27] Epoch 25 - Validation Loss: 0.3175, Validation Accuracy: 89.39%
[2025-03-16 15:26:39] Epoch 23 - Training Loss: 0.4444, Training Accuracy: 84.97%
[2025-03-16 15:27:02] Epoch 23 - Validation Loss: 0.3444, Validation Accuracy: 87.50%
[2025-03-16 15:27:06] Epoch 25 - Test Accuracy: 86.45%
[2025-03-16 15:27:07] Epoch 26 - Training Loss: 0.4661, Training Accuracy: 84.45%
[2025-03-16 15:27:09] Epoch 25 - Training Loss: 0.4018, Training Accuracy: 86.37%
[2025-03-16 15:27:28] Epoch 26 - Validation Loss: 0.3137, Validation Accuracy: 89.39%
[2025-03-16 15:27:30] Epoch 25 - Validation Loss: 0.3259, Validation Accuracy: 89.01%
[2025-03-16 15:27:36] Epoch 23 - Test Accuracy: 85.84%
[2025-03-16 15:28:01] Epoch 26 - Test Accuracy: 86.30%
[2025-03-16 15:28:11] Epoch 25 - Test Accuracy: 87.16%
[2025-03-16 15:29:16] Epoch 26 - Training Loss: 0.4539, Training Accuracy: 84.72%
[2025-03-16 15:29:39] Epoch 26 - Validation Loss: 0.3228, Validation Accuracy: 89.39%
[2025-03-16 15:30:02] Epoch 24 - Training Loss: 0.4421, Training Accuracy: 85.02%
[2025-03-16 15:30:20] Epoch 27 - Training Loss: 0.4530, Training Accuracy: 84.68%
[2025-03-16 15:30:21] Epoch 24 - Validation Loss: 0.3268, Validation Accuracy: 88.63%
[2025-03-16 15:30:27] Epoch 26 - Test Accuracy: 86.25%
[2025-03-16 15:30:32] Epoch 26 - Training Loss: 0.4000, Training Accuracy: 86.40%
[2025-03-16 15:30:41] Epoch 27 - Validation Loss: 0.3218, Validation Accuracy: 89.12%
[2025-03-16 15:30:48] Epoch 26 - Validation Loss: 0.2903, Validation Accuracy: 89.87%
[2025-03-16 15:30:59] Epoch 24 - Test Accuracy: 86.77%
[2025-03-16 15:31:19] Epoch 27 - Test Accuracy: 86.43%
[2025-03-16 15:31:20] Epoch 26 - Test Accuracy: 88.61%
[2025-03-16 15:32:38] Epoch 27 - Training Loss: 0.4449, Training Accuracy: 84.84%
[2025-03-16 15:32:57] Epoch 27 - Validation Loss: 0.3149, Validation Accuracy: 89.47%
[2025-03-16 15:33:26] Epoch 25 - Training Loss: 0.4377, Training Accuracy: 85.09%
[2025-03-16 15:33:37] Epoch 27 - Test Accuracy: 86.75%
[2025-03-16 15:33:39] Epoch 28 - Training Loss: 0.4566, Training Accuracy: 84.83%
[2025-03-16 15:33:48] Epoch 27 - Training Loss: 0.3937, Training Accuracy: 86.88%
[2025-03-16 15:33:56] Epoch 25 - Validation Loss: 0.3394, Validation Accuracy: 88.28%
[2025-03-16 15:34:00] Epoch 28 - Validation Loss: 0.3222, Validation Accuracy: 89.14%
[2025-03-16 15:34:02] Epoch 27 - Validation Loss: 0.2894, Validation Accuracy: 89.87%
[2025-03-16 15:34:30] Epoch 28 - Test Accuracy: 86.82%
[2025-03-16 15:34:30] Epoch 27 - Test Accuracy: 88.71%
[2025-03-16 15:34:31] Epoch 25 - Test Accuracy: 87.21%
[2025-03-16 15:35:40] Epoch 28 - Training Loss: 0.4463, Training Accuracy: 84.59%
[2025-03-16 15:36:04] Epoch 28 - Validation Loss: 0.3142, Validation Accuracy: 89.79%
[2025-03-16 15:36:42] Epoch 28 - Test Accuracy: 86.67%
[2025-03-16 15:36:50] Epoch 29 - Training Loss: 0.4548, Training Accuracy: 84.79%
[2025-03-16 15:37:04] Epoch 28 - Training Loss: 0.3826, Training Accuracy: 87.16%
[2025-03-16 15:37:05] Epoch 26 - Training Loss: 0.4340, Training Accuracy: 85.23%
[2025-03-16 15:37:15] Epoch 29 - Validation Loss: 0.3173, Validation Accuracy: 89.95%
[2025-03-16 15:37:23] Epoch 28 - Validation Loss: 0.2915, Validation Accuracy: 90.06%
[2025-03-16 15:37:23] Epoch 26 - Validation Loss: 0.3295, Validation Accuracy: 88.63%
[2025-03-16 15:37:47] Epoch 29 - Test Accuracy: 87.11%
[2025-03-16 15:37:56] Epoch 28 - Test Accuracy: 87.95%
[2025-03-16 15:38:02] Epoch 26 - Test Accuracy: 86.45%
[2025-03-16 15:38:58] Epoch 29 - Training Loss: 0.4378, Training Accuracy: 85.28%
[2025-03-16 15:39:30] Epoch 29 - Validation Loss: 0.3139, Validation Accuracy: 89.20%
[2025-03-16 15:40:17] Epoch 29 - Test Accuracy: 86.70%
[2025-03-16 15:40:33] Epoch 30 - Training Loss: 0.4322, Training Accuracy: 85.39%
[2025-03-16 15:40:58] Epoch 29 - Training Loss: 0.3799, Training Accuracy: 87.00%
[2025-03-16 15:40:58] Epoch 30 - Validation Loss: 0.3416, Validation Accuracy: 88.63%
[2025-03-16 15:41:12] Epoch 27 - Training Loss: 0.3798, Training Accuracy: 87.20%
[2025-03-16 15:41:24] Epoch 29 - Validation Loss: 0.3064, Validation Accuracy: 89.33%
[2025-03-16 15:41:32] Epoch 27 - Validation Loss: 0.2847, Validation Accuracy: 90.22%
[2025-03-16 15:41:33] Epoch 30 - Test Accuracy: 85.89%
[2025-03-16 15:42:07] Epoch 29 - Test Accuracy: 88.14%
[2025-03-16 15:42:18] Epoch 27 - Test Accuracy: 87.85%
[2025-03-16 15:42:40] Epoch 30 - Training Loss: 0.4342, Training Accuracy: 85.42%
[2025-03-16 15:43:00] Epoch 30 - Validation Loss: 0.3158, Validation Accuracy: 89.41%
[2025-03-16 15:43:49] Epoch 31 - Training Loss: 0.3773, Training Accuracy: 87.26%
[2025-03-16 15:43:50] Epoch 30 - Test Accuracy: 86.89%
[2025-03-16 15:44:16] Epoch 31 - Validation Loss: 0.2818, Validation Accuracy: 90.66%
[2025-03-16 15:44:59] Epoch 31 - Test Accuracy: 88.05%
[2025-03-16 15:45:12] Epoch 30 - Training Loss: 0.3806, Training Accuracy: 87.09%
[2025-03-16 15:45:28] Epoch 30 - Validation Loss: 0.3037, Validation Accuracy: 89.68%
[2025-03-16 15:45:31] Epoch 28 - Training Loss: 0.3643, Training Accuracy: 87.74%
[2025-03-16 15:45:54] Epoch 28 - Validation Loss: 0.2774, Validation Accuracy: 90.58%
[2025-03-16 15:46:14] Epoch 30 - Test Accuracy: 87.83%
[2025-03-16 15:46:53] Epoch 31 - Training Loss: 0.4435, Training Accuracy: 85.15%
[2025-03-16 15:46:53] Epoch 28 - Test Accuracy: 88.29%
[2025-03-16 15:47:20] Epoch 31 - Validation Loss: 0.3110, Validation Accuracy: 89.77%
[2025-03-16 15:47:32] Epoch 32 - Training Loss: 0.3606, Training Accuracy: 87.89%
[2025-03-16 15:47:57] Epoch 32 - Validation Loss: 0.2726, Validation Accuracy: 90.87%
[2025-03-16 15:48:09] Epoch 31 - Test Accuracy: 87.21%
[2025-03-16 15:48:43] Epoch 32 - Test Accuracy: 88.14%
[2025-03-16 15:48:55] Epoch 31 - Training Loss: 0.3711, Training Accuracy: 87.39%
[2025-03-16 15:49:19] Epoch 31 - Validation Loss: 0.2898, Validation Accuracy: 90.06%
[2025-03-16 15:49:40] Epoch 29 - Training Loss: 0.3534, Training Accuracy: 88.03%
[2025-03-16 15:49:54] Epoch 32 - Training Loss: 0.4337, Training Accuracy: 85.24%
[2025-03-16 15:50:04] Epoch 29 - Validation Loss: 0.2789, Validation Accuracy: 90.55%
[2025-03-16 15:50:10] Epoch 31 - Test Accuracy: 88.34%
[2025-03-16 15:50:10] Stopping training at epoch 32 due to early stopping
[2025-03-16 15:50:10] Final Training Accuracy: 87.39%
[2025-03-16 15:50:10] Final Test Accuracy: 88.34%
[2025-03-16 15:50:11] Final Validation Accuracy: 90.06%, Model size: 38785
[2025-03-16 15:50:11] Saved model checkpoint to best_model_trial_81.pt
[2025-03-16 15:50:13] Epoch 32 - Validation Loss: 0.3097, Validation Accuracy: 89.82%
[2025-03-16 15:50:28] Epoch 29 - Test Accuracy: 87.83%
[2025-03-16 15:50:44] Epoch 33 - Training Loss: 0.3530, Training Accuracy: 87.96%
[2025-03-16 15:50:46] Epoch 32 - Test Accuracy: 87.14%
[2025-03-16 15:51:04] Epoch 33 - Validation Loss: 0.2723, Validation Accuracy: 90.47%
[2025-03-16 15:51:35] Epoch 33 - Test Accuracy: 88.22%
[2025-03-16 15:51:53] Starting training with hyperparameters: {'d_state': 12, 'd_conv': 7, 'expand': 3, 'batch_size': 26, 'dropout_rate': 0.23099437451168472, 'num_mamba_layers': 3, 'n_mfcc': 29, 'n_fft': 306, 'hop_length': 101, 'n_mels': 28, 'noise_level': 0.13582400036234776, 'shift': 47, 'lr': 0.0011512041996188404, 'weight_decay': 5.444771451631064e-06}
[2025-03-16 15:52:25] Epoch 30 - Training Loss: 0.3495, Training Accuracy: 88.06%
[2025-03-16 15:52:38] Epoch 33 - Training Loss: 0.4297, Training Accuracy: 85.50%
[2025-03-16 15:52:47] Epoch 30 - Validation Loss: 0.2740, Validation Accuracy: 90.85%
[2025-03-16 15:52:53] Epoch 33 - Validation Loss: 0.3114, Validation Accuracy: 89.87%
[2025-03-16 15:53:21] Epoch 33 - Test Accuracy: 86.89%
[2025-03-16 15:53:23] Epoch 34 - Training Loss: 0.3494, Training Accuracy: 88.22%
[2025-03-16 15:53:31] Epoch 30 - Test Accuracy: 88.19%
[2025-03-16 15:53:41] Starting training with hyperparameters: {'d_state': 22, 'd_conv': 4, 'expand': 2, 'batch_size': 31, 'dropout_rate': 0.322310417696052, 'num_mamba_layers': 1, 'n_mfcc': 30, 'n_fft': 419, 'hop_length': 123, 'n_mels': 47, 'noise_level': 0.13596322499137795, 'shift': 84, 'lr': 0.0006239175125304609, 'weight_decay': 7.055072954594106e-06}
[2025-03-16 15:53:43] Epoch 34 - Validation Loss: 0.2695, Validation Accuracy: 90.90%
[2025-03-16 15:54:31] Epoch 34 - Test Accuracy: 88.29%
[2025-03-16 15:56:03] Epoch 34 - Training Loss: 0.4311, Training Accuracy: 85.37%
[2025-03-16 15:56:29] Epoch 31 - Training Loss: 0.3486, Training Accuracy: 88.22%
[2025-03-16 15:56:30] Epoch 34 - Validation Loss: 0.3128, Validation Accuracy: 89.58%
[2025-03-16 15:56:58] Epoch 31 - Validation Loss: 0.2720, Validation Accuracy: 91.09%
[2025-03-16 15:57:14] Epoch 34 - Test Accuracy: 87.11%
[2025-03-16 15:57:16] Epoch 35 - Training Loss: 0.3417, Training Accuracy: 88.54%
[2025-03-16 15:57:40] Epoch 31 - Test Accuracy: 88.34%
[2025-03-16 15:57:41] Epoch 35 - Validation Loss: 0.2721, Validation Accuracy: 90.68%
[2025-03-16 15:58:20] Epoch 35 - Test Accuracy: 88.61%
[2025-03-16 15:59:08] Epoch 0 - Training Loss: 1.3825, Training Accuracy: 51.17%
[2025-03-16 15:59:49] Epoch 0 - Validation Loss: 0.6955, Validation Accuracy: 76.88%
[2025-03-16 16:00:28] Epoch 35 - Training Loss: 0.4237, Training Accuracy: 85.63%
[2025-03-16 16:00:50] Epoch 35 - Validation Loss: 0.3082, Validation Accuracy: 89.98%
[2025-03-16 16:00:57] Epoch 0 - Test Accuracy: 75.58%
[2025-03-16 16:00:57] Epoch 32 - Training Loss: 0.3398, Training Accuracy: 88.65%
[2025-03-16 16:01:12] Epoch 36 - Training Loss: 0.3406, Training Accuracy: 88.42%
[2025-03-16 16:01:20] Epoch 32 - Validation Loss: 0.2676, Validation Accuracy: 90.95%
[2025-03-16 16:01:29] Epoch 36 - Validation Loss: 0.2701, Validation Accuracy: 90.87%
[2025-03-16 16:01:30] Epoch 35 - Test Accuracy: 87.16%
[2025-03-16 16:02:06] Epoch 36 - Test Accuracy: 88.64%
[2025-03-16 16:02:23] Epoch 32 - Test Accuracy: 88.27%
[2025-03-16 16:04:40] Epoch 36 - Training Loss: 0.4255, Training Accuracy: 85.64%
[2025-03-16 16:05:10] Epoch 36 - Validation Loss: 0.3071, Validation Accuracy: 89.74%
[2025-03-16 16:05:11] Epoch 37 - Training Loss: 0.3370, Training Accuracy: 88.75%
[2025-03-16 16:05:37] Epoch 37 - Validation Loss: 0.2708, Validation Accuracy: 90.95%
[2025-03-16 16:05:41] Epoch 33 - Training Loss: 0.3381, Training Accuracy: 88.48%
[2025-03-16 16:05:42] Epoch 1 - Training Loss: 0.7527, Training Accuracy: 74.71%
[2025-03-16 16:05:49] Epoch 36 - Test Accuracy: 87.36%
[2025-03-16 16:06:10] Epoch 33 - Validation Loss: 0.2694, Validation Accuracy: 90.60%
[2025-03-16 16:06:16] Epoch 37 - Test Accuracy: 88.44%
[2025-03-16 16:06:16] Epoch 1 - Validation Loss: 0.4814, Validation Accuracy: 84.82%
[2025-03-16 16:06:47] Epoch 33 - Test Accuracy: 87.97%
[2025-03-16 16:07:35] Epoch 1 - Test Accuracy: 82.40%
[2025-03-16 16:07:56] Epoch 37 - Training Loss: 0.4258, Training Accuracy: 85.49%
[2025-03-16 16:08:21] Epoch 37 - Validation Loss: 0.3115, Validation Accuracy: 89.77%
[2025-03-16 16:08:24] Epoch 38 - Training Loss: 0.3319, Training Accuracy: 88.70%
[2025-03-16 16:08:48] Epoch 38 - Validation Loss: 0.2649, Validation Accuracy: 91.01%
[2025-03-16 16:09:07] Epoch 37 - Test Accuracy: 87.48%
[2025-03-16 16:09:37] Epoch 38 - Test Accuracy: 88.73%
[2025-03-16 16:09:38] Epoch 34 - Training Loss: 0.3376, Training Accuracy: 88.58%
[2025-03-16 16:10:11] Epoch 34 - Validation Loss: 0.2758, Validation Accuracy: 90.82%
[2025-03-16 16:11:00] Epoch 34 - Test Accuracy: 88.10%
[2025-03-16 16:12:08] Epoch 38 - Training Loss: 0.4184, Training Accuracy: 85.79%
[2025-03-16 16:12:09] Epoch 39 - Training Loss: 0.3338, Training Accuracy: 88.59%
[2025-03-16 16:12:47] Epoch 38 - Validation Loss: 0.3033, Validation Accuracy: 90.04%
[2025-03-16 16:12:48] Epoch 39 - Validation Loss: 0.2662, Validation Accuracy: 91.09%
[2025-03-16 16:13:05] Epoch 2 - Training Loss: 0.6000, Training Accuracy: 79.56%
[2025-03-16 16:13:30] Epoch 39 - Test Accuracy: 88.78%
[2025-03-16 16:13:37] Epoch 2 - Validation Loss: 0.4147, Validation Accuracy: 86.25%
[2025-03-16 16:13:37] Epoch 38 - Test Accuracy: 87.29%
[2025-03-16 16:14:11] Epoch 35 - Training Loss: 0.3390, Training Accuracy: 88.43%
[2025-03-16 16:14:34] Epoch 35 - Validation Loss: 0.2711, Validation Accuracy: 90.93%
[2025-03-16 16:14:43] Epoch 2 - Test Accuracy: 84.09%
[2025-03-16 16:15:27] Epoch 35 - Test Accuracy: 88.07%
[2025-03-16 16:15:39] Epoch 40 - Training Loss: 0.3283, Training Accuracy: 88.79%
[2025-03-16 16:15:40] Epoch 39 - Training Loss: 0.4206, Training Accuracy: 85.70%
[2025-03-16 16:16:06] Epoch 39 - Validation Loss: 0.2998, Validation Accuracy: 90.09%
[2025-03-16 16:16:06] Epoch 40 - Validation Loss: 0.2621, Validation Accuracy: 91.17%
[2025-03-16 16:16:41] Epoch 39 - Test Accuracy: 87.24%
[2025-03-16 16:16:43] Epoch 40 - Test Accuracy: 88.95%
[2025-03-16 16:18:08] Epoch 36 - Training Loss: 0.3371, Training Accuracy: 88.51%
[2025-03-16 16:18:41] Epoch 41 - Training Loss: 0.3228, Training Accuracy: 89.03%
[2025-03-16 16:18:42] Epoch 36 - Validation Loss: 0.2612, Validation Accuracy: 90.82%
[2025-03-16 16:19:04] Epoch 41 - Validation Loss: 0.2674, Validation Accuracy: 91.06%
[2025-03-16 16:19:16] Epoch 40 - Training Loss: 0.4160, Training Accuracy: 85.84%
[2025-03-16 16:19:25] Epoch 3 - Training Loss: 0.5245, Training Accuracy: 82.28%
[2025-03-16 16:19:27] Epoch 36 - Test Accuracy: 88.14%
[2025-03-16 16:19:41] Epoch 40 - Validation Loss: 0.3004, Validation Accuracy: 90.14%
[2025-03-16 16:19:48] Epoch 41 - Test Accuracy: 88.93%
[2025-03-16 16:20:06] Epoch 3 - Validation Loss: 0.3737, Validation Accuracy: 87.66%
[2025-03-16 16:20:30] Epoch 40 - Test Accuracy: 87.43%
[2025-03-16 16:21:30] Epoch 3 - Test Accuracy: 85.96%
[2025-03-16 16:22:34] Epoch 37 - Training Loss: 0.3330, Training Accuracy: 88.76%
[2025-03-16 16:22:49] Epoch 42 - Training Loss: 0.3235, Training Accuracy: 89.02%
[2025-03-16 16:23:10] Epoch 37 - Validation Loss: 0.2641, Validation Accuracy: 91.09%
[2025-03-16 16:23:13] Epoch 42 - Validation Loss: 0.2568, Validation Accuracy: 91.30%
[2025-03-16 16:23:41] Epoch 42 - Test Accuracy: 89.20%
[2025-03-16 16:23:54] Epoch 41 - Training Loss: 0.4216, Training Accuracy: 85.74%
[2025-03-16 16:23:55] Epoch 37 - Test Accuracy: 88.24%
[2025-03-16 16:24:22] Epoch 41 - Validation Loss: 0.3017, Validation Accuracy: 89.68%
[2025-03-16 16:25:12] Epoch 41 - Test Accuracy: 87.26%
[2025-03-16 16:25:50] Epoch 38 - Training Loss: 0.3336, Training Accuracy: 88.67%
[2025-03-16 16:26:09] Epoch 43 - Training Loss: 0.3244, Training Accuracy: 88.92%
[2025-03-16 16:26:22] Epoch 38 - Validation Loss: 0.2671, Validation Accuracy: 91.20%
[2025-03-16 16:26:31] Epoch 43 - Validation Loss: 0.2587, Validation Accuracy: 91.47%
[2025-03-16 16:26:59] Epoch 4 - Training Loss: 0.4687, Training Accuracy: 84.10%
[2025-03-16 16:27:00] Epoch 43 - Test Accuracy: 89.13%
[2025-03-16 16:27:22] Epoch 38 - Test Accuracy: 88.17%
[2025-03-16 16:27:46] Epoch 4 - Validation Loss: 0.3754, Validation Accuracy: 87.06%
[2025-03-16 16:28:31] Epoch 42 - Training Loss: 0.4158, Training Accuracy: 85.92%
[2025-03-16 16:28:55] Epoch 42 - Validation Loss: 0.3036, Validation Accuracy: 89.85%
[2025-03-16 16:29:08] Epoch 4 - Test Accuracy: 85.74%
[2025-03-16 16:29:29] Epoch 42 - Test Accuracy: 86.87%
[2025-03-16 16:29:38] Epoch 44 - Training Loss: 0.3247, Training Accuracy: 88.81%
[2025-03-16 16:30:00] Epoch 44 - Validation Loss: 0.2578, Validation Accuracy: 91.44%
[2025-03-16 16:30:04] Epoch 39 - Training Loss: 0.3335, Training Accuracy: 88.49%
[2025-03-16 16:30:30] Epoch 39 - Validation Loss: 0.2599, Validation Accuracy: 90.79%
[2025-03-16 16:30:39] Epoch 44 - Test Accuracy: 89.05%
[2025-03-16 16:31:09] Epoch 39 - Test Accuracy: 88.37%
[2025-03-16 16:33:00] Epoch 43 - Training Loss: 0.4230, Training Accuracy: 85.70%
[2025-03-16 16:33:36] Epoch 43 - Validation Loss: 0.3076, Validation Accuracy: 89.63%
[2025-03-16 16:33:45] Epoch 45 - Training Loss: 0.3256, Training Accuracy: 88.99%
[2025-03-16 16:34:12] Epoch 45 - Validation Loss: 0.2589, Validation Accuracy: 91.36%
[2025-03-16 16:34:19] Epoch 43 - Test Accuracy: 87.33%
[2025-03-16 16:34:31] Epoch 40 - Training Loss: 0.3319, Training Accuracy: 88.58%
[2025-03-16 16:34:44] Epoch 5 - Training Loss: 0.4299, Training Accuracy: 85.35%
[2025-03-16 16:34:53] Epoch 40 - Validation Loss: 0.2605, Validation Accuracy: 91.14%
[2025-03-16 16:34:53] Epoch 45 - Test Accuracy: 89.30%
[2025-03-16 16:35:20] Epoch 5 - Validation Loss: 0.3302, Validation Accuracy: 88.85%
[2025-03-16 16:35:33] Epoch 40 - Test Accuracy: 88.73%
[2025-03-16 16:36:00] Epoch 44 - Training Loss: 0.4120, Training Accuracy: 86.05%
[2025-03-16 16:36:29] Epoch 44 - Validation Loss: 0.3004, Validation Accuracy: 89.87%
[2025-03-16 16:36:32] Epoch 5 - Test Accuracy: 87.41%
[2025-03-16 16:37:33] Epoch 46 - Training Loss: 0.3177, Training Accuracy: 89.22%
[2025-03-16 16:37:34] Epoch 44 - Test Accuracy: 87.33%
[2025-03-16 16:37:34] Stopping training at epoch 45 due to early stopping
[2025-03-16 16:37:34] Final Training Accuracy: 86.05%
[2025-03-16 16:37:34] Final Test Accuracy: 87.33%
[2025-03-16 16:37:34] Final Validation Accuracy: 89.87%, Model size: 37696
[2025-03-16 16:37:36] Saved model checkpoint to best_model_trial_83.pt
[2025-03-16 16:37:58] Epoch 46 - Validation Loss: 0.2588, Validation Accuracy: 91.39%
[2025-03-16 16:38:27] Epoch 41 - Training Loss: 0.3305, Training Accuracy: 88.64%
[2025-03-16 16:38:41] Epoch 46 - Test Accuracy: 89.00%
[2025-03-16 16:38:59] Epoch 41 - Validation Loss: 0.2596, Validation Accuracy: 90.98%
[2025-03-16 16:39:48] Epoch 41 - Test Accuracy: 88.51%
[2025-03-16 16:40:13] Starting training with hyperparameters: {'d_state': 8, 'd_conv': 7, 'expand': 2, 'batch_size': 28, 'dropout_rate': 0.3217272028137847, 'num_mamba_layers': 3, 'n_mfcc': 24, 'n_fft': 319, 'hop_length': 75, 'n_mels': 33, 'noise_level': 0.09694874029125186, 'shift': 61, 'lr': 0.00020856158307625314, 'weight_decay': 2.2875843304624598e-05}
[2025-03-16 16:41:59] Epoch 47 - Training Loss: 0.3139, Training Accuracy: 89.40%
[2025-03-16 16:42:08] Epoch 47 - Validation Loss: 0.2581, Validation Accuracy: 91.28%
[2025-03-16 16:42:20] Epoch 47 - Test Accuracy: 89.27%
[2025-03-16 16:42:20] Stopping training at epoch 48 due to early stopping
[2025-03-16 16:42:20] Final Training Accuracy: 89.40%
[2025-03-16 16:42:20] Final Test Accuracy: 89.27%
[2025-03-16 16:42:20] Final Validation Accuracy: 91.28%, Model size: 66092
[2025-03-16 16:42:20] Saved model checkpoint to best_model_trial_84.pt
[2025-03-16 16:42:32] Error: Caught RuntimeError in DataLoader worker process 2.
Original Traceback (most recent call last):
  File "/usr/local/lib/python3.10/dist-packages/torch/utils/data/_utils/worker.py", line 351, in _worker_loop
    data = fetcher.fetch(index)  # type: ignore[possibly-undefined]
  File "/usr/local/lib/python3.10/dist-packages/torch/utils/data/_utils/fetch.py", line 55, in fetch
    return self.collate_fn(data)
  File "/usr/local/lib/python3.10/dist-packages/torch/utils/data/_utils/collate.py", line 398, in default_collate
    return collate(batch, collate_fn_map=default_collate_fn_map)
  File "/usr/local/lib/python3.10/dist-packages/torch/utils/data/_utils/collate.py", line 211, in collate
    return [
  File "/usr/local/lib/python3.10/dist-packages/torch/utils/data/_utils/collate.py", line 212, in <listcomp>
    collate(samples, collate_fn_map=collate_fn_map)
  File "/usr/local/lib/python3.10/dist-packages/torch/utils/data/_utils/collate.py", line 155, in collate
    return collate_fn_map[elem_type](batch, collate_fn_map=collate_fn_map)
  File "/usr/local/lib/python3.10/dist-packages/torch/utils/data/_utils/collate.py", line 270, in collate_tensor_fn
    storage = elem._typed_storage()._new_shared(numel, device=elem.device)
  File "/usr/local/lib/python3.10/dist-packages/torch/storage.py", line 1180, in _new_shared
    untyped_storage = torch.UntypedStorage._new_shared(
  File "/usr/local/lib/python3.10/dist-packages/torch/storage.py", line 402, in _new_shared
    return cls._new_using_fd_cpu(size)
RuntimeError: unable to write to file </torch_1902757_1499040180_482>: No space left on device (28)

[2025-03-16 16:44:06] Starting training with hyperparameters: {'d_state': 26, 'd_conv': 5, 'expand': 2, 'batch_size': 30, 'dropout_rate': 0.3053275935892412, 'num_mamba_layers': 4, 'n_mfcc': 29, 'n_fft': 203, 'hop_length': 124, 'n_mels': 42, 'noise_level': 0.13142190796229697, 'shift': 80, 'lr': 0.0021069069968865685, 'weight_decay': 7.971168057864275e-05}
[2025-03-16 16:44:19] Starting training with hyperparameters: {'d_state': 25, 'd_conv': 6, 'expand': 2, 'batch_size': 29, 'dropout_rate': 0.3090809578823236, 'num_mamba_layers': 4, 'n_mfcc': 25, 'n_fft': 345, 'hop_length': 230, 'n_mels': 59, 'noise_level': 0.057186695714297395, 'shift': 79, 'lr': 0.0030177832306759965, 'weight_decay': 1.832759521383907e-05}
[2025-03-16 16:44:23] Starting training with hyperparameters: {'d_state': 23, 'd_conv': 7, 'expand': 3, 'batch_size': 28, 'dropout_rate': 0.3513757398801335, 'num_mamba_layers': 4, 'n_mfcc': 28, 'n_fft': 310, 'hop_length': 183, 'n_mels': 54, 'noise_level': 0.13243391920797792, 'shift': 76, 'lr': 0.0028133147534114677, 'weight_decay': 2.7128820021219068e-05}
[2025-03-16 16:45:41] Starting training with hyperparameters: {'d_state': 20, 'd_conv': 5, 'expand': 2, 'batch_size': 32, 'dropout_rate': 0.46381788278108216, 'num_mamba_layers': 4, 'n_mfcc': 22, 'n_fft': 280, 'hop_length': 297, 'n_mels': 54, 'noise_level': 0.14865624084207527, 'shift': 87, 'lr': 0.0003063416575405361, 'weight_decay': 8.957699049905797e-05}
[2025-03-16 16:46:13] Error: [Errno 28] No space left on device
[2025-03-16 16:47:44] Starting training with hyperparameters: {'d_state': 25, 'd_conv': 5, 'expand': 2, 'batch_size': 26, 'dropout_rate': 0.4636123061709023, 'num_mamba_layers': 4, 'n_mfcc': 22, 'n_fft': 255, 'hop_length': 205, 'n_mels': 47, 'noise_level': 0.18361034288109923, 'shift': 81, 'lr': 0.0011188504236100691, 'weight_decay': 4.251197696956891e-05}
[2025-03-16 16:47:50] Starting training with hyperparameters: {'d_state': 23, 'd_conv': 6, 'expand': 3, 'batch_size': 32, 'dropout_rate': 0.301357159138838, 'num_mamba_layers': 4, 'n_mfcc': 24, 'n_fft': 218, 'hop_length': 330, 'n_mels': 52, 'noise_level': 0.08784541409911596, 'shift': 87, 'lr': 0.0027766299813908103, 'weight_decay': 9.102788486937936e-05}
[2025-03-16 16:47:59] Starting training with hyperparameters: {'d_state': 21, 'd_conv': 6, 'expand': 3, 'batch_size': 30, 'dropout_rate': 0.43078751441189367, 'num_mamba_layers': 4, 'n_mfcc': 27, 'n_fft': 355, 'hop_length': 135, 'n_mels': 50, 'noise_level': 0.12838301537630412, 'shift': 61, 'lr': 0.0012352271576802649, 'weight_decay': 3.0388754050460843e-05}
[2025-03-16 16:49:35] Epoch 0 - Training Loss: 1.6048, Training Accuracy: 42.66%
[2025-03-16 16:49:38] Epoch 0 - Training Loss: 1.4169, Training Accuracy: 49.42%
[2025-03-16 16:49:50] Starting training with hyperparameters: {'d_state': 21, 'd_conv': 4, 'expand': 2, 'batch_size': 31, 'dropout_rate': 0.27578764273802014, 'num_mamba_layers': 4, 'n_mfcc': 29, 'n_fft': 300, 'hop_length': 241, 'n_mels': 45, 'noise_level': 0.09523438082514549, 'shift': 70, 'lr': 0.00045367499594171364, 'weight_decay': 3.771537067171944e-05}
[2025-03-16 16:49:51] Epoch 0 - Validation Loss: 0.8745, Validation Accuracy: 70.89%
[2025-03-16 16:49:54] Epoch 0 - Validation Loss: 0.7617, Validation Accuracy: 73.67%
[2025-03-16 16:50:16] Epoch 0 - Training Loss: 1.3480, Training Accuracy: 52.70%
[2025-03-16 16:50:17] Epoch 0 - Test Accuracy: 68.09%
[2025-03-16 16:50:39] Epoch 0 - Validation Loss: 0.7699, Validation Accuracy: 73.83%
[2025-03-16 16:50:40] Epoch 0 - Test Accuracy: 71.82%
[2025-03-16 16:51:22] Epoch 0 - Test Accuracy: 71.80%
[2025-03-16 16:51:54] Epoch 1 - Training Loss: 1.0296, Training Accuracy: 64.44%
[2025-03-16 16:52:04] Epoch 0 - Training Loss: 1.5268, Training Accuracy: 45.56%
[2025-03-16 16:52:24] Epoch 1 - Validation Loss: 0.6980, Validation Accuracy: 76.15%
[2025-03-16 16:52:32] Epoch 0 - Validation Loss: 0.9346, Validation Accuracy: 67.94%
[2025-03-16 16:53:04] Epoch 1 - Test Accuracy: 72.93%
[2025-03-16 16:53:11] Epoch 0 - Test Accuracy: 65.81%
[2025-03-16 16:53:17] Epoch 1 - Training Loss: 0.8331, Training Accuracy: 71.41%
[2025-03-16 16:53:36] Epoch 1 - Validation Loss: 0.6328, Validation Accuracy: 78.48%
[2025-03-16 16:54:17] Epoch 1 - Test Accuracy: 74.35%
[2025-03-16 16:54:18] Epoch 1 - Training Loss: 0.8347, Training Accuracy: 71.52%
[2025-03-16 16:54:44] Epoch 1 - Validation Loss: 0.5932, Validation Accuracy: 79.61%
[2025-03-16 16:54:56] Epoch 1 - Training Loss: 0.9234, Training Accuracy: 67.85%
[2025-03-16 16:55:06] Epoch 2 - Training Loss: 0.8865, Training Accuracy: 69.34%
[2025-03-16 16:55:21] Epoch 1 - Validation Loss: 0.6896, Validation Accuracy: 77.21%
[2025-03-16 16:55:22] Epoch 2 - Validation Loss: 0.6281, Validation Accuracy: 78.61%
[2025-03-16 16:55:37] Epoch 1 - Test Accuracy: 78.72%
[2025-03-16 16:55:55] Epoch 1 - Test Accuracy: 75.85%
[2025-03-16 16:56:04] Epoch 2 - Test Accuracy: 76.73%
[2025-03-16 16:56:42] Epoch 2 - Training Loss: 0.6468, Training Accuracy: 78.31%
[2025-03-16 16:57:08] Epoch 2 - Validation Loss: 0.4391, Validation Accuracy: 85.36%
[2025-03-16 16:57:57] Epoch 2 - Test Accuracy: 83.68%
[2025-03-16 16:58:13] Epoch 2 - Training Loss: 0.7638, Training Accuracy: 73.90%
[2025-03-16 16:58:24] Epoch 3 - Training Loss: 0.8052, Training Accuracy: 72.90%
[2025-03-16 16:58:25] Epoch 2 - Training Loss: 0.7074, Training Accuracy: 76.08%
[2025-03-16 16:58:39] Epoch 2 - Validation Loss: 0.5950, Validation Accuracy: 79.77%
[2025-03-16 16:58:45] Epoch 3 - Validation Loss: 0.5312, Validation Accuracy: 82.28%
[2025-03-16 16:58:49] Epoch 2 - Validation Loss: 0.5123, Validation Accuracy: 82.31%
[2025-03-16 16:59:10] Epoch 2 - Test Accuracy: 77.81%
[2025-03-16 16:59:10] Epoch 3 - Test Accuracy: 80.54%
[2025-03-16 16:59:39] Epoch 2 - Test Accuracy: 78.74%
[2025-03-16 17:00:36] Epoch 3 - Training Loss: 0.5541, Training Accuracy: 81.59%
[2025-03-16 17:00:52] Epoch 3 - Validation Loss: 0.4247, Validation Accuracy: 85.12%
[2025-03-16 17:01:19] Epoch 3 - Test Accuracy: 82.84%
[2025-03-16 17:01:39] Epoch 3 - Training Loss: 0.6719, Training Accuracy: 77.03%
[2025-03-16 17:01:39] Epoch 4 - Training Loss: 0.7299, Training Accuracy: 75.15%
[2025-03-16 17:01:59] Epoch 3 - Validation Loss: 0.5263, Validation Accuracy: 82.23%
[2025-03-16 17:02:00] Epoch 4 - Validation Loss: 0.5043, Validation Accuracy: 82.96%
[2025-03-16 17:02:33] Epoch 3 - Training Loss: 0.6322, Training Accuracy: 78.82%
[2025-03-16 17:02:33] Epoch 3 - Test Accuracy: 80.09%
[2025-03-16 17:02:39] Epoch 4 - Test Accuracy: 80.39%
[2025-03-16 17:03:02] Epoch 3 - Validation Loss: 0.4524, Validation Accuracy: 84.85%
[2025-03-16 17:03:16] Epoch 4 - Training Loss: 0.4924, Training Accuracy: 83.59%
[2025-03-16 17:03:33] Epoch 4 - Validation Loss: 0.3705, Validation Accuracy: 87.79%
[2025-03-16 17:03:44] Epoch 3 - Test Accuracy: 82.18%
[2025-03-16 17:04:19] Epoch 4 - Test Accuracy: 85.84%
[2025-03-16 17:04:34] Epoch 5 - Training Loss: 0.6918, Training Accuracy: 76.59%
[2025-03-16 17:04:36] Epoch 4 - Training Loss: 0.6214, Training Accuracy: 78.81%
[2025-03-16 17:04:54] Epoch 4 - Validation Loss: 0.4912, Validation Accuracy: 83.99%
[2025-03-16 17:04:55] Epoch 5 - Validation Loss: 0.4905, Validation Accuracy: 83.63%
[2025-03-16 17:05:32] Epoch 4 - Test Accuracy: 80.56%
[2025-03-16 17:05:33] Epoch 5 - Test Accuracy: 80.90%
[2025-03-16 17:06:28] Epoch 5 - Training Loss: 0.4572, Training Accuracy: 84.65%
[2025-03-16 17:06:29] Epoch 4 - Training Loss: 0.5796, Training Accuracy: 80.49%
[2025-03-16 17:06:50] Epoch 5 - Validation Loss: 0.3243, Validation Accuracy: 89.63%
[2025-03-16 17:06:54] Epoch 4 - Validation Loss: 0.4123, Validation Accuracy: 86.07%
[2025-03-16 17:07:23] Epoch 5 - Test Accuracy: 86.62%
[2025-03-16 17:07:44] Epoch 6 - Training Loss: 0.6487, Training Accuracy: 78.07%
[2025-03-16 17:07:45] Epoch 4 - Test Accuracy: 83.58%
[2025-03-16 17:07:53] Epoch 5 - Training Loss: 0.5761, Training Accuracy: 80.31%
[2025-03-16 17:08:07] Epoch 6 - Validation Loss: 0.4272, Validation Accuracy: 85.66%
[2025-03-16 17:08:09] Epoch 5 - Validation Loss: 0.4431, Validation Accuracy: 85.42%
[2025-03-16 17:08:40] Epoch 5 - Test Accuracy: 82.62%
[2025-03-16 17:08:41] Epoch 6 - Test Accuracy: 83.82%
[2025-03-16 17:09:24] Epoch 6 - Training Loss: 0.4322, Training Accuracy: 85.46%
[2025-03-16 17:09:45] Epoch 6 - Validation Loss: 0.3237, Validation Accuracy: 88.82%
[2025-03-16 17:10:21] Epoch 6 - Test Accuracy: 87.21%
[2025-03-16 17:10:35] Epoch 5 - Training Loss: 0.5461, Training Accuracy: 81.50%
[2025-03-16 17:10:46] Epoch 7 - Training Loss: 0.6244, Training Accuracy: 78.86%
[2025-03-16 17:10:47] Epoch 6 - Training Loss: 0.5483, Training Accuracy: 81.21%
[2025-03-16 17:11:01] Epoch 5 - Validation Loss: 0.3867, Validation Accuracy: 87.20%
[2025-03-16 17:11:03] Epoch 6 - Validation Loss: 0.4587, Validation Accuracy: 84.36%
[2025-03-16 17:11:03] Epoch 7 - Validation Loss: 0.4303, Validation Accuracy: 85.17%
[2025-03-16 17:11:29] Epoch 6 - Test Accuracy: 82.60%
[2025-03-16 17:11:30] Epoch 5 - Test Accuracy: 84.61%
[2025-03-16 17:11:30] Epoch 7 - Test Accuracy: 83.24%
[2025-03-16 17:12:17] Epoch 7 - Training Loss: 0.4085, Training Accuracy: 86.36%
[2025-03-16 17:12:39] Epoch 7 - Validation Loss: 0.2997, Validation Accuracy: 89.87%
[2025-03-16 17:13:10] Epoch 7 - Test Accuracy: 88.00%
[2025-03-16 17:13:58] Epoch 8 - Training Loss: 0.5935, Training Accuracy: 80.12%
[2025-03-16 17:14:12] Epoch 7 - Training Loss: 0.5174, Training Accuracy: 82.61%
[2025-03-16 17:14:25] Epoch 8 - Validation Loss: 0.4076, Validation Accuracy: 86.88%
[2025-03-16 17:14:30] Epoch 7 - Validation Loss: 0.4170, Validation Accuracy: 85.71%
[2025-03-16 17:14:47] Epoch 6 - Training Loss: 0.5127, Training Accuracy: 82.72%
[2025-03-16 17:15:04] Epoch 8 - Test Accuracy: 84.17%
[2025-03-16 17:15:07] Epoch 6 - Validation Loss: 0.3776, Validation Accuracy: 86.42%
[2025-03-16 17:15:09] Epoch 7 - Test Accuracy: 84.09%
[2025-03-16 17:15:10] Epoch 8 - Training Loss: 0.3908, Training Accuracy: 87.00%
[2025-03-16 17:15:32] Epoch 8 - Validation Loss: 0.2890, Validation Accuracy: 90.06%
[2025-03-16 17:16:08] Epoch 6 - Test Accuracy: 85.10%
[2025-03-16 17:16:19] Epoch 8 - Test Accuracy: 89.05%
[2025-03-16 17:17:32] Epoch 9 - Training Loss: 0.5706, Training Accuracy: 80.83%
[2025-03-16 17:17:46] Epoch 8 - Training Loss: 0.4986, Training Accuracy: 82.98%
[2025-03-16 17:17:57] Epoch 9 - Validation Loss: 0.4061, Validation Accuracy: 86.69%
[2025-03-16 17:18:03] Epoch 8 - Validation Loss: 0.4033, Validation Accuracy: 86.01%
[2025-03-16 17:18:32] Epoch 9 - Test Accuracy: 84.66%
[2025-03-16 17:18:33] Epoch 9 - Training Loss: 0.3647, Training Accuracy: 87.79%
[2025-03-16 17:18:44] Epoch 8 - Test Accuracy: 83.90%
[2025-03-16 17:18:58] Epoch 9 - Validation Loss: 0.3011, Validation Accuracy: 89.01%
[2025-03-16 17:19:19] Epoch 7 - Training Loss: 0.4847, Training Accuracy: 83.67%
[2025-03-16 17:19:39] Epoch 9 - Test Accuracy: 87.92%
[2025-03-16 17:19:39] Epoch 7 - Validation Loss: 0.3657, Validation Accuracy: 87.74%
[2025-03-16 17:20:21] Epoch 7 - Test Accuracy: 85.79%
[2025-03-16 17:20:23] Epoch 10 - Training Loss: 0.5537, Training Accuracy: 81.56%
[2025-03-16 17:20:35] Epoch 9 - Training Loss: 0.4785, Training Accuracy: 83.85%
[2025-03-16 17:20:44] Epoch 10 - Validation Loss: 0.3614, Validation Accuracy: 87.96%
[2025-03-16 17:20:53] Epoch 9 - Validation Loss: 0.3863, Validation Accuracy: 86.88%
[2025-03-16 17:21:21] Epoch 10 - Test Accuracy: 85.42%
[2025-03-16 17:21:22] Epoch 9 - Test Accuracy: 84.41%
[2025-03-16 17:21:38] Epoch 10 - Training Loss: 0.3565, Training Accuracy: 87.93%
[2025-03-16 17:21:57] Epoch 10 - Validation Loss: 0.2505, Validation Accuracy: 91.39%
[2025-03-16 17:22:38] Epoch 10 - Test Accuracy: 90.08%
[2025-03-16 17:22:57] Epoch 8 - Training Loss: 0.4653, Training Accuracy: 83.92%
[2025-03-16 17:23:15] Epoch 10 - Training Loss: 0.4610, Training Accuracy: 84.17%
[2025-03-16 17:23:16] Epoch 8 - Validation Loss: 0.3638, Validation Accuracy: 87.55%
[2025-03-16 17:23:27] Epoch 11 - Training Loss: 0.5314, Training Accuracy: 82.09%
[2025-03-16 17:23:35] Epoch 10 - Validation Loss: 0.3584, Validation Accuracy: 87.96%
[2025-03-16 17:23:40] Epoch 11 - Validation Loss: 0.3579, Validation Accuracy: 88.39%
[2025-03-16 17:23:56] Epoch 8 - Test Accuracy: 85.54%
[2025-03-16 17:24:03] Epoch 10 - Test Accuracy: 85.54%
[2025-03-16 17:24:16] Epoch 11 - Test Accuracy: 85.91%
[2025-03-16 17:24:42] Epoch 11 - Training Loss: 0.3446, Training Accuracy: 88.50%
[2025-03-16 17:24:58] Epoch 11 - Validation Loss: 0.2641, Validation Accuracy: 90.66%
[2025-03-16 17:25:32] Epoch 11 - Test Accuracy: 90.28%
[2025-03-16 17:26:11] Epoch 11 - Training Loss: 0.4453, Training Accuracy: 84.80%
[2025-03-16 17:26:23] Epoch 12 - Training Loss: 0.5182, Training Accuracy: 82.64%
[2025-03-16 17:26:31] Epoch 11 - Validation Loss: 0.3511, Validation Accuracy: 89.14%
[2025-03-16 17:26:37] Epoch 12 - Validation Loss: 0.3546, Validation Accuracy: 88.71%
[2025-03-16 17:26:38] Epoch 9 - Training Loss: 0.4438, Training Accuracy: 84.68%
[2025-03-16 17:26:56] Epoch 9 - Validation Loss: 0.3638, Validation Accuracy: 87.77%
[2025-03-16 17:27:00] Epoch 11 - Test Accuracy: 86.06%
[2025-03-16 17:27:12] Epoch 12 - Test Accuracy: 86.06%
[2025-03-16 17:27:29] Epoch 12 - Training Loss: 0.3412, Training Accuracy: 88.54%
[2025-03-16 17:27:43] Epoch 9 - Test Accuracy: 85.49%
[2025-03-16 17:27:44] Epoch 12 - Validation Loss: 0.2545, Validation Accuracy: 91.03%
[2025-03-16 17:28:24] Epoch 12 - Test Accuracy: 90.21%
[2025-03-16 17:28:48] Epoch 12 - Training Loss: 0.4276, Training Accuracy: 85.33%
[2025-03-16 17:29:06] Epoch 12 - Validation Loss: 0.3632, Validation Accuracy: 87.44%
[2025-03-16 17:29:09] Epoch 13 - Training Loss: 0.5026, Training Accuracy: 83.42%
[2025-03-16 17:29:27] Epoch 13 - Validation Loss: 0.3330, Validation Accuracy: 88.58%
[2025-03-16 17:29:37] Epoch 12 - Test Accuracy: 85.42%
[2025-03-16 17:30:07] Epoch 13 - Test Accuracy: 88.02%
[2025-03-16 17:30:17] Epoch 10 - Training Loss: 0.4253, Training Accuracy: 85.57%
[2025-03-16 17:30:18] Epoch 13 - Training Loss: 0.3304, Training Accuracy: 88.98%
[2025-03-16 17:30:40] Epoch 13 - Validation Loss: 0.2634, Validation Accuracy: 90.90%
[2025-03-16 17:30:40] Epoch 10 - Validation Loss: 0.3279, Validation Accuracy: 88.47%
[2025-03-16 17:31:15] Epoch 13 - Training Loss: 0.4212, Training Accuracy: 85.53%
[2025-03-16 17:31:17] Epoch 13 - Test Accuracy: 89.67%
[2025-03-16 17:31:26] Epoch 10 - Test Accuracy: 86.55%
[2025-03-16 17:31:33] Epoch 13 - Validation Loss: 0.3319, Validation Accuracy: 88.82%
[2025-03-16 17:32:00] Epoch 14 - Training Loss: 0.4901, Training Accuracy: 83.43%
[2025-03-16 17:32:11] Epoch 13 - Test Accuracy: 86.72%
[2025-03-16 17:32:22] Epoch 14 - Validation Loss: 0.3222, Validation Accuracy: 89.55%
[2025-03-16 17:32:58] Epoch 14 - Test Accuracy: 86.99%
[2025-03-16 17:33:24] Epoch 14 - Training Loss: 0.3227, Training Accuracy: 89.29%
[2025-03-16 17:33:44] Epoch 14 - Validation Loss: 0.2754, Validation Accuracy: 90.28%
[2025-03-16 17:34:01] Epoch 14 - Training Loss: 0.4099, Training Accuracy: 85.90%
[2025-03-16 17:34:10] Epoch 11 - Training Loss: 0.4084, Training Accuracy: 86.11%
[2025-03-16 17:34:20] Epoch 14 - Validation Loss: 0.3402, Validation Accuracy: 88.66%
[2025-03-16 17:34:25] Epoch 14 - Test Accuracy: 89.13%
[2025-03-16 17:34:26] Epoch 11 - Validation Loss: 0.3097, Validation Accuracy: 89.50%
[2025-03-16 17:34:50] Epoch 14 - Test Accuracy: 85.71%
[2025-03-16 17:34:51] Epoch 15 - Training Loss: 0.4703, Training Accuracy: 84.36%
[2025-03-16 17:35:10] Epoch 11 - Test Accuracy: 86.94%
[2025-03-16 17:35:11] Epoch 15 - Validation Loss: 0.3386, Validation Accuracy: 88.50%
[2025-03-16 17:35:48] Epoch 15 - Test Accuracy: 85.74%
[2025-03-16 17:36:25] Epoch 15 - Training Loss: 0.2674, Training Accuracy: 91.01%
[2025-03-16 17:36:48] Epoch 15 - Validation Loss: 0.2227, Validation Accuracy: 91.95%
[2025-03-16 17:36:50] Epoch 15 - Training Loss: 0.3942, Training Accuracy: 86.54%
[2025-03-16 17:37:09] Epoch 15 - Validation Loss: 0.3441, Validation Accuracy: 88.31%
[2025-03-16 17:37:27] Epoch 15 - Test Accuracy: 91.07%
[2025-03-16 17:37:47] Epoch 15 - Test Accuracy: 85.71%
[2025-03-16 17:37:48] Epoch 16 - Training Loss: 0.4705, Training Accuracy: 84.30%
[2025-03-16 17:37:59] Epoch 12 - Training Loss: 0.4025, Training Accuracy: 86.50%
[2025-03-16 17:38:09] Epoch 16 - Validation Loss: 0.2986, Validation Accuracy: 90.01%
[2025-03-16 17:38:17] Epoch 12 - Validation Loss: 0.3076, Validation Accuracy: 89.36%
[2025-03-16 17:38:38] Epoch 16 - Test Accuracy: 88.54%
[2025-03-16 17:38:58] Epoch 12 - Test Accuracy: 86.99%
[2025-03-16 17:39:28] Epoch 16 - Training Loss: 0.2529, Training Accuracy: 91.42%
[2025-03-16 17:39:42] Epoch 16 - Training Loss: 0.3910, Training Accuracy: 86.64%
[2025-03-16 17:39:50] Epoch 16 - Validation Loss: 0.2134, Validation Accuracy: 92.09%
[2025-03-16 17:39:56] Epoch 16 - Validation Loss: 0.3237, Validation Accuracy: 89.09%
[2025-03-16 17:40:28] Epoch 16 - Test Accuracy: 91.31%
[2025-03-16 17:40:29] Epoch 16 - Test Accuracy: 87.04%
[2025-03-16 17:40:29] Epoch 17 - Training Loss: 0.4492, Training Accuracy: 84.87%
[2025-03-16 17:40:51] Epoch 17 - Validation Loss: 0.3042, Validation Accuracy: 89.98%
[2025-03-16 17:41:21] Epoch 17 - Test Accuracy: 88.34%
[2025-03-16 17:41:29] Epoch 13 - Training Loss: 0.3763, Training Accuracy: 87.32%
[2025-03-16 17:41:53] Epoch 13 - Validation Loss: 0.2912, Validation Accuracy: 90.31%
[2025-03-16 17:42:21] Epoch 17 - Training Loss: 0.3782, Training Accuracy: 87.07%
[2025-03-16 17:42:32] Epoch 17 - Training Loss: 0.2455, Training Accuracy: 91.57%
[2025-03-16 17:42:38] Epoch 13 - Test Accuracy: 88.46%
[2025-03-16 17:42:38] Epoch 17 - Validation Loss: 0.3409, Validation Accuracy: 88.25%
[2025-03-16 17:42:51] Epoch 17 - Validation Loss: 0.2122, Validation Accuracy: 92.25%
[2025-03-16 17:43:08] Epoch 18 - Training Loss: 0.4376, Training Accuracy: 85.32%
[2025-03-16 17:43:15] Epoch 17 - Test Accuracy: 86.18%
[2025-03-16 17:43:25] Epoch 18 - Validation Loss: 0.3003, Validation Accuracy: 89.90%
[2025-03-16 17:43:31] Epoch 17 - Test Accuracy: 91.26%
[2025-03-16 17:44:01] Epoch 18 - Test Accuracy: 87.97%
[2025-03-16 17:45:00] Epoch 18 - Training Loss: 0.3646, Training Accuracy: 87.64%
[2025-03-16 17:45:19] Epoch 14 - Training Loss: 0.3608, Training Accuracy: 87.83%
[2025-03-16 17:45:19] Epoch 18 - Validation Loss: 0.3133, Validation Accuracy: 89.20%
[2025-03-16 17:45:37] Epoch 18 - Training Loss: 0.2384, Training Accuracy: 91.79%
[2025-03-16 17:45:42] Epoch 14 - Validation Loss: 0.3112, Validation Accuracy: 89.20%
[2025-03-16 17:45:54] Epoch 18 - Validation Loss: 0.2091, Validation Accuracy: 92.55%
[2025-03-16 17:45:55] Epoch 18 - Test Accuracy: 86.99%
[2025-03-16 17:45:59] Epoch 19 - Training Loss: 0.4312, Training Accuracy: 85.74%
[2025-03-16 17:46:13] Epoch 19 - Validation Loss: 0.3125, Validation Accuracy: 89.71%
[2025-03-16 17:46:18] Epoch 14 - Test Accuracy: 87.65%
[2025-03-16 17:46:30] Epoch 18 - Test Accuracy: 91.48%
[2025-03-16 17:46:48] Epoch 19 - Test Accuracy: 88.00%
[2025-03-16 17:47:42] Epoch 19 - Training Loss: 0.3638, Training Accuracy: 87.47%
[2025-03-16 17:48:00] Epoch 19 - Validation Loss: 0.3319, Validation Accuracy: 88.55%
[2025-03-16 17:48:34] Epoch 19 - Test Accuracy: 86.23%
[2025-03-16 17:48:42] Epoch 19 - Training Loss: 0.2349, Training Accuracy: 92.00%
[2025-03-16 17:48:53] Epoch 20 - Training Loss: 0.4086, Training Accuracy: 86.39%
[2025-03-16 17:49:02] Epoch 19 - Validation Loss: 0.2045, Validation Accuracy: 92.57%
[2025-03-16 17:49:07] Epoch 20 - Validation Loss: 0.2944, Validation Accuracy: 89.85%
[2025-03-16 17:49:08] Epoch 15 - Training Loss: 0.3564, Training Accuracy: 87.92%
[2025-03-16 17:49:25] Epoch 15 - Validation Loss: 0.2710, Validation Accuracy: 90.68%
[2025-03-16 17:49:27] Epoch 19 - Test Accuracy: 91.78%
[2025-03-16 17:49:41] Epoch 20 - Test Accuracy: 87.53%
[2025-03-16 17:50:13] Epoch 15 - Test Accuracy: 88.71%
[2025-03-16 17:50:25] Epoch 20 - Training Loss: 0.3520, Training Accuracy: 87.81%
[2025-03-16 17:50:41] Epoch 20 - Validation Loss: 0.3027, Validation Accuracy: 89.66%
[2025-03-16 17:51:15] Epoch 20 - Test Accuracy: 87.70%
[2025-03-16 17:51:32] Epoch 20 - Training Loss: 0.2280, Training Accuracy: 92.11%
[2025-03-16 17:51:45] Epoch 21 - Training Loss: 0.4059, Training Accuracy: 86.45%
[2025-03-16 17:51:54] Epoch 20 - Validation Loss: 0.2105, Validation Accuracy: 92.33%
[2025-03-16 17:52:00] Epoch 21 - Validation Loss: 0.2757, Validation Accuracy: 90.49%
[2025-03-16 17:52:24] Epoch 20 - Test Accuracy: 91.73%
[2025-03-16 17:52:39] Epoch 21 - Test Accuracy: 88.12%
[2025-03-16 17:53:02] Epoch 21 - Training Loss: 0.3481, Training Accuracy: 87.90%
[2025-03-16 17:53:03] Epoch 16 - Training Loss: 0.3394, Training Accuracy: 88.51%
[2025-03-16 17:53:22] Epoch 21 - Validation Loss: 0.3020, Validation Accuracy: 90.17%
[2025-03-16 17:53:25] Epoch 16 - Validation Loss: 0.2659, Validation Accuracy: 90.52%
[2025-03-16 17:53:56] Epoch 21 - Test Accuracy: 87.38%
[2025-03-16 17:54:13] Epoch 16 - Test Accuracy: 89.10%
[2025-03-16 17:54:24] Epoch 21 - Training Loss: 0.2280, Training Accuracy: 92.21%
[2025-03-16 17:54:35] Epoch 22 - Training Loss: 0.3955, Training Accuracy: 86.66%
[2025-03-16 17:54:44] Epoch 21 - Validation Loss: 0.2013, Validation Accuracy: 92.76%
[2025-03-16 17:54:49] Epoch 22 - Validation Loss: 0.3074, Validation Accuracy: 90.12%
[2025-03-16 17:55:18] Epoch 21 - Test Accuracy: 92.07%
[2025-03-16 17:55:19] Epoch 22 - Test Accuracy: 87.46%
[2025-03-16 17:55:42] Epoch 22 - Training Loss: 0.3365, Training Accuracy: 88.42%
[2025-03-16 17:56:01] Epoch 22 - Validation Loss: 0.2924, Validation Accuracy: 89.74%
[2025-03-16 17:56:33] Epoch 22 - Test Accuracy: 88.95%
[2025-03-16 17:56:52] Epoch 17 - Training Loss: 0.3310, Training Accuracy: 88.63%
[2025-03-16 17:57:15] Epoch 17 - Validation Loss: 0.2583, Validation Accuracy: 91.06%
[2025-03-16 17:57:17] Epoch 23 - Training Loss: 0.3896, Training Accuracy: 87.09%
[2025-03-16 17:57:26] Epoch 22 - Training Loss: 0.2229, Training Accuracy: 92.08%
[2025-03-16 17:57:28] Epoch 23 - Validation Loss: 0.2590, Validation Accuracy: 90.85%
[2025-03-16 17:57:44] Epoch 22 - Validation Loss: 0.2003, Validation Accuracy: 92.82%
[2025-03-16 17:57:54] Epoch 17 - Test Accuracy: 89.27%
[2025-03-16 17:57:54] Epoch 23 - Test Accuracy: 88.98%
[2025-03-16 17:58:20] Epoch 22 - Test Accuracy: 91.97%
[2025-03-16 17:58:21] Epoch 23 - Training Loss: 0.3286, Training Accuracy: 88.54%
[2025-03-16 17:58:39] Epoch 23 - Validation Loss: 0.2953, Validation Accuracy: 90.28%
[2025-03-16 17:59:15] Epoch 23 - Test Accuracy: 88.98%
[2025-03-16 17:59:45] Epoch 24 - Training Loss: 0.3768, Training Accuracy: 87.44%
[2025-03-16 18:00:05] Epoch 24 - Validation Loss: 0.2487, Validation Accuracy: 91.47%
[2025-03-16 18:00:22] Epoch 23 - Training Loss: 0.2214, Training Accuracy: 92.37%
[2025-03-16 18:00:31] Epoch 18 - Training Loss: 0.3166, Training Accuracy: 89.19%
[2025-03-16 18:00:39] Epoch 23 - Validation Loss: 0.1962, Validation Accuracy: 92.92%
[2025-03-16 18:00:43] Epoch 24 - Test Accuracy: 89.00%
[2025-03-16 18:00:52] Epoch 18 - Validation Loss: 0.2706, Validation Accuracy: 90.41%
[2025-03-16 18:01:07] Epoch 24 - Training Loss: 0.3279, Training Accuracy: 88.63%
[2025-03-16 18:01:14] Epoch 23 - Test Accuracy: 92.00%
[2025-03-16 18:01:24] Epoch 24 - Validation Loss: 0.2923, Validation Accuracy: 90.31%
[2025-03-16 18:01:31] Epoch 18 - Test Accuracy: 88.34%
[2025-03-16 18:01:57] Epoch 24 - Test Accuracy: 88.32%
[2025-03-16 18:02:37] Epoch 25 - Training Loss: 0.3866, Training Accuracy: 87.17%
[2025-03-16 18:02:56] Epoch 25 - Validation Loss: 0.2719, Validation Accuracy: 90.85%
[2025-03-16 18:03:14] Epoch 24 - Training Loss: 0.2217, Training Accuracy: 92.41%
[2025-03-16 18:03:31] Epoch 24 - Validation Loss: 0.1984, Validation Accuracy: 92.74%
[2025-03-16 18:03:35] Epoch 25 - Test Accuracy: 88.24%
[2025-03-16 18:03:37] Epoch 25 - Training Loss: 0.3220, Training Accuracy: 88.94%
[2025-03-16 18:03:55] Epoch 25 - Validation Loss: 0.2896, Validation Accuracy: 89.93%
[2025-03-16 18:04:04] Epoch 24 - Test Accuracy: 92.12%
[2025-03-16 18:04:05] Epoch 19 - Training Loss: 0.3129, Training Accuracy: 89.35%
[2025-03-16 18:04:34] Epoch 19 - Validation Loss: 0.2563, Validation Accuracy: 91.47%
[2025-03-16 18:04:37] Epoch 25 - Test Accuracy: 88.07%
[2025-03-16 18:05:19] Epoch 19 - Test Accuracy: 89.57%
[2025-03-16 18:05:31] Epoch 26 - Training Loss: 0.3586, Training Accuracy: 87.91%
[2025-03-16 18:05:53] Epoch 26 - Validation Loss: 0.2445, Validation Accuracy: 91.55%
[2025-03-16 18:06:12] Epoch 25 - Training Loss: 0.2124, Training Accuracy: 92.65%
[2025-03-16 18:06:28] Epoch 25 - Validation Loss: 0.2012, Validation Accuracy: 92.76%
[2025-03-16 18:06:29] Epoch 26 - Test Accuracy: 89.52%
[2025-03-16 18:06:31] Epoch 26 - Training Loss: 0.3153, Training Accuracy: 89.10%
[2025-03-16 18:06:52] Epoch 26 - Validation Loss: 0.2980, Validation Accuracy: 89.36%
[2025-03-16 18:07:04] Epoch 25 - Test Accuracy: 92.10%
[2025-03-16 18:07:38] Epoch 26 - Test Accuracy: 88.29%
[2025-03-16 18:08:23] Epoch 20 - Training Loss: 0.3010, Training Accuracy: 89.85%
[2025-03-16 18:08:49] Epoch 20 - Validation Loss: 0.2544, Validation Accuracy: 90.85%
[2025-03-16 18:08:51] Epoch 27 - Training Loss: 0.3495, Training Accuracy: 88.29%
[2025-03-16 18:09:09] Epoch 26 - Training Loss: 0.2141, Training Accuracy: 92.62%
[2025-03-16 18:09:10] Epoch 27 - Validation Loss: 0.2552, Validation Accuracy: 91.44%
[2025-03-16 18:09:21] Epoch 26 - Validation Loss: 0.1964, Validation Accuracy: 92.87%
[2025-03-16 18:09:39] Epoch 27 - Test Accuracy: 88.86%
[2025-03-16 18:09:40] Epoch 20 - Test Accuracy: 89.84%
[2025-03-16 18:09:50] Epoch 26 - Test Accuracy: 92.22%
[2025-03-16 18:09:59] Epoch 27 - Training Loss: 0.3090, Training Accuracy: 89.29%
[2025-03-16 18:10:21] Epoch 27 - Validation Loss: 0.2795, Validation Accuracy: 90.25%
[2025-03-16 18:11:04] Epoch 27 - Test Accuracy: 88.19%
[2025-03-16 18:12:20] Epoch 28 - Training Loss: 0.3656, Training Accuracy: 87.63%
[2025-03-16 18:12:21] Epoch 27 - Training Loss: 0.2110, Training Accuracy: 92.74%
[2025-03-16 18:12:50] Epoch 28 - Validation Loss: 0.2500, Validation Accuracy: 91.60%
[2025-03-16 18:12:52] Epoch 27 - Validation Loss: 0.1954, Validation Accuracy: 93.09%
[2025-03-16 18:13:10] Epoch 21 - Training Loss: 0.2971, Training Accuracy: 89.92%
[2025-03-16 18:13:28] Epoch 28 - Test Accuracy: 89.45%
[2025-03-16 18:13:35] Epoch 21 - Validation Loss: 0.2366, Validation Accuracy: 91.49%
[2025-03-16 18:13:39] Epoch 27 - Test Accuracy: 92.42%
[2025-03-16 18:13:44] Epoch 28 - Training Loss: 0.3042, Training Accuracy: 89.50%
[2025-03-16 18:14:02] Epoch 28 - Validation Loss: 0.2675, Validation Accuracy: 91.09%
[2025-03-16 18:14:19] Epoch 21 - Test Accuracy: 90.89%
[2025-03-16 18:14:36] Epoch 28 - Test Accuracy: 88.95%
[2025-03-16 18:15:14] Epoch 29 - Training Loss: 0.3377, Training Accuracy: 88.75%
[2025-03-16 18:15:37] Epoch 29 - Validation Loss: 0.2303, Validation Accuracy: 92.28%
[2025-03-16 18:15:53] Epoch 28 - Training Loss: 0.2112, Training Accuracy: 92.63%
[2025-03-16 18:16:12] Epoch 28 - Validation Loss: 0.2029, Validation Accuracy: 92.90%
[2025-03-16 18:16:15] Epoch 29 - Training Loss: 0.3010, Training Accuracy: 89.54%
[2025-03-16 18:16:15] Epoch 29 - Test Accuracy: 90.06%
[2025-03-16 18:16:32] Epoch 29 - Validation Loss: 0.2695, Validation Accuracy: 90.68%
[2025-03-16 18:16:43] Epoch 28 - Test Accuracy: 92.07%
[2025-03-16 18:16:43] Stopping training at epoch 29 due to early stopping
[2025-03-16 18:16:43] Final Training Accuracy: 92.63%
[2025-03-16 18:16:43] Final Test Accuracy: 92.07%
[2025-03-16 18:16:43] Final Validation Accuracy: 92.90%, Model size: 146010
[2025-03-16 18:16:43] Saved model checkpoint to best_model_trial_94.pt
[2025-03-16 18:16:52] Epoch 29 - Test Accuracy: 88.73%
[2025-03-16 18:17:23] Epoch 22 - Training Loss: 0.2900, Training Accuracy: 90.05%
[2025-03-16 18:17:45] Epoch 22 - Validation Loss: 0.2626, Validation Accuracy: 90.76%
[2025-03-16 18:18:08] Epoch 30 - Training Loss: 0.3362, Training Accuracy: 88.57%
[2025-03-16 18:18:10] Epoch 30 - Training Loss: 0.2979, Training Accuracy: 89.72%
[2025-03-16 18:18:23] Epoch 22 - Test Accuracy: 88.41%
[2025-03-16 18:18:23] Epoch 30 - Validation Loss: 0.2619, Validation Accuracy: 91.06%
[2025-03-16 18:18:24] Epoch 30 - Validation Loss: 0.2258, Validation Accuracy: 92.47%
[2025-03-16 18:18:31] Starting training with hyperparameters: {'d_state': 9, 'd_conv': 8, 'expand': 3, 'batch_size': 30, 'dropout_rate': 0.32085555838599816, 'num_mamba_layers': 4, 'n_mfcc': 30, 'n_fft': 357, 'hop_length': 181, 'n_mels': 37, 'noise_level': 0.12684941764351504, 'shift': 87, 'lr': 0.0011539546493432504, 'weight_decay': 2.0988737964260067e-05}
[2025-03-16 18:19:00] Epoch 30 - Test Accuracy: 89.81%
[2025-03-16 18:19:01] Epoch 30 - Test Accuracy: 90.82%
[2025-03-16 18:20:37] Epoch 0 - Training Loss: 1.2118, Training Accuracy: 57.02%
[2025-03-16 18:20:49] Epoch 31 - Training Loss: 0.2940, Training Accuracy: 89.85%
[2025-03-16 18:21:06] Epoch 0 - Validation Loss: 0.6561, Validation Accuracy: 77.77%
[2025-03-16 18:21:11] Epoch 31 - Validation Loss: 0.2585, Validation Accuracy: 91.47%
[2025-03-16 18:21:16] Epoch 31 - Training Loss: 0.3278, Training Accuracy: 88.90%
[2025-03-16 18:21:23] Epoch 23 - Training Loss: 0.2789, Training Accuracy: 90.38%
[2025-03-16 18:21:35] Epoch 31 - Validation Loss: 0.2268, Validation Accuracy: 92.20%
[2025-03-16 18:21:39] Epoch 0 - Test Accuracy: 75.41%
[2025-03-16 18:21:39] Epoch 23 - Validation Loss: 0.2324, Validation Accuracy: 92.01%
[2025-03-16 18:21:40] Epoch 31 - Test Accuracy: 89.27%
[2025-03-16 18:22:14] Epoch 31 - Test Accuracy: 90.40%
[2025-03-16 18:22:18] Epoch 23 - Test Accuracy: 90.50%
[2025-03-16 18:24:19] Epoch 32 - Training Loss: 0.2845, Training Accuracy: 90.11%
[2025-03-16 18:24:22] Epoch 1 - Training Loss: 0.7194, Training Accuracy: 75.36%
[2025-03-16 18:24:39] Epoch 1 - Validation Loss: 0.5135, Validation Accuracy: 82.01%
[2025-03-16 18:24:39] Epoch 32 - Validation Loss: 0.2637, Validation Accuracy: 90.60%
[2025-03-16 18:24:51] Epoch 32 - Training Loss: 0.3208, Training Accuracy: 89.26%
[2025-03-16 18:25:08] Epoch 32 - Validation Loss: 0.2377, Validation Accuracy: 92.01%
[2025-03-16 18:25:13] Epoch 24 - Training Loss: 0.2804, Training Accuracy: 90.44%
[2025-03-16 18:25:17] Epoch 1 - Test Accuracy: 80.56%
[2025-03-16 18:25:18] Epoch 32 - Test Accuracy: 89.84%
[2025-03-16 18:25:42] Epoch 24 - Validation Loss: 0.2300, Validation Accuracy: 91.84%
[2025-03-16 18:25:47] Epoch 32 - Test Accuracy: 90.06%
[2025-03-16 18:26:37] Epoch 24 - Test Accuracy: 90.97%
[2025-03-16 18:27:45] Epoch 33 - Training Loss: 0.2814, Training Accuracy: 90.30%
[2025-03-16 18:28:05] Epoch 2 - Training Loss: 0.6007, Training Accuracy: 79.63%
[2025-03-16 18:28:06] Epoch 33 - Validation Loss: 0.2632, Validation Accuracy: 90.87%
[2025-03-16 18:28:13] Epoch 33 - Training Loss: 0.3105, Training Accuracy: 89.71%
[2025-03-16 18:28:26] Epoch 2 - Validation Loss: 0.4526, Validation Accuracy: 84.23%
[2025-03-16 18:28:30] Epoch 33 - Validation Loss: 0.2354, Validation Accuracy: 92.11%
[2025-03-16 18:28:30] Epoch 33 - Test Accuracy: 89.69%
[2025-03-16 18:29:00] Epoch 2 - Test Accuracy: 81.54%
[2025-03-16 18:29:01] Epoch 33 - Test Accuracy: 89.96%
[2025-03-16 18:29:55] Epoch 25 - Training Loss: 0.2654, Training Accuracy: 90.87%
[2025-03-16 18:30:06] Epoch 34 - Training Loss: 0.2787, Training Accuracy: 90.36%
[2025-03-16 18:30:27] Epoch 25 - Validation Loss: 0.2260, Validation Accuracy: 92.09%
[2025-03-16 18:30:29] Epoch 34 - Validation Loss: 0.2681, Validation Accuracy: 90.60%
[2025-03-16 18:31:00] Epoch 25 - Test Accuracy: 90.92%
[2025-03-16 18:31:03] Epoch 34 - Test Accuracy: 89.49%
[2025-03-16 18:31:33] Epoch 34 - Training Loss: 0.3111, Training Accuracy: 89.29%
[2025-03-16 18:32:18] Error: Caught RuntimeError in DataLoader worker process 3.
Original Traceback (most recent call last):
  File "/usr/local/lib/python3.10/dist-packages/torch/utils/data/_utils/worker.py", line 351, in _worker_loop
    data = fetcher.fetch(index)  # type: ignore[possibly-undefined]
  File "/usr/local/lib/python3.10/dist-packages/torch/utils/data/_utils/fetch.py", line 55, in fetch
    return self.collate_fn(data)
  File "/usr/local/lib/python3.10/dist-packages/torch/utils/data/_utils/collate.py", line 398, in default_collate
    return collate(batch, collate_fn_map=default_collate_fn_map)
  File "/usr/local/lib/python3.10/dist-packages/torch/utils/data/_utils/collate.py", line 211, in collate
    return [
  File "/usr/local/lib/python3.10/dist-packages/torch/utils/data/_utils/collate.py", line 212, in <listcomp>
    collate(samples, collate_fn_map=collate_fn_map)
  File "/usr/local/lib/python3.10/dist-packages/torch/utils/data/_utils/collate.py", line 155, in collate
    return collate_fn_map[elem_type](batch, collate_fn_map=collate_fn_map)
  File "/usr/local/lib/python3.10/dist-packages/torch/utils/data/_utils/collate.py", line 270, in collate_tensor_fn
    storage = elem._typed_storage()._new_shared(numel, device=elem.device)
  File "/usr/local/lib/python3.10/dist-packages/torch/storage.py", line 1180, in _new_shared
    untyped_storage = torch.UntypedStorage._new_shared(
  File "/usr/local/lib/python3.10/dist-packages/torch/storage.py", line 402, in _new_shared
    return cls._new_using_fd_cpu(size)
RuntimeError: unable to write to file </torch_2128957_3904538503_38>: No space left on device (28)

[2025-03-16 18:33:37] Starting training with hyperparameters: {'d_state': 18, 'd_conv': 3, 'expand': 2, 'batch_size': 30, 'dropout_rate': 0.47429372756587046, 'num_mamba_layers': 4, 'n_mfcc': 30, 'n_fft': 235, 'hop_length': 165, 'n_mels': 48, 'noise_level': 0.17170881993020395, 'shift': 86, 'lr': 0.0003775825933053584, 'weight_decay': 2.5728101846716605e-05}
[2025-03-16 18:33:40] Starting training with hyperparameters: {'d_state': 28, 'd_conv': 4, 'expand': 2, 'batch_size': 31, 'dropout_rate': 0.16444645154219656, 'num_mamba_layers': 4, 'n_mfcc': 27, 'n_fft': 404, 'hop_length': 148, 'n_mels': 40, 'noise_level': 0.13314847910741015, 'shift': 90, 'lr': 0.003054028164272437, 'weight_decay': 4.6519990486156404e-05}
[2025-03-16 18:33:48] Starting training with hyperparameters: {'d_state': 25, 'd_conv': 6, 'expand': 2, 'batch_size': 28, 'dropout_rate': 0.41350098329303864, 'num_mamba_layers': 4, 'n_mfcc': 28, 'n_fft': 261, 'hop_length': 110, 'n_mels': 39, 'noise_level': 0.19089560091245916, 'shift': 86, 'lr': 0.00021624446455389802, 'weight_decay': 4.872254328495682e-05}
[2025-03-16 18:34:41] Starting training with hyperparameters: {'d_state': 19, 'd_conv': 5, 'expand': 2, 'batch_size': 19, 'dropout_rate': 0.4562749972918306, 'num_mamba_layers': 3, 'n_mfcc': 28, 'n_fft': 350, 'hop_length': 236, 'n_mels': 45, 'noise_level': 0.139217778346002, 'shift': 85, 'lr': 0.0005383142782236268, 'weight_decay': 9.124618356524631e-05}
[2025-03-16 18:35:20] Epoch 0 - Training Loss: 1.6505, Training Accuracy: 40.64%
[2025-03-16 18:35:26] Epoch 0 - Validation Loss: 0.9118, Validation Accuracy: 69.13%
[2025-03-16 18:35:37] Epoch 0 - Test Accuracy: 66.08%
[2025-03-16 18:36:09] Epoch 1 - Training Loss: 0.9985, Training Accuracy: 65.26%
[2025-03-16 18:36:15] Epoch 1 - Validation Loss: 0.6963, Validation Accuracy: 77.45%
[2025-03-16 18:36:26] Epoch 1 - Test Accuracy: 75.48%
[2025-03-16 18:37:02] Epoch 2 - Training Loss: 0.8329, Training Accuracy: 71.59%
[2025-03-16 18:37:08] Epoch 2 - Validation Loss: 0.6064, Validation Accuracy: 80.23%
[2025-03-16 18:37:18] Epoch 2 - Test Accuracy: 77.84%
[2025-03-16 18:37:50] Epoch 3 - Training Loss: 0.7426, Training Accuracy: 74.79%
[2025-03-16 18:37:55] Epoch 3 - Validation Loss: 0.5246, Validation Accuracy: 82.07%
[2025-03-16 18:38:07] Epoch 3 - Test Accuracy: 81.20%
[2025-03-16 18:38:42] Epoch 4 - Training Loss: 0.6779, Training Accuracy: 77.24%
[2025-03-16 18:38:48] Epoch 4 - Validation Loss: 0.5060, Validation Accuracy: 82.66%
[2025-03-16 18:38:59] Epoch 4 - Test Accuracy: 81.64%
[2025-03-16 18:39:30] Epoch 5 - Training Loss: 0.6375, Training Accuracy: 78.45%
[2025-03-16 18:39:36] Epoch 5 - Validation Loss: 0.4695, Validation Accuracy: 84.07%
[2025-03-16 18:39:47] Epoch 5 - Test Accuracy: 83.38%
[2025-03-16 18:40:23] Epoch 6 - Training Loss: 0.5972, Training Accuracy: 79.95%
[2025-03-16 18:40:28] Epoch 6 - Validation Loss: 0.4607, Validation Accuracy: 84.74%
[2025-03-16 18:40:39] Epoch 6 - Test Accuracy: 83.43%
[2025-03-16 18:41:12] Epoch 7 - Training Loss: 0.5738, Training Accuracy: 80.46%
[2025-03-16 18:41:18] Epoch 7 - Validation Loss: 0.4015, Validation Accuracy: 86.96%
[2025-03-16 18:41:28] Epoch 7 - Test Accuracy: 84.41%
[2025-03-16 18:42:00] Epoch 8 - Training Loss: 0.5488, Training Accuracy: 81.56%
[2025-03-16 18:42:06] Epoch 8 - Validation Loss: 0.3968, Validation Accuracy: 86.42%
[2025-03-16 18:42:16] Epoch 8 - Test Accuracy: 84.46%
[2025-03-16 18:42:47] Epoch 9 - Training Loss: 0.5274, Training Accuracy: 82.30%
[2025-03-16 18:42:53] Epoch 9 - Validation Loss: 0.3795, Validation Accuracy: 87.09%
[2025-03-16 18:43:03] Epoch 9 - Test Accuracy: 85.59%
[2025-03-16 18:43:34] Epoch 10 - Training Loss: 0.5066, Training Accuracy: 82.75%
[2025-03-16 18:43:41] Epoch 10 - Validation Loss: 0.3760, Validation Accuracy: 87.47%
[2025-03-16 18:43:52] Epoch 10 - Test Accuracy: 85.10%
[2025-03-16 18:44:22] Epoch 11 - Training Loss: 0.4824, Training Accuracy: 83.56%
[2025-03-16 18:44:28] Epoch 11 - Validation Loss: 0.3505, Validation Accuracy: 87.98%
[2025-03-16 18:44:39] Epoch 11 - Test Accuracy: 86.28%
[2025-03-16 18:45:09] Epoch 12 - Training Loss: 0.4659, Training Accuracy: 84.10%
[2025-03-16 18:45:15] Epoch 12 - Validation Loss: 0.3590, Validation Accuracy: 87.93%
[2025-03-16 18:45:26] Epoch 12 - Test Accuracy: 86.57%
[2025-03-16 18:45:56] Epoch 13 - Training Loss: 0.4590, Training Accuracy: 84.37%
[2025-03-16 18:46:03] Epoch 13 - Validation Loss: 0.3484, Validation Accuracy: 88.47%
[2025-03-16 18:46:13] Epoch 13 - Test Accuracy: 85.62%
[2025-03-16 18:46:44] Epoch 14 - Training Loss: 0.4369, Training Accuracy: 85.34%
[2025-03-16 18:46:50] Epoch 14 - Validation Loss: 0.3207, Validation Accuracy: 88.95%
[2025-03-16 18:47:00] Epoch 14 - Test Accuracy: 87.02%
[2025-03-16 18:47:31] Epoch 15 - Training Loss: 0.4337, Training Accuracy: 85.49%
[2025-03-16 18:47:37] Epoch 15 - Validation Loss: 0.3215, Validation Accuracy: 89.39%
[2025-03-16 18:47:48] Epoch 15 - Test Accuracy: 87.29%
[2025-03-16 18:48:18] Epoch 16 - Training Loss: 0.4230, Training Accuracy: 85.73%
[2025-03-16 18:48:24] Epoch 16 - Validation Loss: 0.3143, Validation Accuracy: 88.95%
[2025-03-16 18:48:36] Epoch 16 - Test Accuracy: 87.48%
[2025-03-16 18:49:10] Epoch 17 - Training Loss: 0.4087, Training Accuracy: 86.29%
[2025-03-16 18:49:17] Epoch 17 - Validation Loss: 0.2929, Validation Accuracy: 89.50%
[2025-03-16 18:49:28] Epoch 17 - Test Accuracy: 87.48%
[2025-03-16 18:49:58] Epoch 18 - Training Loss: 0.4004, Training Accuracy: 86.55%
[2025-03-16 18:50:04] Epoch 18 - Validation Loss: 0.2844, Validation Accuracy: 90.20%
[2025-03-16 18:50:16] Epoch 18 - Test Accuracy: 87.70%
[2025-03-16 18:50:50] Epoch 19 - Training Loss: 0.3890, Training Accuracy: 86.88%
[2025-03-16 18:50:57] Epoch 19 - Validation Loss: 0.2954, Validation Accuracy: 90.20%
[2025-03-16 18:51:06] Epoch 19 - Test Accuracy: 87.65%
[2025-03-16 18:51:40] Epoch 20 - Training Loss: 0.3774, Training Accuracy: 87.18%
[2025-03-16 18:51:46] Epoch 20 - Validation Loss: 0.2780, Validation Accuracy: 90.71%
[2025-03-16 18:51:58] Epoch 20 - Test Accuracy: 89.18%
[2025-03-16 18:52:29] Epoch 21 - Training Loss: 0.3690, Training Accuracy: 87.52%
[2025-03-16 18:52:35] Epoch 21 - Validation Loss: 0.2871, Validation Accuracy: 89.71%
[2025-03-16 18:52:47] Epoch 21 - Test Accuracy: 87.97%
[2025-03-16 18:53:20] Epoch 22 - Training Loss: 0.3592, Training Accuracy: 87.86%
[2025-03-16 18:53:25] Epoch 22 - Validation Loss: 0.2650, Validation Accuracy: 91.09%
[2025-03-16 18:53:36] Epoch 22 - Test Accuracy: 89.27%
[2025-03-16 18:54:08] Epoch 23 - Training Loss: 0.3566, Training Accuracy: 87.94%
[2025-03-16 18:54:14] Epoch 23 - Validation Loss: 0.2579, Validation Accuracy: 91.33%
[2025-03-16 18:54:25] Epoch 23 - Test Accuracy: 89.54%
[2025-03-16 18:54:55] Epoch 24 - Training Loss: 0.3497, Training Accuracy: 88.23%
[2025-03-16 18:55:01] Epoch 24 - Validation Loss: 0.2636, Validation Accuracy: 91.09%
[2025-03-16 18:55:12] Epoch 24 - Test Accuracy: 89.64%
[2025-03-16 18:55:41] Epoch 25 - Training Loss: 0.3464, Training Accuracy: 88.27%
[2025-03-16 18:55:47] Epoch 25 - Validation Loss: 0.2609, Validation Accuracy: 90.95%
[2025-03-16 18:55:57] Epoch 25 - Test Accuracy: 89.86%
[2025-03-16 18:56:28] Epoch 26 - Training Loss: 0.3329, Training Accuracy: 88.55%
[2025-03-16 18:56:34] Epoch 26 - Validation Loss: 0.2518, Validation Accuracy: 91.49%
[2025-03-16 18:56:44] Epoch 26 - Test Accuracy: 90.43%
[2025-03-16 18:57:14] Epoch 27 - Training Loss: 0.3328, Training Accuracy: 88.72%
[2025-03-16 18:57:20] Epoch 27 - Validation Loss: 0.2483, Validation Accuracy: 91.33%
[2025-03-16 18:57:31] Epoch 27 - Test Accuracy: 89.45%
[2025-03-16 18:58:06] Epoch 28 - Training Loss: 0.3240, Training Accuracy: 88.92%
[2025-03-16 18:58:12] Epoch 28 - Validation Loss: 0.2552, Validation Accuracy: 91.36%
[2025-03-16 18:58:23] Epoch 28 - Test Accuracy: 89.72%
[2025-03-16 18:58:53] Epoch 29 - Training Loss: 0.3267, Training Accuracy: 88.88%
[2025-03-16 18:59:00] Epoch 29 - Validation Loss: 0.2454, Validation Accuracy: 91.49%
[2025-03-16 18:59:10] Epoch 29 - Test Accuracy: 90.45%
[2025-03-16 18:59:44] Epoch 30 - Training Loss: 0.3141, Training Accuracy: 89.43%
[2025-03-16 18:59:51] Epoch 30 - Validation Loss: 0.2584, Validation Accuracy: 91.14%
[2025-03-16 19:00:01] Epoch 30 - Test Accuracy: 89.74%
[2025-03-16 19:00:33] Epoch 31 - Training Loss: 0.3080, Training Accuracy: 89.55%
[2025-03-16 19:00:40] Epoch 31 - Validation Loss: 0.2366, Validation Accuracy: 91.79%
[2025-03-16 19:00:51] Epoch 31 - Test Accuracy: 90.48%
[2025-03-16 19:01:25] Epoch 32 - Training Loss: 0.3092, Training Accuracy: 89.53%
[2025-03-16 19:01:31] Epoch 32 - Validation Loss: 0.2388, Validation Accuracy: 91.87%
[2025-03-16 19:01:42] Epoch 32 - Test Accuracy: 90.43%
[2025-03-16 19:02:15] Epoch 33 - Training Loss: 0.3013, Training Accuracy: 89.66%
[2025-03-16 19:02:21] Epoch 33 - Validation Loss: 0.2339, Validation Accuracy: 91.79%
[2025-03-16 19:02:33] Epoch 33 - Test Accuracy: 89.69%
[2025-03-16 19:03:05] Epoch 34 - Training Loss: 0.2990, Training Accuracy: 89.82%
[2025-03-16 19:03:10] Epoch 34 - Validation Loss: 0.2329, Validation Accuracy: 91.66%
[2025-03-16 19:03:20] Epoch 34 - Test Accuracy: 90.35%
[2025-03-16 19:03:52] Epoch 35 - Training Loss: 0.2922, Training Accuracy: 90.13%
[2025-03-16 19:03:58] Epoch 35 - Validation Loss: 0.2355, Validation Accuracy: 92.06%
[2025-03-16 19:04:09] Epoch 35 - Test Accuracy: 90.80%
[2025-03-16 19:04:40] Epoch 36 - Training Loss: 0.2897, Training Accuracy: 90.09%
[2025-03-16 19:04:47] Epoch 36 - Validation Loss: 0.2366, Validation Accuracy: 92.03%
[2025-03-16 19:04:57] Epoch 36 - Test Accuracy: 90.67%
[2025-03-16 19:05:27] Epoch 37 - Training Loss: 0.2869, Training Accuracy: 90.15%
[2025-03-16 19:05:34] Epoch 37 - Validation Loss: 0.2226, Validation Accuracy: 92.47%
[2025-03-16 19:05:44] Epoch 37 - Test Accuracy: 90.84%
[2025-03-16 19:06:13] Epoch 38 - Training Loss: 0.2873, Training Accuracy: 90.15%
[2025-03-16 19:06:19] Epoch 38 - Validation Loss: 0.2236, Validation Accuracy: 92.52%
[2025-03-16 19:06:29] Epoch 38 - Test Accuracy: 90.87%
[2025-03-16 19:07:00] Epoch 39 - Training Loss: 0.2764, Training Accuracy: 90.38%
[2025-03-16 19:07:06] Epoch 39 - Validation Loss: 0.2249, Validation Accuracy: 92.20%
[2025-03-16 19:07:16] Epoch 39 - Test Accuracy: 90.18%
[2025-03-16 19:07:46] Epoch 40 - Training Loss: 0.2748, Training Accuracy: 90.61%
[2025-03-16 19:07:51] Epoch 40 - Validation Loss: 0.2170, Validation Accuracy: 92.87%
[2025-03-16 19:08:02] Epoch 40 - Test Accuracy: 91.58%
[2025-03-16 19:08:37] Epoch 41 - Training Loss: 0.2788, Training Accuracy: 90.65%
[2025-03-16 19:08:43] Epoch 41 - Validation Loss: 0.2278, Validation Accuracy: 92.28%
[2025-03-16 19:08:53] Epoch 41 - Test Accuracy: 90.70%
[2025-03-16 19:09:22] Epoch 42 - Training Loss: 0.2717, Training Accuracy: 90.65%
[2025-03-16 19:09:28] Epoch 42 - Validation Loss: 0.2200, Validation Accuracy: 92.41%
[2025-03-16 19:09:39] Epoch 42 - Test Accuracy: 91.24%
[2025-03-16 19:10:08] Epoch 43 - Training Loss: 0.2714, Training Accuracy: 90.64%
[2025-03-16 19:10:15] Epoch 43 - Validation Loss: 0.2153, Validation Accuracy: 92.68%
[2025-03-16 19:10:26] Epoch 43 - Test Accuracy: 91.75%
[2025-03-16 19:10:58] Epoch 44 - Training Loss: 0.2659, Training Accuracy: 91.08%
[2025-03-16 19:11:05] Epoch 44 - Validation Loss: 0.2026, Validation Accuracy: 93.17%
[2025-03-16 19:11:15] Epoch 44 - Test Accuracy: 91.92%
[2025-03-16 19:11:48] Epoch 45 - Training Loss: 0.2631, Training Accuracy: 90.87%
[2025-03-16 19:11:53] Epoch 45 - Validation Loss: 0.2114, Validation Accuracy: 92.57%
[2025-03-16 19:12:05] Epoch 45 - Test Accuracy: 91.75%
[2025-03-16 19:12:35] Epoch 46 - Training Loss: 0.2590, Training Accuracy: 91.12%
[2025-03-16 19:12:41] Epoch 46 - Validation Loss: 0.2130, Validation Accuracy: 92.57%
[2025-03-16 19:12:52] Epoch 46 - Test Accuracy: 91.53%
[2025-03-16 19:13:23] Epoch 47 - Training Loss: 0.2598, Training Accuracy: 91.03%
[2025-03-16 19:13:29] Epoch 47 - Validation Loss: 0.2148, Validation Accuracy: 92.52%
[2025-03-16 19:13:40] Epoch 47 - Test Accuracy: 91.51%
[2025-03-16 19:14:10] Epoch 48 - Training Loss: 0.2556, Training Accuracy: 91.27%
[2025-03-16 19:14:16] Epoch 48 - Validation Loss: 0.2052, Validation Accuracy: 92.87%
[2025-03-16 19:14:27] Epoch 48 - Test Accuracy: 91.70%
[2025-03-16 19:14:58] Epoch 49 - Training Loss: 0.2201, Training Accuracy: 92.39%
[2025-03-16 19:15:04] Epoch 49 - Validation Loss: 0.1872, Validation Accuracy: 93.73%
[2025-03-16 19:15:15] Epoch 49 - Test Accuracy: 92.19%
[2025-03-16 19:15:48] Epoch 50 - Training Loss: 0.2063, Training Accuracy: 92.87%
[2025-03-16 19:15:54] Epoch 50 - Validation Loss: 0.1835, Validation Accuracy: 93.68%
[2025-03-16 19:16:04] Epoch 50 - Test Accuracy: 92.39%
[2025-03-16 19:16:35] Epoch 51 - Training Loss: 0.2012, Training Accuracy: 93.07%
[2025-03-16 19:16:41] Epoch 51 - Validation Loss: 0.1790, Validation Accuracy: 93.73%
[2025-03-16 19:16:51] Epoch 51 - Test Accuracy: 92.56%
[2025-03-16 19:17:21] Epoch 52 - Training Loss: 0.2037, Training Accuracy: 93.04%
[2025-03-16 19:17:27] Epoch 52 - Validation Loss: 0.1764, Validation Accuracy: 93.87%
[2025-03-16 19:17:39] Epoch 52 - Test Accuracy: 93.03%
[2025-03-16 19:18:12] Epoch 53 - Training Loss: 0.1979, Training Accuracy: 93.22%
[2025-03-16 19:18:18] Epoch 53 - Validation Loss: 0.1780, Validation Accuracy: 93.63%
[2025-03-16 19:18:29] Epoch 53 - Test Accuracy: 92.93%
[2025-03-16 19:19:01] Epoch 54 - Training Loss: 0.1966, Training Accuracy: 93.05%
[2025-03-16 19:19:08] Epoch 54 - Validation Loss: 0.1788, Validation Accuracy: 93.63%
[2025-03-16 19:19:19] Epoch 54 - Test Accuracy: 92.78%
[2025-03-16 19:19:54] Epoch 55 - Training Loss: 0.1908, Training Accuracy: 93.43%
[2025-03-16 19:20:00] Epoch 55 - Validation Loss: 0.1763, Validation Accuracy: 93.79%
[2025-03-16 19:20:11] Epoch 55 - Test Accuracy: 93.13%
[2025-03-16 19:20:41] Epoch 56 - Training Loss: 0.1944, Training Accuracy: 93.27%
[2025-03-16 19:20:49] Epoch 56 - Validation Loss: 0.1782, Validation Accuracy: 94.17%
[2025-03-16 19:20:59] Epoch 56 - Test Accuracy: 92.59%
[2025-03-16 19:21:33] Epoch 57 - Training Loss: 0.1926, Training Accuracy: 93.46%
[2025-03-16 19:21:39] Epoch 57 - Validation Loss: 0.1777, Validation Accuracy: 93.95%
[2025-03-16 19:21:51] Epoch 57 - Test Accuracy: 92.93%
[2025-03-16 19:21:51] Stopping training at epoch 58 due to early stopping
[2025-03-16 19:21:51] Final Training Accuracy: 93.46%
[2025-03-16 19:21:51] Final Test Accuracy: 92.93%
[2025-03-16 19:21:51] Final Validation Accuracy: 93.95%, Model size: 123589
[2025-03-16 19:21:51] Saved model checkpoint to best_model_trial_100.pt
[2025-03-16 19:21:51] Error: Caught RuntimeError in DataLoader worker process 2.
Original Traceback (most recent call last):
  File "/usr/local/lib/python3.10/dist-packages/torch/utils/data/_utils/worker.py", line 351, in _worker_loop
    data = fetcher.fetch(index)  # type: ignore[possibly-undefined]
  File "/usr/local/lib/python3.10/dist-packages/torch/utils/data/_utils/fetch.py", line 55, in fetch
    return self.collate_fn(data)
  File "/usr/local/lib/python3.10/dist-packages/torch/utils/data/_utils/collate.py", line 398, in default_collate
    return collate(batch, collate_fn_map=default_collate_fn_map)
  File "/usr/local/lib/python3.10/dist-packages/torch/utils/data/_utils/collate.py", line 211, in collate
    return [
  File "/usr/local/lib/python3.10/dist-packages/torch/utils/data/_utils/collate.py", line 212, in <listcomp>
    collate(samples, collate_fn_map=collate_fn_map)
  File "/usr/local/lib/python3.10/dist-packages/torch/utils/data/_utils/collate.py", line 155, in collate
    return collate_fn_map[elem_type](batch, collate_fn_map=collate_fn_map)
  File "/usr/local/lib/python3.10/dist-packages/torch/utils/data/_utils/collate.py", line 270, in collate_tensor_fn
    storage = elem._typed_storage()._new_shared(numel, device=elem.device)
  File "/usr/local/lib/python3.10/dist-packages/torch/storage.py", line 1180, in _new_shared
    untyped_storage = torch.UntypedStorage._new_shared(
  File "/usr/local/lib/python3.10/dist-packages/torch/storage.py", line 402, in _new_shared
    return cls._new_using_fd_cpu(size)
RuntimeError: unable to write to file </torch_2130803_3127453449_10>: No space left on device (28)

[2025-03-16 19:23:29] Starting training with hyperparameters: {'d_state': 23, 'd_conv': 5, 'expand': 2, 'batch_size': 25, 'dropout_rate': 0.1772324946429069, 'num_mamba_layers': 4, 'n_mfcc': 24, 'n_fft': 370, 'hop_length': 38, 'n_mels': 27, 'noise_level': 0.18578408328285992, 'shift': 58, 'lr': 0.0008219402800022925, 'weight_decay': 6.363404169908277e-05}
[2025-03-16 19:23:36] Starting training with hyperparameters: {'d_state': 22, 'd_conv': 4, 'expand': 2, 'batch_size': 31, 'dropout_rate': 0.2065916069616837, 'num_mamba_layers': 4, 'n_mfcc': 27, 'n_fft': 446, 'hop_length': 255, 'n_mels': 42, 'noise_level': 0.17509076814348642, 'shift': 84, 'lr': 0.001611963815658552, 'weight_decay': 5.2747250154031016e-05}
[2025-03-16 19:23:42] Starting training with hyperparameters: {'d_state': 23, 'd_conv': 7, 'expand': 2, 'batch_size': 31, 'dropout_rate': 0.2297158883168551, 'num_mamba_layers': 2, 'n_mfcc': 28, 'n_fft': 311, 'hop_length': 316, 'n_mels': 23, 'noise_level': 0.19861257503421054, 'shift': 76, 'lr': 0.0021410293243439424, 'weight_decay': 4.684470536870038e-05}
[2025-03-16 19:24:50] Starting training with hyperparameters: {'d_state': 9, 'd_conv': 7, 'expand': 3, 'batch_size': 29, 'dropout_rate': 0.28251731141630915, 'num_mamba_layers': 3, 'n_mfcc': 29, 'n_fft': 299, 'hop_length': 287, 'n_mels': 24, 'noise_level': 0.06586156561706473, 'shift': 99, 'lr': 0.00038276454788109825, 'weight_decay': 1.305045495260549e-05}
[2025-03-16 19:25:29] Starting training with hyperparameters: {'d_state': 21, 'd_conv': 5, 'expand': 2, 'batch_size': 30, 'dropout_rate': 0.3584867616399549, 'num_mamba_layers': 4, 'n_mfcc': 30, 'n_fft': 274, 'hop_length': 276, 'n_mels': 56, 'noise_level': 0.15382024481695067, 'shift': 73, 'lr': 0.00045043774938850295, 'weight_decay': 6.21154340347753e-05}
[2025-03-16 19:25:34] Error: Caught RuntimeError in DataLoader worker process 3.
Original Traceback (most recent call last):
  File "/usr/local/lib/python3.10/dist-packages/torch/utils/data/_utils/worker.py", line 351, in _worker_loop
    data = fetcher.fetch(index)  # type: ignore[possibly-undefined]
  File "/usr/local/lib/python3.10/dist-packages/torch/utils/data/_utils/fetch.py", line 55, in fetch
    return self.collate_fn(data)
  File "/usr/local/lib/python3.10/dist-packages/torch/utils/data/_utils/collate.py", line 398, in default_collate
    return collate(batch, collate_fn_map=default_collate_fn_map)
  File "/usr/local/lib/python3.10/dist-packages/torch/utils/data/_utils/collate.py", line 211, in collate
    return [
  File "/usr/local/lib/python3.10/dist-packages/torch/utils/data/_utils/collate.py", line 212, in <listcomp>
    collate(samples, collate_fn_map=collate_fn_map)
  File "/usr/local/lib/python3.10/dist-packages/torch/utils/data/_utils/collate.py", line 155, in collate
    return collate_fn_map[elem_type](batch, collate_fn_map=collate_fn_map)
  File "/usr/local/lib/python3.10/dist-packages/torch/utils/data/_utils/collate.py", line 270, in collate_tensor_fn
    storage = elem._typed_storage()._new_shared(numel, device=elem.device)
  File "/usr/local/lib/python3.10/dist-packages/torch/storage.py", line 1180, in _new_shared
    untyped_storage = torch.UntypedStorage._new_shared(
  File "/usr/local/lib/python3.10/dist-packages/torch/storage.py", line 402, in _new_shared
    return cls._new_using_fd_cpu(size)
RuntimeError: unable to write to file </torch_2222615_2883544703_126>: No space left on device (28)

[2025-03-16 19:26:58] Starting training with hyperparameters: {'d_state': 13, 'd_conv': 6, 'expand': 2, 'batch_size': 29, 'dropout_rate': 0.3490049245358135, 'num_mamba_layers': 2, 'n_mfcc': 23, 'n_fft': 260, 'hop_length': 40, 'n_mels': 32, 'noise_level': 0.07768500888475313, 'shift': 95, 'lr': 0.0007222108252898377, 'weight_decay': 8.277265363218775e-06}
[2025-03-16 19:27:00] Starting training with hyperparameters: {'d_state': 9, 'd_conv': 6, 'expand': 3, 'batch_size': 31, 'dropout_rate': 0.3598098030520507, 'num_mamba_layers': 2, 'n_mfcc': 27, 'n_fft': 380, 'hop_length': 206, 'n_mels': 24, 'noise_level': 0.15338381590675296, 'shift': 79, 'lr': 0.00020991992088587673, 'weight_decay': 1.2252637558841073e-05}
[2025-03-16 19:27:02] Starting training with hyperparameters: {'d_state': 11, 'd_conv': 8, 'expand': 2, 'batch_size': 31, 'dropout_rate': 0.4393906906299568, 'num_mamba_layers': 2, 'n_mfcc': 30, 'n_fft': 431, 'hop_length': 94, 'n_mels': 32, 'noise_level': 0.11806921678307475, 'shift': 90, 'lr': 0.000259251129981174, 'weight_decay': 1.0460753286911169e-05}
[2025-03-16 19:28:14] Starting training with hyperparameters: {'d_state': 20, 'd_conv': 7, 'expand': 2, 'batch_size': 23, 'dropout_rate': 0.2861004473685417, 'num_mamba_layers': 4, 'n_mfcc': 29, 'n_fft': 266, 'hop_length': 68, 'n_mels': 46, 'noise_level': 0.19653779599984375, 'shift': 35, 'lr': 0.0008212157616436153, 'weight_decay': 2.404881642068681e-05}
[2025-03-16 19:28:56] Error: Caught RuntimeError in DataLoader worker process 0.
Original Traceback (most recent call last):
  File "/usr/local/lib/python3.10/dist-packages/torch/utils/data/_utils/worker.py", line 351, in _worker_loop
    data = fetcher.fetch(index)  # type: ignore[possibly-undefined]
  File "/usr/local/lib/python3.10/dist-packages/torch/utils/data/_utils/fetch.py", line 55, in fetch
    return self.collate_fn(data)
  File "/usr/local/lib/python3.10/dist-packages/torch/utils/data/_utils/collate.py", line 398, in default_collate
    return collate(batch, collate_fn_map=default_collate_fn_map)
  File "/usr/local/lib/python3.10/dist-packages/torch/utils/data/_utils/collate.py", line 211, in collate
    return [
  File "/usr/local/lib/python3.10/dist-packages/torch/utils/data/_utils/collate.py", line 212, in <listcomp>
    collate(samples, collate_fn_map=collate_fn_map)
  File "/usr/local/lib/python3.10/dist-packages/torch/utils/data/_utils/collate.py", line 155, in collate
    return collate_fn_map[elem_type](batch, collate_fn_map=collate_fn_map)
  File "/usr/local/lib/python3.10/dist-packages/torch/utils/data/_utils/collate.py", line 270, in collate_tensor_fn
    storage = elem._typed_storage()._new_shared(numel, device=elem.device)
  File "/usr/local/lib/python3.10/dist-packages/torch/storage.py", line 1180, in _new_shared
    untyped_storage = torch.UntypedStorage._new_shared(
  File "/usr/local/lib/python3.10/dist-packages/torch/storage.py", line 402, in _new_shared
    return cls._new_using_fd_cpu(size)
RuntimeError: unable to write to file </torch_2227046_4193403886_0>: No space left on device (28)

[2025-03-16 19:30:37] Starting training with hyperparameters: {'d_state': 13, 'd_conv': 8, 'expand': 2, 'batch_size': 28, 'dropout_rate': 0.3599337361183352, 'num_mamba_layers': 2, 'n_mfcc': 24, 'n_fft': 309, 'hop_length': 95, 'n_mels': 46, 'noise_level': 0.08186728767629775, 'shift': 89, 'lr': 0.0002150440861348668, 'weight_decay': 1.3021827157272089e-05}
[2025-03-16 19:30:42] Starting training with hyperparameters: {'d_state': 21, 'd_conv': 6, 'expand': 3, 'batch_size': 29, 'dropout_rate': 0.20931518390401402, 'num_mamba_layers': 4, 'n_mfcc': 29, 'n_fft': 301, 'hop_length': 142, 'n_mels': 44, 'noise_level': 0.18657563405198738, 'shift': 45, 'lr': 0.0004438023155549484, 'weight_decay': 4.928365891260217e-05}
[2025-03-16 19:30:44] Starting training with hyperparameters: {'d_state': 18, 'd_conv': 7, 'expand': 2, 'batch_size': 31, 'dropout_rate': 0.3588951287025374, 'num_mamba_layers': 4, 'n_mfcc': 29, 'n_fft': 401, 'hop_length': 444, 'n_mels': 42, 'noise_level': 0.1551448602872623, 'shift': 55, 'lr': 0.00021853384918748086, 'weight_decay': 5.6996041554394814e-05}
[2025-03-16 19:31:22] Starting training with hyperparameters: {'d_state': 27, 'd_conv': 5, 'expand': 2, 'batch_size': 28, 'dropout_rate': 0.433331129927062, 'num_mamba_layers': 4, 'n_mfcc': 29, 'n_fft': 288, 'hop_length': 226, 'n_mels': 40, 'noise_level': 0.16355095332459374, 'shift': 70, 'lr': 0.0010383906187435752, 'weight_decay': 1.3293719540203875e-05}
[2025-03-16 19:31:56] Epoch 0 - Training Loss: 1.5417, Training Accuracy: 45.13%
[2025-03-16 19:32:02] Epoch 0 - Validation Loss: 0.9108, Validation Accuracy: 69.40%
[2025-03-16 19:32:12] Epoch 0 - Test Accuracy: 68.43%
[2025-03-16 19:32:38] Epoch 1 - Training Loss: 0.9825, Training Accuracy: 65.99%
[2025-03-16 19:32:43] Epoch 1 - Validation Loss: 0.6829, Validation Accuracy: 77.13%
[2025-03-16 19:32:53] Epoch 1 - Test Accuracy: 75.70%
[2025-03-16 19:33:19] Epoch 2 - Training Loss: 0.8361, Training Accuracy: 71.28%
[2025-03-16 19:33:25] Epoch 2 - Validation Loss: 0.6001, Validation Accuracy: 80.15%
[2025-03-16 19:33:35] Epoch 2 - Test Accuracy: 77.93%
[2025-03-16 19:34:02] Epoch 3 - Training Loss: 0.7554, Training Accuracy: 74.24%
[2025-03-16 19:34:08] Epoch 3 - Validation Loss: 0.5281, Validation Accuracy: 82.04%
[2025-03-16 19:34:17] Epoch 3 - Test Accuracy: 79.70%
[2025-03-16 19:34:45] Epoch 4 - Training Loss: 0.6947, Training Accuracy: 76.35%
[2025-03-16 19:34:51] Epoch 4 - Validation Loss: 0.4905, Validation Accuracy: 83.39%
[2025-03-16 19:35:01] Epoch 4 - Test Accuracy: 80.90%
[2025-03-16 19:35:32] Epoch 5 - Training Loss: 0.6554, Training Accuracy: 77.73%
[2025-03-16 19:35:38] Epoch 5 - Validation Loss: 0.4646, Validation Accuracy: 84.17%
[2025-03-16 19:35:48] Epoch 5 - Test Accuracy: 82.11%
[2025-03-16 19:36:17] Epoch 6 - Training Loss: 0.6232, Training Accuracy: 78.80%
[2025-03-16 19:36:23] Epoch 6 - Validation Loss: 0.4398, Validation Accuracy: 85.34%
[2025-03-16 19:36:32] Epoch 6 - Test Accuracy: 82.01%
[2025-03-16 19:37:01] Epoch 7 - Training Loss: 0.5840, Training Accuracy: 80.22%
[2025-03-16 19:37:07] Epoch 7 - Validation Loss: 0.4217, Validation Accuracy: 86.28%
[2025-03-16 19:37:17] Epoch 7 - Test Accuracy: 83.41%
[2025-03-16 19:37:44] Epoch 8 - Training Loss: 0.5597, Training Accuracy: 80.99%
[2025-03-16 19:37:50] Epoch 8 - Validation Loss: 0.4057, Validation Accuracy: 86.36%
[2025-03-16 19:38:02] Epoch 8 - Test Accuracy: 83.95%
[2025-03-16 19:38:31] Epoch 9 - Training Loss: 0.5373, Training Accuracy: 81.54%
[2025-03-16 19:38:37] Epoch 9 - Validation Loss: 0.4035, Validation Accuracy: 85.93%
[2025-03-16 19:38:47] Epoch 9 - Test Accuracy: 84.12%
[2025-03-16 19:39:13] Epoch 10 - Training Loss: 0.5061, Training Accuracy: 82.78%
[2025-03-16 19:39:19] Epoch 10 - Validation Loss: 0.3749, Validation Accuracy: 87.36%
[2025-03-16 19:39:29] Epoch 10 - Test Accuracy: 85.49%
[2025-03-16 19:39:56] Epoch 11 - Training Loss: 0.4984, Training Accuracy: 83.16%
[2025-03-16 19:40:03] Epoch 11 - Validation Loss: 0.3492, Validation Accuracy: 88.09%
[2025-03-16 19:40:13] Epoch 11 - Test Accuracy: 86.03%
[2025-03-16 19:40:40] Epoch 12 - Training Loss: 0.4790, Training Accuracy: 83.84%
[2025-03-16 19:40:46] Epoch 12 - Validation Loss: 0.3357, Validation Accuracy: 88.44%
[2025-03-16 19:40:56] Epoch 12 - Test Accuracy: 86.92%
[2025-03-16 19:41:23] Epoch 13 - Training Loss: 0.4683, Training Accuracy: 84.41%
[2025-03-16 19:41:28] Epoch 13 - Validation Loss: 0.3461, Validation Accuracy: 88.39%
[2025-03-16 19:41:38] Epoch 13 - Test Accuracy: 86.55%
[2025-03-16 19:42:06] Epoch 14 - Training Loss: 0.4440, Training Accuracy: 84.98%
[2025-03-16 19:42:12] Epoch 14 - Validation Loss: 0.3285, Validation Accuracy: 89.04%
[2025-03-16 19:42:21] Epoch 14 - Test Accuracy: 86.01%
[2025-03-16 19:42:48] Epoch 15 - Training Loss: 0.4331, Training Accuracy: 85.48%
[2025-03-16 19:42:54] Epoch 15 - Validation Loss: 0.3258, Validation Accuracy: 88.55%
[2025-03-16 19:43:04] Epoch 15 - Test Accuracy: 86.60%
[2025-03-16 19:43:30] Epoch 16 - Training Loss: 0.4200, Training Accuracy: 85.90%
[2025-03-16 19:43:37] Epoch 16 - Validation Loss: 0.3097, Validation Accuracy: 89.47%
[2025-03-16 19:43:48] Epoch 16 - Test Accuracy: 87.36%
[2025-03-16 19:44:16] Epoch 17 - Training Loss: 0.4142, Training Accuracy: 86.04%
[2025-03-16 19:44:21] Epoch 17 - Validation Loss: 0.2902, Validation Accuracy: 89.82%
[2025-03-16 19:44:32] Epoch 17 - Test Accuracy: 88.41%
[2025-03-16 19:45:00] Epoch 18 - Training Loss: 0.3994, Training Accuracy: 86.56%
[2025-03-16 19:45:06] Epoch 18 - Validation Loss: 0.3009, Validation Accuracy: 89.66%
[2025-03-16 19:45:16] Epoch 18 - Test Accuracy: 87.70%
[2025-03-16 19:45:46] Epoch 19 - Training Loss: 0.3878, Training Accuracy: 86.82%
[2025-03-16 19:45:52] Epoch 19 - Validation Loss: 0.3153, Validation Accuracy: 88.68%
[2025-03-16 19:46:03] Epoch 19 - Test Accuracy: 87.48%
[2025-03-16 19:46:29] Epoch 20 - Training Loss: 0.3753, Training Accuracy: 87.13%
[2025-03-16 19:46:35] Epoch 20 - Validation Loss: 0.2890, Validation Accuracy: 90.33%
[2025-03-16 19:46:44] Epoch 20 - Test Accuracy: 88.54%
[2025-03-16 19:47:13] Epoch 21 - Training Loss: 0.3644, Training Accuracy: 87.75%
[2025-03-16 19:47:19] Epoch 21 - Validation Loss: 0.2782, Validation Accuracy: 90.55%
[2025-03-16 19:47:29] Epoch 21 - Test Accuracy: 89.15%
[2025-03-16 19:47:57] Epoch 22 - Training Loss: 0.3585, Training Accuracy: 87.84%
[2025-03-16 19:48:03] Epoch 22 - Validation Loss: 0.2653, Validation Accuracy: 91.22%
[2025-03-16 19:48:13] Epoch 22 - Test Accuracy: 89.72%
[2025-03-16 19:48:41] Epoch 23 - Training Loss: 0.3487, Training Accuracy: 88.20%
[2025-03-16 19:48:46] Epoch 23 - Validation Loss: 0.2776, Validation Accuracy: 90.41%
[2025-03-16 19:48:56] Epoch 23 - Test Accuracy: 90.23%
[2025-03-16 19:49:25] Epoch 24 - Training Loss: 0.3459, Training Accuracy: 88.39%
[2025-03-16 19:49:31] Epoch 24 - Validation Loss: 0.2725, Validation Accuracy: 89.93%
[2025-03-16 19:49:41] Epoch 24 - Test Accuracy: 89.74%
[2025-03-16 19:50:09] Epoch 25 - Training Loss: 0.3367, Training Accuracy: 88.57%
[2025-03-16 19:50:15] Epoch 25 - Validation Loss: 0.2549, Validation Accuracy: 91.47%
[2025-03-16 19:50:25] Epoch 25 - Test Accuracy: 89.57%
[2025-03-16 19:50:51] Epoch 26 - Training Loss: 0.3303, Training Accuracy: 88.85%
[2025-03-16 19:50:58] Epoch 26 - Validation Loss: 0.2425, Validation Accuracy: 91.60%
[2025-03-16 19:51:08] Epoch 26 - Test Accuracy: 89.89%
[2025-03-16 19:51:36] Epoch 27 - Training Loss: 0.3199, Training Accuracy: 89.31%
[2025-03-16 19:51:42] Epoch 27 - Validation Loss: 0.2512, Validation Accuracy: 91.47%
[2025-03-16 19:51:52] Epoch 27 - Test Accuracy: 90.28%
[2025-03-16 19:52:24] Epoch 28 - Training Loss: 0.3222, Training Accuracy: 89.14%
[2025-03-16 19:52:30] Epoch 28 - Validation Loss: 0.2470, Validation Accuracy: 91.76%
[2025-03-16 19:52:39] Epoch 28 - Test Accuracy: 90.33%
[2025-03-16 19:53:08] Epoch 29 - Training Loss: 0.3086, Training Accuracy: 89.66%
[2025-03-16 19:53:13] Epoch 29 - Validation Loss: 0.2453, Validation Accuracy: 91.20%
[2025-03-16 19:53:23] Epoch 29 - Test Accuracy: 91.04%
[2025-03-16 19:53:51] Epoch 30 - Training Loss: 0.3130, Training Accuracy: 89.32%
[2025-03-16 19:53:56] Epoch 30 - Validation Loss: 0.2502, Validation Accuracy: 91.49%
[2025-03-16 19:54:06] Epoch 30 - Test Accuracy: 90.75%
[2025-03-16 19:54:37] Epoch 31 - Training Loss: 0.2550, Training Accuracy: 91.17%
[2025-03-16 19:54:43] Epoch 31 - Validation Loss: 0.2163, Validation Accuracy: 92.68%
[2025-03-16 19:54:53] Epoch 31 - Test Accuracy: 91.75%
[2025-03-16 19:55:21] Epoch 32 - Training Loss: 0.2379, Training Accuracy: 91.84%
[2025-03-16 19:55:28] Epoch 32 - Validation Loss: 0.2103, Validation Accuracy: 93.14%
[2025-03-16 19:55:38] Epoch 32 - Test Accuracy: 91.83%
[2025-03-16 19:56:05] Epoch 33 - Training Loss: 0.2355, Training Accuracy: 92.07%
[2025-03-16 19:56:11] Epoch 33 - Validation Loss: 0.2064, Validation Accuracy: 93.25%
[2025-03-16 19:56:21] Epoch 33 - Test Accuracy: 91.73%
[2025-03-16 19:56:49] Epoch 34 - Training Loss: 0.2295, Training Accuracy: 92.04%
[2025-03-16 19:56:55] Epoch 34 - Validation Loss: 0.2091, Validation Accuracy: 93.17%
[2025-03-16 19:57:05] Epoch 34 - Test Accuracy: 91.88%
[2025-03-16 19:57:33] Epoch 35 - Training Loss: 0.2228, Training Accuracy: 92.51%
[2025-03-16 19:57:39] Epoch 35 - Validation Loss: 0.2018, Validation Accuracy: 93.28%
[2025-03-16 19:57:49] Epoch 35 - Test Accuracy: 92.12%
[2025-03-16 19:58:17] Epoch 36 - Training Loss: 0.2238, Training Accuracy: 92.34%
[2025-03-16 19:58:23] Epoch 36 - Validation Loss: 0.2017, Validation Accuracy: 93.22%
[2025-03-16 19:58:34] Epoch 36 - Test Accuracy: 92.27%
[2025-03-16 19:59:03] Epoch 37 - Training Loss: 0.2199, Training Accuracy: 92.52%
[2025-03-16 19:59:08] Epoch 37 - Validation Loss: 0.1997, Validation Accuracy: 93.09%
[2025-03-16 19:59:17] Epoch 37 - Test Accuracy: 92.17%
[2025-03-16 19:59:45] Epoch 38 - Training Loss: 0.2120, Training Accuracy: 92.71%
[2025-03-16 19:59:51] Epoch 38 - Validation Loss: 0.2019, Validation Accuracy: 93.49%
[2025-03-16 20:00:01] Epoch 38 - Test Accuracy: 92.07%
[2025-03-16 20:00:28] Epoch 39 - Training Loss: 0.2124, Training Accuracy: 92.76%
[2025-03-16 20:00:34] Epoch 39 - Validation Loss: 0.1991, Validation Accuracy: 93.25%
[2025-03-16 20:00:43] Epoch 39 - Test Accuracy: 92.37%
[2025-03-16 20:01:11] Epoch 40 - Training Loss: 0.2133, Training Accuracy: 92.70%
[2025-03-16 20:01:17] Epoch 40 - Validation Loss: 0.2029, Validation Accuracy: 93.03%
[2025-03-16 20:01:26] Epoch 40 - Test Accuracy: 92.34%
[2025-03-16 20:01:56] Epoch 41 - Training Loss: 0.2082, Training Accuracy: 92.88%
[2025-03-16 20:02:01] Epoch 41 - Validation Loss: 0.1991, Validation Accuracy: 93.03%
[2025-03-16 20:02:11] Epoch 41 - Test Accuracy: 92.51%
[2025-03-16 20:02:39] Epoch 42 - Training Loss: 0.2100, Training Accuracy: 92.79%
[2025-03-16 20:02:45] Epoch 42 - Validation Loss: 0.1977, Validation Accuracy: 93.38%
[2025-03-16 20:02:55] Epoch 42 - Test Accuracy: 92.66%
[2025-03-16 20:03:23] Epoch 43 - Training Loss: 0.2029, Training Accuracy: 93.02%
[2025-03-16 20:03:29] Epoch 43 - Validation Loss: 0.1966, Validation Accuracy: 93.36%
[2025-03-16 20:03:39] Epoch 43 - Test Accuracy: 92.22%
[2025-03-16 20:04:07] Epoch 44 - Training Loss: 0.2124, Training Accuracy: 92.50%
[2025-03-16 20:04:13] Epoch 44 - Validation Loss: 0.1929, Validation Accuracy: 93.41%
[2025-03-16 20:04:23] Epoch 44 - Test Accuracy: 92.17%
[2025-03-16 20:04:51] Epoch 45 - Training Loss: 0.2069, Training Accuracy: 92.79%
[2025-03-16 20:04:57] Epoch 45 - Validation Loss: 0.1990, Validation Accuracy: 93.28%
[2025-03-16 20:05:07] Epoch 45 - Test Accuracy: 92.32%
[2025-03-16 20:05:36] Epoch 46 - Training Loss: 0.2008, Training Accuracy: 93.03%
[2025-03-16 20:05:42] Epoch 46 - Validation Loss: 0.1967, Validation Accuracy: 93.57%
[2025-03-16 20:05:51] Epoch 46 - Test Accuracy: 92.39%
[2025-03-16 20:06:18] Epoch 47 - Training Loss: 0.2024, Training Accuracy: 92.93%
[2025-03-16 20:06:24] Epoch 47 - Validation Loss: 0.1918, Validation Accuracy: 93.73%
[2025-03-16 20:06:35] Epoch 47 - Test Accuracy: 92.49%
[2025-03-16 20:07:03] Epoch 48 - Training Loss: 0.2031, Training Accuracy: 92.83%
[2025-03-16 20:07:09] Epoch 48 - Validation Loss: 0.1935, Validation Accuracy: 93.52%
[2025-03-16 20:07:20] Epoch 48 - Test Accuracy: 92.46%
[2025-03-16 20:07:47] Epoch 49 - Training Loss: 0.1977, Training Accuracy: 93.18%
[2025-03-16 20:07:53] Epoch 49 - Validation Loss: 0.1951, Validation Accuracy: 93.63%
[2025-03-16 20:08:03] Epoch 49 - Test Accuracy: 92.29%
[2025-03-16 20:08:30] Epoch 50 - Training Loss: 0.1977, Training Accuracy: 93.11%
[2025-03-16 20:08:36] Epoch 50 - Validation Loss: 0.1923, Validation Accuracy: 93.52%
[2025-03-16 20:08:47] Epoch 50 - Test Accuracy: 92.42%
[2025-03-16 20:09:17] Epoch 51 - Training Loss: 0.1975, Training Accuracy: 93.18%
[2025-03-16 20:09:23] Epoch 51 - Validation Loss: 0.1925, Validation Accuracy: 93.57%
[2025-03-16 20:09:33] Epoch 51 - Test Accuracy: 92.51%
[2025-03-16 20:09:59] Epoch 52 - Training Loss: 0.1963, Training Accuracy: 93.21%
[2025-03-16 20:10:05] Epoch 52 - Validation Loss: 0.1886, Validation Accuracy: 93.60%
[2025-03-16 20:10:16] Epoch 52 - Test Accuracy: 92.66%
[2025-03-16 20:10:43] Epoch 53 - Training Loss: 0.1891, Training Accuracy: 93.45%
[2025-03-16 20:10:49] Epoch 53 - Validation Loss: 0.1893, Validation Accuracy: 93.79%
[2025-03-16 20:10:59] Epoch 53 - Test Accuracy: 92.49%
[2025-03-16 20:11:25] Epoch 54 - Training Loss: 0.1922, Training Accuracy: 93.41%
[2025-03-16 20:11:31] Epoch 54 - Validation Loss: 0.1888, Validation Accuracy: 93.90%
[2025-03-16 20:11:42] Epoch 54 - Test Accuracy: 92.59%
[2025-03-16 20:12:12] Epoch 55 - Training Loss: 0.1922, Training Accuracy: 93.37%
[2025-03-16 20:12:19] Epoch 55 - Validation Loss: 0.1879, Validation Accuracy: 93.87%
[2025-03-16 20:12:29] Epoch 55 - Test Accuracy: 92.56%
[2025-03-16 20:13:00] Epoch 56 - Training Loss: 0.1901, Training Accuracy: 93.43%
[2025-03-16 20:13:06] Epoch 56 - Validation Loss: 0.1877, Validation Accuracy: 93.92%
[2025-03-16 20:13:16] Epoch 56 - Test Accuracy: 92.56%
[2025-03-16 20:13:43] Epoch 57 - Training Loss: 0.1874, Training Accuracy: 93.55%
[2025-03-16 20:13:48] Epoch 57 - Validation Loss: 0.1888, Validation Accuracy: 93.87%
[2025-03-16 20:13:59] Epoch 57 - Test Accuracy: 92.64%
[2025-03-16 20:13:59] Stopping training at epoch 58 due to early stopping
[2025-03-16 20:13:59] Final Training Accuracy: 93.55%
[2025-03-16 20:13:59] Final Test Accuracy: 92.64%
[2025-03-16 20:13:59] Final Validation Accuracy: 93.87%, Model size: 188866
[2025-03-16 20:13:59] Saved model checkpoint to best_model_trial_112.pt
[2025-03-16 20:14:00] Error: [Errno 28] No space left on device
[2025-03-16 20:16:18] Starting training with hyperparameters: {'d_state': 19, 'd_conv': 4, 'expand': 2, 'batch_size': 28, 'dropout_rate': 0.2115259678777599, 'num_mamba_layers': 2, 'n_mfcc': 29, 'n_fft': 256, 'hop_length': 407, 'n_mels': 37, 'noise_level': 0.1369424838271284, 'shift': 86, 'lr': 0.003967674473719385, 'weight_decay': 8.894037200153095e-06}
[2025-03-16 20:16:27] Starting training with hyperparameters: {'d_state': 15, 'd_conv': 6, 'expand': 2, 'batch_size': 31, 'dropout_rate': 0.2830383435856845, 'num_mamba_layers': 4, 'n_mfcc': 30, 'n_fft': 305, 'hop_length': 413, 'n_mels': 40, 'noise_level': 0.10260691433228648, 'shift': 83, 'lr': 0.007007834723594326, 'weight_decay': 7.051359077792675e-06}
[2025-03-16 20:16:30] Starting training with hyperparameters: {'d_state': 22, 'd_conv': 8, 'expand': 2, 'batch_size': 29, 'dropout_rate': 0.3012470378432633, 'num_mamba_layers': 4, 'n_mfcc': 27, 'n_fft': 367, 'hop_length': 280, 'n_mels': 35, 'noise_level': 0.1704328304465219, 'shift': 100, 'lr': 0.0010974493829163823, 'weight_decay': 8.484691644716847e-05}
[2025-03-16 20:16:54] Starting training with hyperparameters: {'d_state': 12, 'd_conv': 8, 'expand': 2, 'batch_size': 32, 'dropout_rate': 0.3041015069827392, 'num_mamba_layers': 3, 'n_mfcc': 23, 'n_fft': 204, 'hop_length': 37, 'n_mels': 28, 'noise_level': 0.10948880848583663, 'shift': 79, 'lr': 0.0010385086575422967, 'weight_decay': 1.4362704839578092e-05}
[2025-03-16 20:17:42] Epoch 0 - Training Loss: 1.4851, Training Accuracy: 47.01%
[2025-03-16 20:17:58] Epoch 0 - Validation Loss: 0.8018, Validation Accuracy: 72.94%
[2025-03-16 20:18:19] Epoch 0 - Training Loss: 1.9318, Training Accuracy: 26.64%
[2025-03-16 20:19:00] Error: [Errno 28] No space left on device
[2025-03-16 20:20:20] Starting training with hyperparameters: {'d_state': 10, 'd_conv': 7, 'expand': 2, 'batch_size': 25, 'dropout_rate': 0.31582489159262356, 'num_mamba_layers': 3, 'n_mfcc': 23, 'n_fft': 301, 'hop_length': 198, 'n_mels': 30, 'noise_level': 0.07361528431043866, 'shift': 73, 'lr': 0.0007081524089055808, 'weight_decay': 1.0582832306162446e-05}
[2025-03-16 20:20:35] Starting training with hyperparameters: {'d_state': 8, 'd_conv': 8, 'expand': 3, 'batch_size': 28, 'dropout_rate': 0.25059088340470137, 'num_mamba_layers': 3, 'n_mfcc': 27, 'n_fft': 397, 'hop_length': 53, 'n_mels': 33, 'noise_level': 0.11130324004929064, 'shift': 70, 'lr': 0.002240701442584944, 'weight_decay': 7.170099958288025e-06}
[2025-03-16 20:20:39] Starting training with hyperparameters: {'d_state': 9, 'd_conv': 7, 'expand': 3, 'batch_size': 29, 'dropout_rate': 0.29986169812724783, 'num_mamba_layers': 3, 'n_mfcc': 29, 'n_fft': 220, 'hop_length': 205, 'n_mels': 30, 'noise_level': 0.10012825733394637, 'shift': 74, 'lr': 0.0005399654895634108, 'weight_decay': 1.012516254174788e-05}
[2025-03-16 20:21:39] Starting training with hyperparameters: {'d_state': 21, 'd_conv': 6, 'expand': 2, 'batch_size': 26, 'dropout_rate': 0.25364517994203944, 'num_mamba_layers': 3, 'n_mfcc': 28, 'n_fft': 255, 'hop_length': 123, 'n_mels': 25, 'noise_level': 0.07963798387615634, 'shift': 54, 'lr': 0.00034115769037754693, 'weight_decay': 4.948421496513539e-05}
[2025-03-16 20:22:19] Error: [Errno 28] No space left on device
[2025-03-16 20:23:35] Starting training with hyperparameters: {'d_state': 18, 'd_conv': 3, 'expand': 2, 'batch_size': 30, 'dropout_rate': 0.25062472954467363, 'num_mamba_layers': 2, 'n_mfcc': 25, 'n_fft': 272, 'hop_length': 396, 'n_mels': 27, 'noise_level': 0.14549130402430566, 'shift': 87, 'lr': 0.0040692143829941275, 'weight_decay': 1.6568172067999302e-05}
[2025-03-16 20:23:38] Starting training with hyperparameters: {'d_state': 15, 'd_conv': 6, 'expand': 2, 'batch_size': 32, 'dropout_rate': 0.44969440702635377, 'num_mamba_layers': 2, 'n_mfcc': 30, 'n_fft': 345, 'hop_length': 73, 'n_mels': 39, 'noise_level': 0.1698937770780956, 'shift': 85, 'lr': 0.00020092768603455346, 'weight_decay': 9.578633388912986e-06}
[2025-03-16 20:23:41] Starting training with hyperparameters: {'d_state': 19, 'd_conv': 8, 'expand': 2, 'batch_size': 32, 'dropout_rate': 0.4280212029616869, 'num_mamba_layers': 4, 'n_mfcc': 29, 'n_fft': 219, 'hop_length': 87, 'n_mels': 36, 'noise_level': 0.08459387759537434, 'shift': 88, 'lr': 0.0019027417402698904, 'weight_decay': 1.8411470750858104e-06}
[2025-03-16 20:24:09] Epoch 0 - Training Loss: 1.3850, Training Accuracy: 51.28%
[2025-03-16 20:24:16] Epoch 0 - Validation Loss: 0.7458, Validation Accuracy: 75.88%
[2025-03-16 20:24:27] Epoch 0 - Test Accuracy: 71.65%
[2025-03-16 20:24:31] Starting training with hyperparameters: {'d_state': 10, 'd_conv': 8, 'expand': 2, 'batch_size': 31, 'dropout_rate': 0.25427891981572, 'num_mamba_layers': 2, 'n_mfcc': 18, 'n_fft': 229, 'hop_length': 64, 'n_mels': 39, 'noise_level': 0.10778060515048471, 'shift': 58, 'lr': 0.0016442548103374045, 'weight_decay': 3.050569401023749e-05}
[2025-03-16 20:24:58] Epoch 1 - Training Loss: 0.8283, Training Accuracy: 71.75%
[2025-03-16 20:25:04] Epoch 1 - Validation Loss: 0.5595, Validation Accuracy: 81.20%
[2025-03-16 20:25:16] Epoch 1 - Test Accuracy: 78.74%
[2025-03-16 20:25:43] Epoch 2 - Training Loss: 0.6849, Training Accuracy: 76.83%
[2025-03-16 20:25:48] Epoch 2 - Validation Loss: 0.5061, Validation Accuracy: 82.69%
[2025-03-16 20:25:59] Epoch 2 - Test Accuracy: 79.55%
[2025-03-16 20:26:26] Epoch 3 - Training Loss: 0.6154, Training Accuracy: 79.14%
[2025-03-16 20:26:32] Epoch 3 - Validation Loss: 0.4685, Validation Accuracy: 84.88%
[2025-03-16 20:26:43] Epoch 3 - Test Accuracy: 82.92%
[2025-03-16 20:27:10] Epoch 4 - Training Loss: 0.5797, Training Accuracy: 80.54%
[2025-03-16 20:27:16] Epoch 4 - Validation Loss: 0.4112, Validation Accuracy: 85.96%
[2025-03-16 20:27:27] Epoch 4 - Test Accuracy: 84.41%
[2025-03-16 20:27:54] Epoch 5 - Training Loss: 0.5383, Training Accuracy: 81.77%
[2025-03-16 20:28:00] Epoch 5 - Validation Loss: 0.3897, Validation Accuracy: 86.63%
[2025-03-16 20:28:11] Epoch 5 - Test Accuracy: 84.78%
[2025-03-16 20:28:38] Epoch 6 - Training Loss: 0.5088, Training Accuracy: 82.88%
[2025-03-16 20:28:44] Epoch 6 - Validation Loss: 0.3557, Validation Accuracy: 87.52%
[2025-03-16 20:28:55] Epoch 6 - Test Accuracy: 85.59%
[2025-03-16 20:29:22] Epoch 7 - Training Loss: 0.4926, Training Accuracy: 83.25%
[2025-03-16 20:29:27] Epoch 7 - Validation Loss: 0.3575, Validation Accuracy: 87.74%
[2025-03-16 20:29:39] Epoch 7 - Test Accuracy: 85.17%
[2025-03-16 20:30:06] Epoch 8 - Training Loss: 0.4725, Training Accuracy: 84.00%
[2025-03-16 20:30:11] Epoch 8 - Validation Loss: 0.3390, Validation Accuracy: 88.44%
[2025-03-16 20:30:22] Epoch 8 - Test Accuracy: 86.21%
[2025-03-16 20:30:49] Epoch 9 - Training Loss: 0.4599, Training Accuracy: 84.43%
[2025-03-16 20:30:54] Epoch 9 - Validation Loss: 0.3462, Validation Accuracy: 88.28%
[2025-03-16 20:31:06] Epoch 9 - Test Accuracy: 87.04%
[2025-03-16 20:31:32] Epoch 10 - Training Loss: 0.4537, Training Accuracy: 84.86%
[2025-03-16 20:31:38] Epoch 10 - Validation Loss: 0.3173, Validation Accuracy: 89.87%
[2025-03-16 20:31:49] Epoch 10 - Test Accuracy: 88.00%
[2025-03-16 20:32:16] Epoch 11 - Training Loss: 0.4547, Training Accuracy: 84.33%
[2025-03-16 20:32:21] Epoch 11 - Validation Loss: 0.3233, Validation Accuracy: 89.12%
[2025-03-16 20:32:33] Epoch 11 - Test Accuracy: 87.56%
[2025-03-16 20:32:59] Epoch 12 - Training Loss: 0.4415, Training Accuracy: 85.06%
[2025-03-16 20:33:04] Epoch 12 - Validation Loss: 0.2931, Validation Accuracy: 89.60%
[2025-03-16 20:33:16] Epoch 12 - Test Accuracy: 88.17%
[2025-03-16 20:33:42] Epoch 13 - Training Loss: 0.4292, Training Accuracy: 85.30%
[2025-03-16 20:33:48] Epoch 13 - Validation Loss: 0.3568, Validation Accuracy: 87.85%
[2025-03-16 20:33:59] Epoch 13 - Test Accuracy: 86.72%
[2025-03-16 20:34:26] Epoch 14 - Training Loss: 0.4223, Training Accuracy: 86.07%
[2025-03-16 20:34:32] Epoch 14 - Validation Loss: 0.2975, Validation Accuracy: 89.36%
[2025-03-16 20:34:43] Epoch 14 - Test Accuracy: 87.51%
[2025-03-16 20:35:10] Epoch 15 - Training Loss: 0.4237, Training Accuracy: 85.45%
[2025-03-16 20:35:15] Epoch 15 - Validation Loss: 0.2729, Validation Accuracy: 90.36%
[2025-03-16 20:35:26] Epoch 15 - Test Accuracy: 89.05%
[2025-03-16 20:35:53] Epoch 16 - Training Loss: 0.4080, Training Accuracy: 86.26%
[2025-03-16 20:35:58] Epoch 16 - Validation Loss: 0.2813, Validation Accuracy: 90.31%
[2025-03-16 20:36:10] Epoch 16 - Test Accuracy: 88.88%
[2025-03-16 20:36:36] Epoch 17 - Training Loss: 0.3966, Training Accuracy: 86.69%
[2025-03-16 20:36:42] Epoch 17 - Validation Loss: 0.2625, Validation Accuracy: 91.39%
[2025-03-16 20:36:53] Epoch 17 - Test Accuracy: 90.08%
[2025-03-16 20:37:20] Epoch 18 - Training Loss: 0.4244, Training Accuracy: 85.68%
[2025-03-16 20:37:25] Epoch 18 - Validation Loss: 0.2967, Validation Accuracy: 89.87%
[2025-03-16 20:37:37] Epoch 18 - Test Accuracy: 87.90%
[2025-03-16 20:38:03] Epoch 19 - Training Loss: 0.4088, Training Accuracy: 86.12%
[2025-03-16 20:38:08] Epoch 19 - Validation Loss: 0.3075, Validation Accuracy: 89.58%
[2025-03-16 20:38:21] Epoch 19 - Test Accuracy: 87.29%
[2025-03-16 20:38:47] Epoch 20 - Training Loss: 0.4169, Training Accuracy: 85.85%
[2025-03-16 20:38:52] Epoch 20 - Validation Loss: 0.2792, Validation Accuracy: 90.55%
[2025-03-16 20:39:04] Epoch 20 - Test Accuracy: 89.10%
[2025-03-16 20:39:31] Epoch 21 - Training Loss: 0.4037, Training Accuracy: 86.39%
[2025-03-16 20:39:36] Epoch 21 - Validation Loss: 0.2818, Validation Accuracy: 90.22%
[2025-03-16 20:39:48] Epoch 21 - Test Accuracy: 88.44%
[2025-03-16 20:40:14] Epoch 22 - Training Loss: 0.3572, Training Accuracy: 87.60%
[2025-03-16 20:40:20] Epoch 22 - Validation Loss: 0.2472, Validation Accuracy: 91.20%
[2025-03-16 20:40:31] Epoch 22 - Test Accuracy: 89.79%
[2025-03-16 20:40:58] Epoch 23 - Training Loss: 0.3363, Training Accuracy: 88.31%
[2025-03-16 20:41:03] Epoch 23 - Validation Loss: 0.2379, Validation Accuracy: 91.52%
[2025-03-16 20:41:14] Epoch 23 - Test Accuracy: 89.96%
[2025-03-16 20:41:41] Epoch 24 - Training Loss: 0.3395, Training Accuracy: 88.36%
[2025-03-16 20:41:46] Epoch 24 - Validation Loss: 0.2371, Validation Accuracy: 91.93%
[2025-03-16 20:41:58] Epoch 24 - Test Accuracy: 89.91%
[2025-03-16 20:42:25] Epoch 25 - Training Loss: 0.3295, Training Accuracy: 88.83%
[2025-03-16 20:42:30] Epoch 25 - Validation Loss: 0.2379, Validation Accuracy: 91.57%
[2025-03-16 20:42:41] Epoch 25 - Test Accuracy: 90.06%
[2025-03-16 20:43:08] Epoch 26 - Training Loss: 0.3241, Training Accuracy: 88.77%
[2025-03-16 20:43:14] Epoch 26 - Validation Loss: 0.2306, Validation Accuracy: 92.03%
[2025-03-16 20:43:25] Epoch 26 - Test Accuracy: 90.55%
[2025-03-16 20:43:52] Epoch 27 - Training Loss: 0.3223, Training Accuracy: 88.97%
[2025-03-16 20:43:57] Epoch 27 - Validation Loss: 0.2339, Validation Accuracy: 91.66%
[2025-03-16 20:44:09] Epoch 27 - Test Accuracy: 90.08%
[2025-03-16 20:44:36] Epoch 28 - Training Loss: 0.3161, Training Accuracy: 89.19%
[2025-03-16 20:44:41] Epoch 28 - Validation Loss: 0.2277, Validation Accuracy: 91.87%
[2025-03-16 20:44:51] Epoch 28 - Test Accuracy: 90.38%
[2025-03-16 20:45:18] Epoch 29 - Training Loss: 0.3180, Training Accuracy: 89.03%
[2025-03-16 20:45:23] Epoch 29 - Validation Loss: 0.2291, Validation Accuracy: 91.93%
[2025-03-16 20:45:34] Epoch 29 - Test Accuracy: 90.21%
[2025-03-16 20:46:01] Epoch 30 - Training Loss: 0.3167, Training Accuracy: 89.14%
[2025-03-16 20:46:06] Epoch 30 - Validation Loss: 0.2252, Validation Accuracy: 92.22%
[2025-03-16 20:46:18] Epoch 30 - Test Accuracy: 90.43%
[2025-03-16 20:46:45] Epoch 31 - Training Loss: 0.3107, Training Accuracy: 89.30%
[2025-03-16 20:46:50] Epoch 31 - Validation Loss: 0.2262, Validation Accuracy: 92.03%
[2025-03-16 20:47:02] Epoch 31 - Test Accuracy: 90.40%
[2025-03-16 20:47:28] Epoch 32 - Training Loss: 0.3122, Training Accuracy: 89.45%
[2025-03-16 20:47:34] Epoch 32 - Validation Loss: 0.2216, Validation Accuracy: 92.03%
[2025-03-16 20:47:44] Epoch 32 - Test Accuracy: 90.87%
[2025-03-16 20:48:11] Epoch 33 - Training Loss: 0.3088, Training Accuracy: 89.43%
[2025-03-16 20:48:16] Epoch 33 - Validation Loss: 0.2196, Validation Accuracy: 92.36%
[2025-03-16 20:48:28] Epoch 33 - Test Accuracy: 90.80%
[2025-03-16 20:48:55] Epoch 34 - Training Loss: 0.3108, Training Accuracy: 89.41%
[2025-03-16 20:49:00] Epoch 34 - Validation Loss: 0.2248, Validation Accuracy: 92.17%
[2025-03-16 20:49:11] Epoch 34 - Test Accuracy: 90.70%
[2025-03-16 20:49:38] Epoch 35 - Training Loss: 0.3040, Training Accuracy: 89.60%
[2025-03-16 20:49:44] Epoch 35 - Validation Loss: 0.2222, Validation Accuracy: 92.17%
[2025-03-16 20:49:55] Epoch 35 - Test Accuracy: 91.02%
[2025-03-16 20:50:22] Epoch 36 - Training Loss: 0.3040, Training Accuracy: 89.68%
[2025-03-16 20:50:28] Epoch 36 - Validation Loss: 0.2202, Validation Accuracy: 92.28%
[2025-03-16 20:50:40] Epoch 36 - Test Accuracy: 90.99%
[2025-03-16 20:51:07] Epoch 37 - Training Loss: 0.3091, Training Accuracy: 89.29%
[2025-03-16 20:51:12] Epoch 37 - Validation Loss: 0.2220, Validation Accuracy: 92.33%
[2025-03-16 20:51:23] Epoch 37 - Test Accuracy: 90.80%
[2025-03-16 20:51:50] Epoch 38 - Training Loss: 0.3010, Training Accuracy: 89.81%
[2025-03-16 20:51:55] Epoch 38 - Validation Loss: 0.2184, Validation Accuracy: 92.49%
[2025-03-16 20:52:07] Epoch 38 - Test Accuracy: 90.80%
[2025-03-16 20:52:34] Epoch 39 - Training Loss: 0.2991, Training Accuracy: 89.55%
[2025-03-16 20:52:39] Epoch 39 - Validation Loss: 0.2171, Validation Accuracy: 92.41%
[2025-03-16 20:52:50] Epoch 39 - Test Accuracy: 90.87%
[2025-03-16 20:53:17] Epoch 40 - Training Loss: 0.2987, Training Accuracy: 89.72%
[2025-03-16 20:53:22] Epoch 40 - Validation Loss: 0.2170, Validation Accuracy: 92.44%
[2025-03-16 20:53:34] Epoch 40 - Test Accuracy: 90.89%
[2025-03-16 20:54:01] Epoch 41 - Training Loss: 0.2960, Training Accuracy: 89.88%
[2025-03-16 20:54:06] Epoch 41 - Validation Loss: 0.2161, Validation Accuracy: 92.52%
[2025-03-16 20:54:17] Epoch 41 - Test Accuracy: 90.82%
[2025-03-16 20:54:44] Epoch 42 - Training Loss: 0.2980, Training Accuracy: 89.80%
[2025-03-16 20:54:49] Epoch 42 - Validation Loss: 0.2156, Validation Accuracy: 92.49%
[2025-03-16 20:55:00] Epoch 42 - Test Accuracy: 90.87%
[2025-03-16 20:55:27] Epoch 43 - Training Loss: 0.3009, Training Accuracy: 89.67%
[2025-03-16 20:55:32] Epoch 43 - Validation Loss: 0.2160, Validation Accuracy: 92.44%
[2025-03-16 20:55:44] Epoch 43 - Test Accuracy: 90.94%
[2025-03-16 20:56:11] Epoch 44 - Training Loss: 0.2976, Training Accuracy: 89.71%
[2025-03-16 20:56:16] Epoch 44 - Validation Loss: 0.2163, Validation Accuracy: 92.55%
[2025-03-16 20:56:28] Epoch 44 - Test Accuracy: 90.84%
[2025-03-16 20:56:54] Epoch 45 - Training Loss: 0.2926, Training Accuracy: 89.89%
[2025-03-16 20:57:00] Epoch 45 - Validation Loss: 0.2163, Validation Accuracy: 92.44%
[2025-03-16 20:57:11] Epoch 45 - Test Accuracy: 91.09%
[2025-03-16 20:57:38] Epoch 46 - Training Loss: 0.2954, Training Accuracy: 89.86%
[2025-03-16 20:57:43] Epoch 46 - Validation Loss: 0.2168, Validation Accuracy: 92.44%
[2025-03-16 20:57:55] Epoch 46 - Test Accuracy: 91.07%
[2025-03-16 20:58:22] Epoch 47 - Training Loss: 0.2948, Training Accuracy: 89.89%
[2025-03-16 20:58:27] Epoch 47 - Validation Loss: 0.2166, Validation Accuracy: 92.47%
[2025-03-16 20:58:39] Epoch 47 - Test Accuracy: 91.07%
[2025-03-16 20:58:39] Stopping training at epoch 48 due to early stopping
[2025-03-16 20:58:39] Final Training Accuracy: 89.89%
[2025-03-16 20:58:39] Final Test Accuracy: 91.07%
[2025-03-16 20:58:39] Final Validation Accuracy: 92.47%, Model size: 36004
[2025-03-16 20:58:39] Saved model checkpoint to best_model_trial_123.pt
[2025-03-16 20:58:40] Error: [Errno 28] No space left on device
[2025-03-16 21:01:56] Starting training with hyperparameters: {'d_state': 8, 'd_conv': 8, 'expand': 3, 'batch_size': 26, 'dropout_rate': 0.4248867432582136, 'num_mamba_layers': 3, 'n_mfcc': 26, 'n_fft': 360, 'hop_length': 64, 'n_mels': 29, 'noise_level': 0.11922640421740628, 'shift': 76, 'lr': 0.0011932421177656394, 'weight_decay': 2.0498700941807034e-05}
[2025-03-16 21:02:02] Starting training with hyperparameters: {'d_state': 21, 'd_conv': 6, 'expand': 3, 'batch_size': 32, 'dropout_rate': 0.2555332798632773, 'num_mamba_layers': 3, 'n_mfcc': 29, 'n_fft': 345, 'hop_length': 264, 'n_mels': 61, 'noise_level': 0.14949620200538177, 'shift': 63, 'lr': 0.0031469489387518966, 'weight_decay': 6.814005187082721e-06}
[2025-03-16 21:02:10] Starting training with hyperparameters: {'d_state': 8, 'd_conv': 7, 'expand': 2, 'batch_size': 21, 'dropout_rate': 0.28771693964680245, 'num_mamba_layers': 3, 'n_mfcc': 28, 'n_fft': 249, 'hop_length': 87, 'n_mels': 36, 'noise_level': 0.16259853275593922, 'shift': 50, 'lr': 0.0010939775480775992, 'weight_decay': 1.2063103504787709e-05}
[2025-03-16 21:02:58] Starting training with hyperparameters: {'d_state': 24, 'd_conv': 5, 'expand': 2, 'batch_size': 30, 'dropout_rate': 0.23405914639554803, 'num_mamba_layers': 3, 'n_mfcc': 25, 'n_fft': 331, 'hop_length': 41, 'n_mels': 39, 'noise_level': 0.037714098454773026, 'shift': 59, 'lr': 0.0007914216154974376, 'weight_decay': 3.632773139849849e-05}
[2025-03-16 21:03:16] Error: Caught RuntimeError in DataLoader worker process 3.
Original Traceback (most recent call last):
  File "/usr/local/lib/python3.10/dist-packages/torch/utils/data/_utils/worker.py", line 351, in _worker_loop
    data = fetcher.fetch(index)  # type: ignore[possibly-undefined]
  File "/usr/local/lib/python3.10/dist-packages/torch/utils/data/_utils/fetch.py", line 55, in fetch
    return self.collate_fn(data)
  File "/usr/local/lib/python3.10/dist-packages/torch/utils/data/_utils/collate.py", line 398, in default_collate
    return collate(batch, collate_fn_map=default_collate_fn_map)
  File "/usr/local/lib/python3.10/dist-packages/torch/utils/data/_utils/collate.py", line 211, in collate
    return [
  File "/usr/local/lib/python3.10/dist-packages/torch/utils/data/_utils/collate.py", line 212, in <listcomp>
    collate(samples, collate_fn_map=collate_fn_map)
  File "/usr/local/lib/python3.10/dist-packages/torch/utils/data/_utils/collate.py", line 155, in collate
    return collate_fn_map[elem_type](batch, collate_fn_map=collate_fn_map)
  File "/usr/local/lib/python3.10/dist-packages/torch/utils/data/_utils/collate.py", line 270, in collate_tensor_fn
    storage = elem._typed_storage()._new_shared(numel, device=elem.device)
  File "/usr/local/lib/python3.10/dist-packages/torch/storage.py", line 1180, in _new_shared
    untyped_storage = torch.UntypedStorage._new_shared(
  File "/usr/local/lib/python3.10/dist-packages/torch/storage.py", line 402, in _new_shared
    return cls._new_using_fd_cpu(size)
RuntimeError: unable to write to file </torch_2373177_4143175087_194>: No space left on device (28)

[2025-03-16 21:04:31] Starting training with hyperparameters: {'d_state': 13, 'd_conv': 7, 'expand': 3, 'batch_size': 29, 'dropout_rate': 0.23939427099934857, 'num_mamba_layers': 3, 'n_mfcc': 26, 'n_fft': 344, 'hop_length': 40, 'n_mels': 37, 'noise_level': 0.11753653624477028, 'shift': 61, 'lr': 0.0015820100597954817, 'weight_decay': 1.2815714373690674e-05}
[2025-03-16 21:04:34] Starting training with hyperparameters: {'d_state': 12, 'd_conv': 7, 'expand': 3, 'batch_size': 27, 'dropout_rate': 0.2883962626960125, 'num_mamba_layers': 2, 'n_mfcc': 23, 'n_fft': 291, 'hop_length': 182, 'n_mels': 32, 'noise_level': 0.08712108509969102, 'shift': 81, 'lr': 0.001400317895384461, 'weight_decay': 1.561163958338059e-05}
[2025-03-16 21:04:36] Starting training with hyperparameters: {'d_state': 15, 'd_conv': 8, 'expand': 2, 'batch_size': 32, 'dropout_rate': 0.32312853022671273, 'num_mamba_layers': 3, 'n_mfcc': 27, 'n_fft': 287, 'hop_length': 167, 'n_mels': 39, 'noise_level': 0.05385677478842012, 'shift': 77, 'lr': 0.0012878301604117058, 'weight_decay': 9.21141296379239e-06}
[2025-03-16 21:05:39] Starting training with hyperparameters: {'d_state': 30, 'd_conv': 6, 'expand': 2, 'batch_size': 30, 'dropout_rate': 0.1713509384571076, 'num_mamba_layers': 3, 'n_mfcc': 23, 'n_fft': 285, 'hop_length': 208, 'n_mels': 54, 'noise_level': 0.11129534971899527, 'shift': 94, 'lr': 0.0013080379752617099, 'weight_decay': 4.4804748237647e-06}
[2025-03-16 21:06:16] Epoch 0 - Training Loss: 1.3058, Training Accuracy: 53.91%
[2025-03-16 21:06:23] Epoch 0 - Validation Loss: 0.7164, Validation Accuracy: 76.61%
[2025-03-16 21:06:33] Epoch 0 - Test Accuracy: 73.66%
[2025-03-16 21:07:02] Epoch 1 - Training Loss: 0.7943, Training Accuracy: 72.75%
[2025-03-16 21:07:08] Epoch 1 - Validation Loss: 0.5828, Validation Accuracy: 80.58%
[2025-03-16 21:07:19] Epoch 1 - Test Accuracy: 77.86%
[2025-03-16 21:07:47] Epoch 2 - Training Loss: 0.6738, Training Accuracy: 77.08%
[2025-03-16 21:07:53] Epoch 2 - Validation Loss: 0.5217, Validation Accuracy: 81.64%
[2025-03-16 21:08:05] Epoch 2 - Test Accuracy: 79.53%
[2025-03-16 21:08:34] Epoch 3 - Training Loss: 0.6090, Training Accuracy: 79.33%
[2025-03-16 21:08:40] Epoch 3 - Validation Loss: 0.5146, Validation Accuracy: 82.58%
[2025-03-16 21:08:51] Epoch 3 - Test Accuracy: 79.80%
[2025-03-16 21:09:22] Epoch 4 - Training Loss: 0.5609, Training Accuracy: 80.97%
[2025-03-16 21:09:28] Epoch 4 - Validation Loss: 0.4601, Validation Accuracy: 84.66%
[2025-03-16 21:09:40] Epoch 4 - Test Accuracy: 81.89%
[2025-03-16 21:10:09] Epoch 5 - Training Loss: 0.5211, Training Accuracy: 82.24%
[2025-03-16 21:10:16] Epoch 5 - Validation Loss: 0.4129, Validation Accuracy: 85.96%
[2025-03-16 21:10:26] Epoch 5 - Test Accuracy: 83.90%
[2025-03-16 21:10:58] Epoch 6 - Training Loss: 0.4838, Training Accuracy: 83.69%
[2025-03-16 21:11:04] Epoch 6 - Validation Loss: 0.3800, Validation Accuracy: 87.12%
[2025-03-16 21:11:15] Epoch 6 - Test Accuracy: 84.39%
[2025-03-16 21:11:44] Epoch 7 - Training Loss: 0.4553, Training Accuracy: 84.45%
[2025-03-16 21:11:50] Epoch 7 - Validation Loss: 0.3562, Validation Accuracy: 87.42%
[2025-03-16 21:12:00] Epoch 7 - Test Accuracy: 85.08%
[2025-03-16 21:12:29] Epoch 8 - Training Loss: 0.4355, Training Accuracy: 85.34%
[2025-03-16 21:12:35] Epoch 8 - Validation Loss: 0.3279, Validation Accuracy: 88.79%
[2025-03-16 21:12:47] Epoch 8 - Test Accuracy: 86.79%
[2025-03-16 21:13:15] Epoch 9 - Training Loss: 0.4050, Training Accuracy: 86.35%
[2025-03-16 21:13:21] Epoch 9 - Validation Loss: 0.3179, Validation Accuracy: 88.82%
[2025-03-16 21:13:33] Epoch 9 - Test Accuracy: 87.11%
[2025-03-16 21:14:02] Epoch 10 - Training Loss: 0.3926, Training Accuracy: 86.77%
[2025-03-16 21:14:08] Epoch 10 - Validation Loss: 0.2959, Validation Accuracy: 89.82%
[2025-03-16 21:14:19] Epoch 10 - Test Accuracy: 87.65%
[2025-03-16 21:14:48] Epoch 11 - Training Loss: 0.3704, Training Accuracy: 87.49%
[2025-03-16 21:14:55] Epoch 11 - Validation Loss: 0.2877, Validation Accuracy: 90.01%
[2025-03-16 21:15:07] Epoch 11 - Test Accuracy: 88.10%
[2025-03-16 21:15:36] Epoch 12 - Training Loss: 0.3512, Training Accuracy: 88.07%
[2025-03-16 21:15:41] Epoch 12 - Validation Loss: 0.2677, Validation Accuracy: 90.74%
[2025-03-16 21:15:51] Epoch 12 - Test Accuracy: 90.08%
[2025-03-16 21:16:20] Epoch 13 - Training Loss: 0.3319, Training Accuracy: 88.64%
[2025-03-16 21:16:26] Epoch 13 - Validation Loss: 0.2557, Validation Accuracy: 91.74%
[2025-03-16 21:16:37] Epoch 13 - Test Accuracy: 89.13%
[2025-03-16 21:17:07] Epoch 14 - Training Loss: 0.3256, Training Accuracy: 88.86%
[2025-03-16 21:17:13] Epoch 14 - Validation Loss: 0.2785, Validation Accuracy: 90.31%
[2025-03-16 21:17:23] Epoch 14 - Test Accuracy: 89.00%
[2025-03-16 21:17:51] Epoch 15 - Training Loss: 0.3116, Training Accuracy: 89.40%
[2025-03-16 21:17:57] Epoch 15 - Validation Loss: 0.2702, Validation Accuracy: 90.76%
[2025-03-16 21:18:08] Epoch 15 - Test Accuracy: 88.39%
[2025-03-16 21:18:36] Epoch 16 - Training Loss: 0.3049, Training Accuracy: 89.52%
[2025-03-16 21:18:42] Epoch 16 - Validation Loss: 0.2481, Validation Accuracy: 91.17%
[2025-03-16 21:18:51] Epoch 16 - Test Accuracy: 90.45%
[2025-03-16 21:19:21] Epoch 17 - Training Loss: 0.2928, Training Accuracy: 89.98%
[2025-03-16 21:19:27] Epoch 17 - Validation Loss: 0.2426, Validation Accuracy: 91.60%
[2025-03-16 21:19:37] Epoch 17 - Test Accuracy: 90.55%
[2025-03-16 21:20:06] Epoch 18 - Training Loss: 0.2856, Training Accuracy: 90.13%
[2025-03-16 21:20:12] Epoch 18 - Validation Loss: 0.2329, Validation Accuracy: 91.84%
[2025-03-16 21:20:22] Epoch 18 - Test Accuracy: 90.01%
[2025-03-16 21:20:53] Epoch 19 - Training Loss: 0.2742, Training Accuracy: 90.73%
[2025-03-16 21:20:59] Epoch 19 - Validation Loss: 0.2329, Validation Accuracy: 92.01%
[2025-03-16 21:21:09] Epoch 19 - Test Accuracy: 90.30%
[2025-03-16 21:21:39] Epoch 20 - Training Loss: 0.2667, Training Accuracy: 90.83%
[2025-03-16 21:21:45] Epoch 20 - Validation Loss: 0.2415, Validation Accuracy: 91.71%
[2025-03-16 21:21:56] Epoch 20 - Test Accuracy: 90.84%
[2025-03-16 21:22:25] Epoch 21 - Training Loss: 0.2590, Training Accuracy: 91.09%
[2025-03-16 21:22:31] Epoch 21 - Validation Loss: 0.2154, Validation Accuracy: 92.38%
[2025-03-16 21:22:44] Epoch 21 - Test Accuracy: 91.43%
[2025-03-16 21:23:14] Epoch 22 - Training Loss: 0.2522, Training Accuracy: 91.18%
[2025-03-16 21:23:21] Epoch 22 - Validation Loss: 0.2339, Validation Accuracy: 92.09%
[2025-03-16 21:23:32] Epoch 22 - Test Accuracy: 90.70%
[2025-03-16 21:24:03] Epoch 23 - Training Loss: 0.2496, Training Accuracy: 91.53%
[2025-03-16 21:24:08] Epoch 23 - Validation Loss: 0.2214, Validation Accuracy: 92.17%
[2025-03-16 21:24:19] Epoch 23 - Test Accuracy: 91.31%
[2025-03-16 21:24:49] Epoch 24 - Training Loss: 0.2457, Training Accuracy: 91.48%
[2025-03-16 21:24:56] Epoch 24 - Validation Loss: 0.2056, Validation Accuracy: 92.87%
[2025-03-16 21:25:06] Epoch 24 - Test Accuracy: 91.85%
[2025-03-16 21:25:36] Epoch 25 - Training Loss: 0.2355, Training Accuracy: 92.01%
[2025-03-16 21:25:42] Epoch 25 - Validation Loss: 0.2102, Validation Accuracy: 92.71%
[2025-03-16 21:25:53] Epoch 25 - Test Accuracy: 91.90%
[2025-03-16 21:26:21] Epoch 26 - Training Loss: 0.2312, Training Accuracy: 92.08%
[2025-03-16 21:26:28] Epoch 26 - Validation Loss: 0.2143, Validation Accuracy: 92.98%
[2025-03-16 21:26:40] Epoch 26 - Test Accuracy: 91.97%
[2025-03-16 21:27:09] Epoch 27 - Training Loss: 0.2232, Training Accuracy: 92.31%
[2025-03-16 21:27:15] Epoch 27 - Validation Loss: 0.2065, Validation Accuracy: 92.76%
[2025-03-16 21:27:26] Epoch 27 - Test Accuracy: 92.22%
[2025-03-16 21:27:58] Epoch 28 - Training Loss: 0.2231, Training Accuracy: 92.28%
[2025-03-16 21:28:04] Epoch 28 - Validation Loss: 0.2215, Validation Accuracy: 92.06%
[2025-03-16 21:28:14] Epoch 28 - Test Accuracy: 91.97%
[2025-03-16 21:28:43] Epoch 29 - Training Loss: 0.1819, Training Accuracy: 93.71%
[2025-03-16 21:28:49] Epoch 29 - Validation Loss: 0.1870, Validation Accuracy: 93.63%
[2025-03-16 21:29:00] Epoch 29 - Test Accuracy: 93.08%
[2025-03-16 21:29:30] Epoch 30 - Training Loss: 0.1685, Training Accuracy: 94.19%
[2025-03-16 21:29:36] Epoch 30 - Validation Loss: 0.1805, Validation Accuracy: 94.11%
[2025-03-16 21:29:46] Epoch 30 - Test Accuracy: 93.25%
[2025-03-16 21:30:15] Epoch 31 - Training Loss: 0.1664, Training Accuracy: 94.26%
[2025-03-16 21:30:21] Epoch 31 - Validation Loss: 0.1794, Validation Accuracy: 93.87%
[2025-03-16 21:30:31] Epoch 31 - Test Accuracy: 93.35%
[2025-03-16 21:31:01] Epoch 32 - Training Loss: 0.1597, Training Accuracy: 94.37%
[2025-03-16 21:31:07] Epoch 32 - Validation Loss: 0.1770, Validation Accuracy: 94.03%
[2025-03-16 21:31:18] Epoch 32 - Test Accuracy: 93.52%
[2025-03-16 21:31:47] Epoch 33 - Training Loss: 0.1583, Training Accuracy: 94.39%
[2025-03-16 21:31:53] Epoch 33 - Validation Loss: 0.1778, Validation Accuracy: 93.95%
[2025-03-16 21:32:05] Epoch 33 - Test Accuracy: 93.45%
[2025-03-16 21:32:34] Epoch 34 - Training Loss: 0.1554, Training Accuracy: 94.51%
[2025-03-16 21:32:41] Epoch 34 - Validation Loss: 0.1724, Validation Accuracy: 94.17%
[2025-03-16 21:32:51] Epoch 34 - Test Accuracy: 93.52%
[2025-03-16 21:33:24] Epoch 35 - Training Loss: 0.1545, Training Accuracy: 94.64%
[2025-03-16 21:33:30] Epoch 35 - Validation Loss: 0.1754, Validation Accuracy: 93.95%
[2025-03-16 21:33:41] Epoch 35 - Test Accuracy: 93.59%
[2025-03-16 21:34:13] Epoch 36 - Training Loss: 0.1522, Training Accuracy: 94.63%
[2025-03-16 21:34:19] Epoch 36 - Validation Loss: 0.1712, Validation Accuracy: 94.09%
[2025-03-16 21:34:29] Epoch 36 - Test Accuracy: 93.50%
[2025-03-16 21:34:58] Epoch 37 - Training Loss: 0.1504, Training Accuracy: 94.87%
[2025-03-16 21:35:04] Epoch 37 - Validation Loss: 0.1733, Validation Accuracy: 94.03%
[2025-03-16 21:35:15] Epoch 37 - Test Accuracy: 93.62%
[2025-03-16 21:35:44] Epoch 38 - Training Loss: 0.1466, Training Accuracy: 94.89%
[2025-03-16 21:35:50] Epoch 38 - Validation Loss: 0.1720, Validation Accuracy: 94.03%
[2025-03-16 21:36:00] Epoch 38 - Test Accuracy: 93.64%
[2025-03-16 21:36:30] Epoch 39 - Training Loss: 0.1461, Training Accuracy: 94.84%
[2025-03-16 21:36:36] Epoch 39 - Validation Loss: 0.1693, Validation Accuracy: 94.25%
[2025-03-16 21:36:48] Epoch 39 - Test Accuracy: 93.77%
[2025-03-16 21:37:18] Epoch 40 - Training Loss: 0.1390, Training Accuracy: 95.08%
[2025-03-16 21:37:24] Epoch 40 - Validation Loss: 0.1729, Validation Accuracy: 94.22%
[2025-03-16 21:37:36] Epoch 40 - Test Accuracy: 93.62%
[2025-03-16 21:38:04] Epoch 41 - Training Loss: 0.1432, Training Accuracy: 95.01%
[2025-03-16 21:38:10] Epoch 41 - Validation Loss: 0.1727, Validation Accuracy: 94.19%
[2025-03-16 21:38:21] Epoch 41 - Test Accuracy: 93.57%
[2025-03-16 21:38:50] Epoch 42 - Training Loss: 0.1411, Training Accuracy: 95.07%
[2025-03-16 21:38:57] Epoch 42 - Validation Loss: 0.1717, Validation Accuracy: 94.19%
[2025-03-16 21:39:07] Epoch 42 - Test Accuracy: 93.67%
[2025-03-16 21:39:38] Epoch 43 - Training Loss: 0.1375, Training Accuracy: 95.08%
[2025-03-16 21:39:44] Epoch 43 - Validation Loss: 0.1710, Validation Accuracy: 94.11%
[2025-03-16 21:39:55] Epoch 43 - Test Accuracy: 93.50%
[2025-03-16 21:40:24] Epoch 44 - Training Loss: 0.1343, Training Accuracy: 95.22%
[2025-03-16 21:40:31] Epoch 44 - Validation Loss: 0.1694, Validation Accuracy: 94.22%
[2025-03-16 21:40:41] Epoch 44 - Test Accuracy: 93.54%
[2025-03-16 21:40:41] Stopping training at epoch 45 due to early stopping
[2025-03-16 21:40:41] Final Training Accuracy: 95.22%
[2025-03-16 21:40:41] Final Test Accuracy: 93.54%
[2025-03-16 21:40:41] Final Validation Accuracy: 94.22%, Model size: 167086
[2025-03-16 21:40:41] Saved model checkpoint to best_model_trial_132.pt
[2025-03-16 21:40:42] Error: [Errno 28] No space left on device
[2025-03-16 21:43:18] Starting training with hyperparameters: {'d_state': 16, 'd_conv': 8, 'expand': 2, 'batch_size': 28, 'dropout_rate': 0.4632296237346964, 'num_mamba_layers': 3, 'n_mfcc': 28, 'n_fft': 301, 'hop_length': 63, 'n_mels': 41, 'noise_level': 0.12913169843975378, 'shift': 99, 'lr': 0.001021794305657758, 'weight_decay': 2.9678926189294756e-06}
[2025-03-16 21:43:24] Starting training with hyperparameters: {'d_state': 15, 'd_conv': 7, 'expand': 2, 'batch_size': 30, 'dropout_rate': 0.29203149685935215, 'num_mamba_layers': 4, 'n_mfcc': 30, 'n_fft': 280, 'hop_length': 225, 'n_mels': 60, 'noise_level': 0.1383070154733133, 'shift': 71, 'lr': 0.0002981244131324502, 'weight_decay': 9.726829659971373e-05}
[2025-03-16 21:43:27] Starting training with hyperparameters: {'d_state': 13, 'd_conv': 8, 'expand': 3, 'batch_size': 31, 'dropout_rate': 0.4236524385396177, 'num_mamba_layers': 4, 'n_mfcc': 28, 'n_fft': 255, 'hop_length': 156, 'n_mels': 39, 'noise_level': 0.1525370840204498, 'shift': 78, 'lr': 0.0008963474501515997, 'weight_decay': 5.513624587406721e-05}
[2025-03-16 21:44:32] Starting training with hyperparameters: {'d_state': 8, 'd_conv': 8, 'expand': 3, 'batch_size': 32, 'dropout_rate': 0.4348289177003103, 'num_mamba_layers': 3, 'n_mfcc': 28, 'n_fft': 308, 'hop_length': 110, 'n_mels': 35, 'noise_level': 0.11216327064657246, 'shift': 87, 'lr': 0.0016758999147789852, 'weight_decay': 6.6843788165217445e-06}
[2025-03-16 21:45:04] Error: [Errno 28] No space left on device
[2025-03-16 21:46:21] Starting training with hyperparameters: {'d_state': 8, 'd_conv': 8, 'expand': 2, 'batch_size': 26, 'dropout_rate': 0.20326630325303371, 'num_mamba_layers': 2, 'n_mfcc': 23, 'n_fft': 220, 'hop_length': 171, 'n_mels': 28, 'noise_level': 0.12872253650894738, 'shift': 92, 'lr': 0.005194080609660039, 'weight_decay': 9.775802978165744e-06}
[2025-03-16 21:46:26] Starting training with hyperparameters: {'d_state': 16, 'd_conv': 8, 'expand': 2, 'batch_size': 29, 'dropout_rate': 0.4612784445765736, 'num_mamba_layers': 2, 'n_mfcc': 28, 'n_fft': 281, 'hop_length': 133, 'n_mels': 28, 'noise_level': 0.1237192300488282, 'shift': 96, 'lr': 0.0011002281373887258, 'weight_decay': 2.6665201006627843e-05}
[2025-03-16 21:46:29] Starting training with hyperparameters: {'d_state': 20, 'd_conv': 6, 'expand': 2, 'batch_size': 32, 'dropout_rate': 0.3983365225963729, 'num_mamba_layers': 4, 'n_mfcc': 27, 'n_fft': 360, 'hop_length': 202, 'n_mels': 45, 'noise_level': 0.08773167678973773, 'shift': 94, 'lr': 0.0002957228032569883, 'weight_decay': 3.484344629899753e-05}
[2025-03-16 21:47:35] Starting training with hyperparameters: {'d_state': 12, 'd_conv': 8, 'expand': 2, 'batch_size': 29, 'dropout_rate': 0.24476613631744232, 'num_mamba_layers': 3, 'n_mfcc': 27, 'n_fft': 416, 'hop_length': 30, 'n_mels': 26, 'noise_level': 0.12444290091942352, 'shift': 74, 'lr': 0.002936253682813143, 'weight_decay': 1.3917454643308604e-05}
[2025-03-16 21:47:42] Error: Caught RuntimeError in DataLoader worker process 1.
Original Traceback (most recent call last):
  File "/usr/local/lib/python3.10/dist-packages/torch/utils/data/_utils/worker.py", line 351, in _worker_loop
    data = fetcher.fetch(index)  # type: ignore[possibly-undefined]
  File "/usr/local/lib/python3.10/dist-packages/torch/utils/data/_utils/fetch.py", line 55, in fetch
    return self.collate_fn(data)
  File "/usr/local/lib/python3.10/dist-packages/torch/utils/data/_utils/collate.py", line 398, in default_collate
    return collate(batch, collate_fn_map=default_collate_fn_map)
  File "/usr/local/lib/python3.10/dist-packages/torch/utils/data/_utils/collate.py", line 211, in collate
    return [
  File "/usr/local/lib/python3.10/dist-packages/torch/utils/data/_utils/collate.py", line 212, in <listcomp>
    collate(samples, collate_fn_map=collate_fn_map)
  File "/usr/local/lib/python3.10/dist-packages/torch/utils/data/_utils/collate.py", line 155, in collate
    return collate_fn_map[elem_type](batch, collate_fn_map=collate_fn_map)
  File "/usr/local/lib/python3.10/dist-packages/torch/utils/data/_utils/collate.py", line 270, in collate_tensor_fn
    storage = elem._typed_storage()._new_shared(numel, device=elem.device)
  File "/usr/local/lib/python3.10/dist-packages/torch/storage.py", line 1180, in _new_shared
    untyped_storage = torch.UntypedStorage._new_shared(
  File "/usr/local/lib/python3.10/dist-packages/torch/storage.py", line 402, in _new_shared
    return cls._new_using_fd_cpu(size)
RuntimeError: unable to write to file </torch_2449654_2602512007_240>: No space left on device (28)

[2025-03-16 21:49:08] Starting training with hyperparameters: {'d_state': 12, 'd_conv': 8, 'expand': 2, 'batch_size': 31, 'dropout_rate': 0.41146868427025696, 'num_mamba_layers': 4, 'n_mfcc': 27, 'n_fft': 280, 'hop_length': 115, 'n_mels': 49, 'noise_level': 0.14890652752840988, 'shift': 66, 'lr': 0.0015693489147895537, 'weight_decay': 2.3393547383608944e-05}
[2025-03-16 21:49:13] Starting training with hyperparameters: {'d_state': 11, 'd_conv': 7, 'expand': 2, 'batch_size': 32, 'dropout_rate': 0.38871485991049337, 'num_mamba_layers': 3, 'n_mfcc': 22, 'n_fft': 313, 'hop_length': 22, 'n_mels': 26, 'noise_level': 0.10912358029850112, 'shift': 78, 'lr': 0.000592023244313355, 'weight_decay': 8.508548080726425e-06}
[2025-03-16 21:49:15] Starting training with hyperparameters: {'d_state': 8, 'd_conv': 6, 'expand': 2, 'batch_size': 28, 'dropout_rate': 0.43510705372490444, 'num_mamba_layers': 3, 'n_mfcc': 29, 'n_fft': 353, 'hop_length': 245, 'n_mels': 27, 'noise_level': 0.14142507853721778, 'shift': 75, 'lr': 0.0006602523496419847, 'weight_decay': 1.986028855236786e-05}
[2025-03-16 21:50:20] Starting training with hyperparameters: {'d_state': 9, 'd_conv': 8, 'expand': 2, 'batch_size': 22, 'dropout_rate': 0.26531451110092513, 'num_mamba_layers': 3, 'n_mfcc': 29, 'n_fft': 381, 'hop_length': 132, 'n_mels': 55, 'noise_level': 0.1881082674899463, 'shift': 87, 'lr': 0.0005231352683162272, 'weight_decay': 1.7534305955210726e-06}
[2025-03-16 21:51:15] Epoch 0 - Training Loss: 1.3902, Training Accuracy: 50.96%
[2025-03-16 21:51:24] Epoch 0 - Validation Loss: 0.7663, Validation Accuracy: 74.21%
[2025-03-16 21:51:41] Epoch 0 - Test Accuracy: 72.41%
[2025-03-16 21:52:32] Epoch 1 - Training Loss: 0.8430, Training Accuracy: 71.34%
[2025-03-16 21:52:41] Epoch 1 - Validation Loss: 0.5681, Validation Accuracy: 81.64%
[2025-03-16 21:52:55] Epoch 1 - Test Accuracy: 79.38%
[2025-03-16 21:53:46] Epoch 2 - Training Loss: 0.7200, Training Accuracy: 75.66%
[2025-03-16 21:53:55] Epoch 2 - Validation Loss: 0.5081, Validation Accuracy: 83.39%
[2025-03-16 21:54:11] Epoch 2 - Test Accuracy: 80.12%
[2025-03-16 21:55:02] Epoch 3 - Training Loss: 0.6418, Training Accuracy: 78.03%
[2025-03-16 21:55:11] Epoch 3 - Validation Loss: 0.4585, Validation Accuracy: 84.69%
[2025-03-16 21:55:27] Epoch 3 - Test Accuracy: 82.74%
[2025-03-16 21:56:17] Epoch 4 - Training Loss: 0.5929, Training Accuracy: 79.88%
[2025-03-16 21:56:26] Epoch 4 - Validation Loss: 0.4269, Validation Accuracy: 86.25%
[2025-03-16 21:56:43] Epoch 4 - Test Accuracy: 83.38%
[2025-03-16 21:57:34] Epoch 5 - Training Loss: 0.5587, Training Accuracy: 81.00%
[2025-03-16 21:57:43] Epoch 5 - Validation Loss: 0.4224, Validation Accuracy: 86.09%
[2025-03-16 21:57:59] Epoch 5 - Test Accuracy: 84.22%
[2025-03-16 21:58:48] Epoch 6 - Training Loss: 0.5317, Training Accuracy: 82.02%
[2025-03-16 21:58:58] Epoch 6 - Validation Loss: 0.3842, Validation Accuracy: 87.28%
[2025-03-16 21:59:14] Epoch 6 - Test Accuracy: 84.83%
[2025-03-16 22:00:03] Epoch 7 - Training Loss: 0.5028, Training Accuracy: 82.64%
[2025-03-16 22:00:12] Epoch 7 - Validation Loss: 0.3877, Validation Accuracy: 86.96%
[2025-03-16 22:00:27] Epoch 7 - Test Accuracy: 84.19%
[2025-03-16 22:01:20] Epoch 8 - Training Loss: 0.4838, Training Accuracy: 83.51%
[2025-03-16 22:01:29] Epoch 8 - Validation Loss: 0.3654, Validation Accuracy: 87.44%
[2025-03-16 22:01:46] Epoch 8 - Test Accuracy: 86.16%
[2025-03-16 22:02:37] Epoch 9 - Training Loss: 0.4659, Training Accuracy: 84.06%
[2025-03-16 22:02:45] Epoch 9 - Validation Loss: 0.3591, Validation Accuracy: 88.28%
[2025-03-16 22:03:00] Epoch 9 - Test Accuracy: 86.21%
[2025-03-16 22:03:51] Epoch 10 - Training Loss: 0.4507, Training Accuracy: 84.40%
[2025-03-16 22:04:00] Epoch 10 - Validation Loss: 0.3359, Validation Accuracy: 88.95%
[2025-03-16 22:04:14] Epoch 10 - Test Accuracy: 86.87%
[2025-03-16 22:05:04] Epoch 11 - Training Loss: 0.4303, Training Accuracy: 85.22%
[2025-03-16 22:05:13] Epoch 11 - Validation Loss: 0.3129, Validation Accuracy: 89.50%
[2025-03-16 22:05:29] Epoch 11 - Test Accuracy: 87.21%
[2025-03-16 22:06:19] Epoch 12 - Training Loss: 0.4211, Training Accuracy: 85.50%
[2025-03-16 22:06:28] Epoch 12 - Validation Loss: 0.3267, Validation Accuracy: 88.87%
[2025-03-16 22:06:44] Epoch 12 - Test Accuracy: 87.58%
[2025-03-16 22:07:34] Epoch 13 - Training Loss: 0.4017, Training Accuracy: 86.19%
[2025-03-16 22:07:43] Epoch 13 - Validation Loss: 0.3142, Validation Accuracy: 89.20%
[2025-03-16 22:07:59] Epoch 13 - Test Accuracy: 87.60%
[2025-03-16 22:08:50] Epoch 14 - Training Loss: 0.3921, Training Accuracy: 86.59%
[2025-03-16 22:08:58] Epoch 14 - Validation Loss: 0.3095, Validation Accuracy: 89.28%
[2025-03-16 22:09:15] Epoch 14 - Test Accuracy: 87.41%
[2025-03-16 22:10:06] Epoch 15 - Training Loss: 0.3849, Training Accuracy: 86.80%
[2025-03-16 22:10:15] Epoch 15 - Validation Loss: 0.2860, Validation Accuracy: 90.31%
[2025-03-16 22:10:28] Epoch 15 - Test Accuracy: 88.02%
[2025-03-16 22:11:17] Epoch 16 - Training Loss: 0.3755, Training Accuracy: 87.24%
[2025-03-16 22:11:26] Epoch 16 - Validation Loss: 0.2898, Validation Accuracy: 90.06%
[2025-03-16 22:11:43] Epoch 16 - Test Accuracy: 88.17%
[2025-03-16 22:12:39] Epoch 17 - Training Loss: 0.3660, Training Accuracy: 87.50%
[2025-03-16 22:12:48] Epoch 17 - Validation Loss: 0.2854, Validation Accuracy: 89.66%
[2025-03-16 22:13:03] Epoch 17 - Test Accuracy: 88.76%
[2025-03-16 22:13:55] Epoch 18 - Training Loss: 0.3541, Training Accuracy: 87.88%
[2025-03-16 22:14:04] Epoch 18 - Validation Loss: 0.2698, Validation Accuracy: 90.66%
[2025-03-16 22:14:21] Epoch 18 - Test Accuracy: 88.95%
[2025-03-16 22:15:14] Epoch 19 - Training Loss: 0.3534, Training Accuracy: 87.79%
[2025-03-16 22:15:23] Epoch 19 - Validation Loss: 0.2780, Validation Accuracy: 90.44%
[2025-03-16 22:15:38] Epoch 19 - Test Accuracy: 89.03%
[2025-03-16 22:16:30] Epoch 20 - Training Loss: 0.3409, Training Accuracy: 88.26%
[2025-03-16 22:16:39] Epoch 20 - Validation Loss: 0.2656, Validation Accuracy: 90.74%
[2025-03-16 22:16:54] Epoch 20 - Test Accuracy: 88.88%
[2025-03-16 22:17:45] Epoch 21 - Training Loss: 0.3264, Training Accuracy: 88.64%
[2025-03-16 22:17:53] Epoch 21 - Validation Loss: 0.2725, Validation Accuracy: 90.79%
[2025-03-16 22:18:08] Epoch 21 - Test Accuracy: 88.22%
[2025-03-16 22:18:59] Epoch 22 - Training Loss: 0.3187, Training Accuracy: 89.25%
[2025-03-16 22:19:08] Epoch 22 - Validation Loss: 0.2472, Validation Accuracy: 91.44%
[2025-03-16 22:19:24] Epoch 22 - Test Accuracy: 89.22%
[2025-03-16 22:20:14] Epoch 23 - Training Loss: 0.3150, Training Accuracy: 89.20%
[2025-03-16 22:20:23] Epoch 23 - Validation Loss: 0.2489, Validation Accuracy: 91.55%
[2025-03-16 22:20:39] Epoch 23 - Test Accuracy: 89.37%
[2025-03-16 22:21:32] Epoch 24 - Training Loss: 0.3156, Training Accuracy: 89.03%
[2025-03-16 22:21:41] Epoch 24 - Validation Loss: 0.2414, Validation Accuracy: 92.03%
[2025-03-16 22:21:57] Epoch 24 - Test Accuracy: 89.03%
[2025-03-16 22:22:47] Epoch 25 - Training Loss: 0.3024, Training Accuracy: 89.62%
[2025-03-16 22:22:56] Epoch 25 - Validation Loss: 0.2551, Validation Accuracy: 91.30%
[2025-03-16 22:23:11] Epoch 25 - Test Accuracy: 89.25%
[2025-03-16 22:24:01] Epoch 26 - Training Loss: 0.2946, Training Accuracy: 89.87%
[2025-03-16 22:24:10] Epoch 26 - Validation Loss: 0.2351, Validation Accuracy: 91.76%
[2025-03-16 22:24:26] Epoch 26 - Test Accuracy: 90.03%
[2025-03-16 22:25:18] Epoch 27 - Training Loss: 0.2944, Training Accuracy: 90.00%
[2025-03-16 22:25:28] Epoch 27 - Validation Loss: 0.2284, Validation Accuracy: 92.55%
[2025-03-16 22:25:43] Epoch 27 - Test Accuracy: 90.30%
[2025-03-16 22:26:35] Epoch 28 - Training Loss: 0.2853, Training Accuracy: 90.07%
[2025-03-16 22:26:43] Epoch 28 - Validation Loss: 0.2372, Validation Accuracy: 91.76%
[2025-03-16 22:26:59] Epoch 28 - Test Accuracy: 90.45%
[2025-03-16 22:27:48] Epoch 29 - Training Loss: 0.2829, Training Accuracy: 90.17%
[2025-03-16 22:27:56] Epoch 29 - Validation Loss: 0.2346, Validation Accuracy: 91.95%
[2025-03-16 22:28:13] Epoch 29 - Test Accuracy: 90.48%
[2025-03-16 22:29:08] Epoch 30 - Training Loss: 0.2720, Training Accuracy: 90.54%
[2025-03-16 22:29:16] Epoch 30 - Validation Loss: 0.2176, Validation Accuracy: 92.60%
[2025-03-16 22:29:33] Epoch 30 - Test Accuracy: 90.50%
[2025-03-16 22:30:25] Epoch 31 - Training Loss: 0.2684, Training Accuracy: 90.78%
[2025-03-16 22:30:33] Epoch 31 - Validation Loss: 0.2094, Validation Accuracy: 92.92%
[2025-03-16 22:30:47] Epoch 31 - Test Accuracy: 90.92%
[2025-03-16 22:31:39] Epoch 32 - Training Loss: 0.2681, Training Accuracy: 90.79%
[2025-03-16 22:31:47] Epoch 32 - Validation Loss: 0.2303, Validation Accuracy: 92.14%
[2025-03-16 22:32:03] Epoch 32 - Test Accuracy: 89.72%
[2025-03-16 22:32:54] Epoch 33 - Training Loss: 0.2550, Training Accuracy: 91.22%
[2025-03-16 22:33:02] Epoch 33 - Validation Loss: 0.2141, Validation Accuracy: 92.90%
[2025-03-16 22:33:19] Epoch 33 - Test Accuracy: 90.84%
[2025-03-16 22:34:13] Epoch 34 - Training Loss: 0.2522, Training Accuracy: 91.37%
[2025-03-16 22:34:23] Epoch 34 - Validation Loss: 0.2115, Validation Accuracy: 92.49%
[2025-03-16 22:34:40] Epoch 34 - Test Accuracy: 91.24%
[2025-03-16 22:35:31] Epoch 35 - Training Loss: 0.2448, Training Accuracy: 91.64%
[2025-03-16 22:35:39] Epoch 35 - Validation Loss: 0.2130, Validation Accuracy: 92.55%
[2025-03-16 22:35:54] Epoch 35 - Test Accuracy: 91.34%
[2025-03-16 22:36:46] Epoch 36 - Training Loss: 0.2123, Training Accuracy: 92.67%
[2025-03-16 22:36:55] Epoch 36 - Validation Loss: 0.1933, Validation Accuracy: 93.38%
[2025-03-16 22:37:11] Epoch 36 - Test Accuracy: 92.37%
[2025-03-16 22:38:01] Epoch 37 - Training Loss: 0.1996, Training Accuracy: 93.18%
[2025-03-16 22:38:11] Epoch 37 - Validation Loss: 0.1898, Validation Accuracy: 93.49%
[2025-03-16 22:38:27] Epoch 37 - Test Accuracy: 92.44%
[2025-03-16 22:39:18] Epoch 38 - Training Loss: 0.1886, Training Accuracy: 93.40%
[2025-03-16 22:39:27] Epoch 38 - Validation Loss: 0.1861, Validation Accuracy: 93.79%
[2025-03-16 22:39:40] Epoch 38 - Test Accuracy: 92.54%
[2025-03-16 22:40:31] Epoch 39 - Training Loss: 0.1837, Training Accuracy: 93.61%
[2025-03-16 22:40:39] Epoch 39 - Validation Loss: 0.1879, Validation Accuracy: 93.68%
[2025-03-16 22:40:55] Epoch 39 - Test Accuracy: 92.39%
[2025-03-16 22:41:47] Epoch 40 - Training Loss: 0.1846, Training Accuracy: 93.64%
[2025-03-16 22:41:56] Epoch 40 - Validation Loss: 0.1848, Validation Accuracy: 93.68%
[2025-03-16 22:42:11] Epoch 40 - Test Accuracy: 92.42%
[2025-03-16 22:43:04] Epoch 41 - Training Loss: 0.1804, Training Accuracy: 93.69%
[2025-03-16 22:43:13] Epoch 41 - Validation Loss: 0.1882, Validation Accuracy: 93.46%
[2025-03-16 22:43:29] Epoch 41 - Test Accuracy: 92.49%
[2025-03-16 22:44:20] Epoch 42 - Training Loss: 0.1734, Training Accuracy: 93.97%
[2025-03-16 22:44:29] Epoch 42 - Validation Loss: 0.1856, Validation Accuracy: 93.63%
[2025-03-16 22:44:44] Epoch 42 - Test Accuracy: 92.73%
[2025-03-16 22:45:39] Epoch 43 - Training Loss: 0.1737, Training Accuracy: 93.98%
[2025-03-16 22:45:48] Epoch 43 - Validation Loss: 0.1854, Validation Accuracy: 93.55%
[2025-03-16 22:46:05] Epoch 43 - Test Accuracy: 92.71%
[2025-03-16 22:46:57] Epoch 44 - Training Loss: 0.1722, Training Accuracy: 93.97%
[2025-03-16 22:47:05] Epoch 44 - Validation Loss: 0.1835, Validation Accuracy: 94.11%
[2025-03-16 22:47:20] Epoch 44 - Test Accuracy: 93.08%
[2025-03-16 22:48:12] Epoch 45 - Training Loss: 0.1664, Training Accuracy: 94.18%
[2025-03-16 22:48:21] Epoch 45 - Validation Loss: 0.1829, Validation Accuracy: 93.73%
[2025-03-16 22:48:37] Epoch 45 - Test Accuracy: 92.61%
[2025-03-16 22:49:26] Epoch 46 - Training Loss: 0.1656, Training Accuracy: 94.24%
[2025-03-16 22:49:35] Epoch 46 - Validation Loss: 0.1842, Validation Accuracy: 93.90%
[2025-03-16 22:49:53] Epoch 46 - Test Accuracy: 92.98%
[2025-03-16 22:50:45] Epoch 47 - Training Loss: 0.1648, Training Accuracy: 94.36%
[2025-03-16 22:50:54] Epoch 47 - Validation Loss: 0.1859, Validation Accuracy: 93.84%
[2025-03-16 22:51:11] Epoch 47 - Test Accuracy: 93.20%
[2025-03-16 22:52:02] Epoch 48 - Training Loss: 0.1682, Training Accuracy: 94.14%
[2025-03-16 22:52:11] Epoch 48 - Validation Loss: 0.1832, Validation Accuracy: 94.03%
[2025-03-16 22:52:28] Epoch 48 - Test Accuracy: 92.71%
[2025-03-16 22:53:18] Epoch 49 - Training Loss: 0.1648, Training Accuracy: 94.16%
[2025-03-16 22:53:27] Epoch 49 - Validation Loss: 0.1814, Validation Accuracy: 93.90%
[2025-03-16 22:53:41] Epoch 49 - Test Accuracy: 92.88%
[2025-03-16 22:54:33] Epoch 50 - Training Loss: 0.1615, Training Accuracy: 94.46%
[2025-03-16 22:54:42] Epoch 50 - Validation Loss: 0.1831, Validation Accuracy: 93.98%
[2025-03-16 22:54:58] Epoch 50 - Test Accuracy: 92.93%
[2025-03-16 22:55:52] Epoch 51 - Training Loss: 0.1554, Training Accuracy: 94.70%
[2025-03-16 22:56:01] Epoch 51 - Validation Loss: 0.1851, Validation Accuracy: 93.90%
[2025-03-16 22:56:18] Epoch 51 - Test Accuracy: 93.13%
[2025-03-16 22:57:08] Epoch 52 - Training Loss: 0.1608, Training Accuracy: 94.43%
[2025-03-16 22:57:16] Epoch 52 - Validation Loss: 0.1815, Validation Accuracy: 93.60%
[2025-03-16 22:57:34] Epoch 52 - Test Accuracy: 93.27%
[2025-03-16 22:58:28] Epoch 53 - Training Loss: 0.1611, Training Accuracy: 94.49%
[2025-03-16 22:58:37] Epoch 53 - Validation Loss: 0.1816, Validation Accuracy: 93.87%
[2025-03-16 22:58:52] Epoch 53 - Test Accuracy: 93.37%
[2025-03-16 22:59:42] Epoch 54 - Training Loss: 0.1546, Training Accuracy: 94.59%
[2025-03-16 22:59:50] Epoch 54 - Validation Loss: 0.1800, Validation Accuracy: 93.76%
[2025-03-16 23:00:06] Epoch 54 - Test Accuracy: 93.23%
[2025-03-16 23:00:57] Epoch 55 - Training Loss: 0.1546, Training Accuracy: 94.63%
[2025-03-16 23:01:06] Epoch 55 - Validation Loss: 0.1791, Validation Accuracy: 93.87%
[2025-03-16 23:01:20] Epoch 55 - Test Accuracy: 93.27%
[2025-03-16 23:02:11] Epoch 56 - Training Loss: 0.1482, Training Accuracy: 94.76%
[2025-03-16 23:02:20] Epoch 56 - Validation Loss: 0.1790, Validation Accuracy: 93.92%
[2025-03-16 23:02:37] Epoch 56 - Test Accuracy: 93.23%
[2025-03-16 23:03:27] Epoch 57 - Training Loss: 0.1563, Training Accuracy: 94.49%
[2025-03-16 23:03:36] Epoch 57 - Validation Loss: 0.1785, Validation Accuracy: 93.98%
[2025-03-16 23:03:50] Epoch 57 - Test Accuracy: 93.25%
[2025-03-16 23:04:43] Epoch 58 - Training Loss: 0.1557, Training Accuracy: 94.40%
[2025-03-16 23:04:51] Epoch 58 - Validation Loss: 0.1787, Validation Accuracy: 94.03%
[2025-03-16 23:05:08] Epoch 58 - Test Accuracy: 93.18%
[2025-03-16 23:05:59] Epoch 59 - Training Loss: 0.1525, Training Accuracy: 94.73%
[2025-03-16 23:06:08] Epoch 59 - Validation Loss: 0.1785, Validation Accuracy: 94.03%
[2025-03-16 23:06:23] Epoch 59 - Test Accuracy: 93.32%
[2025-03-16 23:07:14] Epoch 60 - Training Loss: 0.1521, Training Accuracy: 94.80%
[2025-03-16 23:07:22] Epoch 60 - Validation Loss: 0.1787, Validation Accuracy: 94.00%
[2025-03-16 23:07:36] Epoch 60 - Test Accuracy: 93.25%
[2025-03-16 23:08:27] Epoch 61 - Training Loss: 0.1520, Training Accuracy: 94.68%
[2025-03-16 23:08:36] Epoch 61 - Validation Loss: 0.1785, Validation Accuracy: 93.90%
[2025-03-16 23:08:51] Epoch 61 - Test Accuracy: 93.30%
[2025-03-16 23:09:40] Epoch 62 - Training Loss: 0.1493, Training Accuracy: 94.93%
[2025-03-16 23:09:49] Epoch 62 - Validation Loss: 0.1785, Validation Accuracy: 93.90%
[2025-03-16 23:10:03] Epoch 62 - Test Accuracy: 93.35%
[2025-03-16 23:10:03] Stopping training at epoch 63 due to early stopping
[2025-03-16 23:10:03] Final Training Accuracy: 94.93%
[2025-03-16 23:10:03] Final Test Accuracy: 93.35%
[2025-03-16 23:10:03] Final Validation Accuracy: 93.90%, Model size: 324730
[2025-03-16 23:10:03] Saved model checkpoint to best_model_trial_145.pt
[2025-03-16 23:10:04] Error: [Errno 28] No space left on device
[2025-03-16 23:11:51] Starting training with hyperparameters: {'d_state': 13, 'd_conv': 8, 'expand': 2, 'batch_size': 26, 'dropout_rate': 0.3732798034412011, 'num_mamba_layers': 3, 'n_mfcc': 29, 'n_fft': 288, 'hop_length': 296, 'n_mels': 27, 'noise_level': 0.10397732686425414, 'shift': 90, 'lr': 0.0005151936164305705, 'weight_decay': 2.9847963164765936e-06}
[2025-03-16 23:11:54] Starting training with hyperparameters: {'d_state': 11, 'd_conv': 7, 'expand': 3, 'batch_size': 25, 'dropout_rate': 0.45519212912543333, 'num_mamba_layers': 2, 'n_mfcc': 22, 'n_fft': 229, 'hop_length': 44, 'n_mels': 45, 'noise_level': 0.11747100981025718, 'shift': 60, 'lr': 0.0005598299284901632, 'weight_decay': 3.017432840809306e-05}
[2025-03-16 23:11:58] Starting training with hyperparameters: {'d_state': 9, 'd_conv': 5, 'expand': 2, 'batch_size': 28, 'dropout_rate': 0.3206918570277312, 'num_mamba_layers': 4, 'n_mfcc': 29, 'n_fft': 303, 'hop_length': 130, 'n_mels': 53, 'noise_level': 0.16721243369707886, 'shift': 54, 'lr': 0.0008719565640271337, 'weight_decay': 1.742156686999453e-05}
[2025-03-16 23:13:06] Starting training with hyperparameters: {'d_state': 11, 'd_conv': 7, 'expand': 2, 'batch_size': 32, 'dropout_rate': 0.2733759950517089, 'num_mamba_layers': 3, 'n_mfcc': 25, 'n_fft': 375, 'hop_length': 20, 'n_mels': 38, 'noise_level': 0.09657177218011245, 'shift': 77, 'lr': 0.0028111245428071286, 'weight_decay': 1.075120312040179e-05}
[2025-03-16 23:13:44] Starting training with hyperparameters: {'d_state': 12, 'd_conv': 7, 'expand': 2, 'batch_size': 28, 'dropout_rate': 0.24958489281079033, 'num_mamba_layers': 3, 'n_mfcc': 26, 'n_fft': 324, 'hop_length': 129, 'n_mels': 20, 'noise_level': 0.09536399143764793, 'shift': 55, 'lr': 0.0006226124919787292, 'weight_decay': 2.817060051794346e-05}
[2025-03-16 23:13:53] Error: Caught RuntimeError in DataLoader worker process 2.
Original Traceback (most recent call last):
  File "/usr/local/lib/python3.10/dist-packages/torch/utils/data/_utils/worker.py", line 351, in _worker_loop
    data = fetcher.fetch(index)  # type: ignore[possibly-undefined]
  File "/usr/local/lib/python3.10/dist-packages/torch/utils/data/_utils/fetch.py", line 55, in fetch
    return self.collate_fn(data)
  File "/usr/local/lib/python3.10/dist-packages/torch/utils/data/_utils/collate.py", line 398, in default_collate
    return collate(batch, collate_fn_map=default_collate_fn_map)
  File "/usr/local/lib/python3.10/dist-packages/torch/utils/data/_utils/collate.py", line 211, in collate
    return [
  File "/usr/local/lib/python3.10/dist-packages/torch/utils/data/_utils/collate.py", line 212, in <listcomp>
    collate(samples, collate_fn_map=collate_fn_map)
  File "/usr/local/lib/python3.10/dist-packages/torch/utils/data/_utils/collate.py", line 155, in collate
    return collate_fn_map[elem_type](batch, collate_fn_map=collate_fn_map)
  File "/usr/local/lib/python3.10/dist-packages/torch/utils/data/_utils/collate.py", line 270, in collate_tensor_fn
    storage = elem._typed_storage()._new_shared(numel, device=elem.device)
  File "/usr/local/lib/python3.10/dist-packages/torch/storage.py", line 1180, in _new_shared
    untyped_storage = torch.UntypedStorage._new_shared(
  File "/usr/local/lib/python3.10/dist-packages/torch/storage.py", line 402, in _new_shared
    return cls._new_using_fd_cpu(size)
RuntimeError: unable to write to file </torch_2550499_3847684654_226>: No space left on device (28)

[2025-03-16 23:15:54] Starting training with hyperparameters: {'d_state': 10, 'd_conv': 8, 'expand': 2, 'batch_size': 28, 'dropout_rate': 0.3122017684308324, 'num_mamba_layers': 3, 'n_mfcc': 25, 'n_fft': 339, 'hop_length': 97, 'n_mels': 36, 'noise_level': 0.1687500044064364, 'shift': 63, 'lr': 0.0018319479584847035, 'weight_decay': 2.1780416342139846e-05}
[2025-03-16 23:16:03] Starting training with hyperparameters: {'d_state': 16, 'd_conv': 7, 'expand': 2, 'batch_size': 31, 'dropout_rate': 0.30576829997717464, 'num_mamba_layers': 4, 'n_mfcc': 29, 'n_fft': 254, 'hop_length': 44, 'n_mels': 22, 'noise_level': 0.07209843344290891, 'shift': 72, 'lr': 0.0005636518690861371, 'weight_decay': 1.9503834937207852e-05}
[2025-03-16 23:16:09] Starting training with hyperparameters: {'d_state': 10, 'd_conv': 8, 'expand': 2, 'batch_size': 30, 'dropout_rate': 0.4315796977205101, 'num_mamba_layers': 4, 'n_mfcc': 29, 'n_fft': 334, 'hop_length': 189, 'n_mels': 20, 'noise_level': 0.15773503184221224, 'shift': 92, 'lr': 0.0018445872770937871, 'weight_decay': 2.5189073243673573e-05}
[2025-03-16 23:17:32] Starting training with hyperparameters: {'d_state': 10, 'd_conv': 8, 'expand': 3, 'batch_size': 29, 'dropout_rate': 0.4090384330733925, 'num_mamba_layers': 3, 'n_mfcc': 26, 'n_fft': 254, 'hop_length': 37, 'n_mels': 31, 'noise_level': 0.1455385547036247, 'shift': 91, 'lr': 0.004107591314408218, 'weight_decay': 1.1540545786495047e-05}
[2025-03-16 23:17:38] Error: [Errno 28] No space left on device
[2025-03-16 23:19:56] Starting training with hyperparameters: {'d_state': 19, 'd_conv': 8, 'expand': 2, 'batch_size': 32, 'dropout_rate': 0.3949111006015575, 'num_mamba_layers': 2, 'n_mfcc': 30, 'n_fft': 301, 'hop_length': 167, 'n_mels': 22, 'noise_level': 0.14226248526869184, 'shift': 92, 'lr': 0.00038540948307705397, 'weight_decay': 1.1822207582977459e-05}
[2025-03-16 23:20:00] Starting training with hyperparameters: {'d_state': 19, 'd_conv': 8, 'expand': 2, 'batch_size': 29, 'dropout_rate': 0.26297523539290807, 'num_mamba_layers': 2, 'n_mfcc': 23, 'n_fft': 403, 'hop_length': 69, 'n_mels': 30, 'noise_level': 0.11082369980954712, 'shift': 88, 'lr': 0.001924179362795556, 'weight_decay': 1.384355026193033e-05}
[2025-03-16 23:20:03] Starting training with hyperparameters: {'d_state': 15, 'd_conv': 7, 'expand': 2, 'batch_size': 26, 'dropout_rate': 0.4424998777731253, 'num_mamba_layers': 3, 'n_mfcc': 27, 'n_fft': 286, 'hop_length': 246, 'n_mels': 39, 'noise_level': 0.11650260209379026, 'shift': 91, 'lr': 0.000840156687367655, 'weight_decay': 6.72572953414946e-06}
[2025-03-16 23:21:33] Starting training with hyperparameters: {'d_state': 8, 'd_conv': 8, 'expand': 2, 'batch_size': 32, 'dropout_rate': 0.4435028315921882, 'num_mamba_layers': 3, 'n_mfcc': 26, 'n_fft': 255, 'hop_length': 200, 'n_mels': 30, 'noise_level': 0.15986910662249446, 'shift': 100, 'lr': 0.0016853937684247193, 'weight_decay': 2.4095216836925337e-05}
[2025-03-16 23:22:10] Starting training with hyperparameters: {'d_state': 8, 'd_conv': 7, 'expand': 2, 'batch_size': 32, 'dropout_rate': 0.36485331535556526, 'num_mamba_layers': 4, 'n_mfcc': 28, 'n_fft': 332, 'hop_length': 155, 'n_mels': 52, 'noise_level': 0.14167592113322533, 'shift': 43, 'lr': 0.00020996074097968755, 'weight_decay': 1.5442681785820643e-05}
[2025-03-16 23:22:53] Epoch 0 - Training Loss: 1.6357, Training Accuracy: 42.15%
[2025-03-16 23:23:00] Epoch 0 - Validation Loss: 1.0914, Validation Accuracy: 62.89%
[2025-03-16 23:23:15] Epoch 0 - Test Accuracy: 61.05%
[2025-03-16 23:23:55] Epoch 1 - Training Loss: 1.0542, Training Accuracy: 62.92%
[2025-03-16 23:24:02] Epoch 1 - Validation Loss: 0.7740, Validation Accuracy: 74.51%
[2025-03-16 23:24:17] Epoch 1 - Test Accuracy: 71.11%
[2025-03-16 23:24:54] Epoch 2 - Training Loss: 0.8597, Training Accuracy: 69.93%
[2025-03-16 23:25:01] Epoch 2 - Validation Loss: 0.6689, Validation Accuracy: 77.75%
[2025-03-16 23:25:15] Epoch 2 - Test Accuracy: 76.34%
[2025-03-16 23:25:53] Epoch 3 - Training Loss: 0.7634, Training Accuracy: 73.46%
[2025-03-16 23:26:00] Epoch 3 - Validation Loss: 0.6204, Validation Accuracy: 79.64%
[2025-03-16 23:26:14] Epoch 3 - Test Accuracy: 78.67%
[2025-03-16 23:26:53] Epoch 4 - Training Loss: 0.7054, Training Accuracy: 75.43%
[2025-03-16 23:27:00] Epoch 4 - Validation Loss: 0.5521, Validation Accuracy: 81.58%
[2025-03-16 23:27:14] Epoch 4 - Test Accuracy: 79.28%
[2025-03-16 23:27:51] Epoch 5 - Training Loss: 0.6479, Training Accuracy: 77.77%
[2025-03-16 23:27:58] Epoch 5 - Validation Loss: 0.5122, Validation Accuracy: 82.93%
[2025-03-16 23:28:12] Epoch 5 - Test Accuracy: 80.58%
[2025-03-16 23:28:49] Epoch 6 - Training Loss: 0.6157, Training Accuracy: 78.78%
[2025-03-16 23:28:56] Epoch 6 - Validation Loss: 0.4924, Validation Accuracy: 83.45%
[2025-03-16 23:29:11] Epoch 6 - Test Accuracy: 81.86%
[2025-03-16 23:29:48] Epoch 7 - Training Loss: 0.5810, Training Accuracy: 80.08%
[2025-03-16 23:29:55] Epoch 7 - Validation Loss: 0.4535, Validation Accuracy: 85.36%
[2025-03-16 23:30:10] Epoch 7 - Test Accuracy: 82.30%
[2025-03-16 23:30:49] Epoch 8 - Training Loss: 0.5529, Training Accuracy: 80.82%
[2025-03-16 23:30:56] Epoch 8 - Validation Loss: 0.4557, Validation Accuracy: 84.58%
[2025-03-16 23:31:11] Epoch 8 - Test Accuracy: 82.23%
[2025-03-16 23:31:49] Epoch 9 - Training Loss: 0.5324, Training Accuracy: 81.49%
[2025-03-16 23:31:57] Epoch 9 - Validation Loss: 0.4360, Validation Accuracy: 85.96%
[2025-03-16 23:32:11] Epoch 9 - Test Accuracy: 83.51%
[2025-03-16 23:32:47] Epoch 10 - Training Loss: 0.5212, Training Accuracy: 82.19%
[2025-03-16 23:32:54] Epoch 10 - Validation Loss: 0.4347, Validation Accuracy: 85.23%
[2025-03-16 23:33:08] Epoch 10 - Test Accuracy: 83.70%
[2025-03-16 23:33:45] Epoch 11 - Training Loss: 0.4907, Training Accuracy: 83.07%
[2025-03-16 23:33:53] Epoch 11 - Validation Loss: 0.4021, Validation Accuracy: 86.61%
[2025-03-16 23:34:08] Epoch 11 - Test Accuracy: 84.73%
[2025-03-16 23:34:44] Epoch 12 - Training Loss: 0.4808, Training Accuracy: 83.38%
[2025-03-16 23:34:52] Epoch 12 - Validation Loss: 0.3989, Validation Accuracy: 86.55%
[2025-03-16 23:35:06] Epoch 12 - Test Accuracy: 84.63%
[2025-03-16 23:35:43] Epoch 13 - Training Loss: 0.4669, Training Accuracy: 83.98%
[2025-03-16 23:35:50] Epoch 13 - Validation Loss: 0.4053, Validation Accuracy: 86.66%
[2025-03-16 23:36:05] Epoch 13 - Test Accuracy: 84.71%
[2025-03-16 23:36:41] Epoch 14 - Training Loss: 0.4476, Training Accuracy: 84.50%
[2025-03-16 23:36:49] Epoch 14 - Validation Loss: 0.3896, Validation Accuracy: 86.58%
[2025-03-16 23:37:04] Epoch 14 - Test Accuracy: 84.73%
[2025-03-16 23:37:44] Epoch 15 - Training Loss: 0.4369, Training Accuracy: 84.86%
[2025-03-16 23:37:51] Epoch 15 - Validation Loss: 0.3574, Validation Accuracy: 87.87%
[2025-03-16 23:38:06] Epoch 15 - Test Accuracy: 85.89%
[2025-03-16 23:38:44] Epoch 16 - Training Loss: 0.4228, Training Accuracy: 85.43%
[2025-03-16 23:38:51] Epoch 16 - Validation Loss: 0.3732, Validation Accuracy: 87.85%
[2025-03-16 23:39:05] Epoch 16 - Test Accuracy: 86.33%
[2025-03-16 23:39:45] Epoch 17 - Training Loss: 0.4156, Training Accuracy: 85.70%
[2025-03-16 23:39:52] Epoch 17 - Validation Loss: 0.3724, Validation Accuracy: 87.58%
[2025-03-16 23:40:07] Epoch 17 - Test Accuracy: 85.74%
[2025-03-16 23:40:44] Epoch 18 - Training Loss: 0.4110, Training Accuracy: 85.93%
[2025-03-16 23:40:51] Epoch 18 - Validation Loss: 0.3538, Validation Accuracy: 87.90%
[2025-03-16 23:41:04] Epoch 18 - Test Accuracy: 85.76%
[2025-03-16 23:41:41] Epoch 19 - Training Loss: 0.3974, Training Accuracy: 86.31%
[2025-03-16 23:41:49] Epoch 19 - Validation Loss: 0.3790, Validation Accuracy: 87.33%
[2025-03-16 23:42:04] Epoch 19 - Test Accuracy: 85.05%
[2025-03-16 23:42:40] Epoch 20 - Training Loss: 0.3955, Training Accuracy: 86.39%
[2025-03-16 23:42:47] Epoch 20 - Validation Loss: 0.3480, Validation Accuracy: 88.25%
[2025-03-16 23:43:01] Epoch 20 - Test Accuracy: 86.67%
[2025-03-16 23:43:38] Epoch 21 - Training Loss: 0.3827, Training Accuracy: 86.77%
[2025-03-16 23:43:45] Epoch 21 - Validation Loss: 0.3401, Validation Accuracy: 88.41%
[2025-03-16 23:43:58] Epoch 21 - Test Accuracy: 86.79%
[2025-03-16 23:44:35] Epoch 22 - Training Loss: 0.3719, Training Accuracy: 87.09%
[2025-03-16 23:44:42] Epoch 22 - Validation Loss: 0.3369, Validation Accuracy: 88.66%
[2025-03-16 23:44:57] Epoch 22 - Test Accuracy: 86.79%
[2025-03-16 23:45:36] Epoch 23 - Training Loss: 0.3680, Training Accuracy: 87.74%
[2025-03-16 23:45:43] Epoch 23 - Validation Loss: 0.3462, Validation Accuracy: 88.06%
[2025-03-16 23:45:57] Epoch 23 - Test Accuracy: 86.62%
[2025-03-16 23:46:37] Epoch 24 - Training Loss: 0.3648, Training Accuracy: 87.38%
[2025-03-16 23:46:44] Epoch 24 - Validation Loss: 0.3438, Validation Accuracy: 88.31%
[2025-03-16 23:46:59] Epoch 24 - Test Accuracy: 86.94%
[2025-03-16 23:47:35] Epoch 25 - Training Loss: 0.3497, Training Accuracy: 87.93%
[2025-03-16 23:47:42] Epoch 25 - Validation Loss: 0.3434, Validation Accuracy: 88.41%
[2025-03-16 23:47:55] Epoch 25 - Test Accuracy: 87.04%
[2025-03-16 23:48:35] Epoch 26 - Training Loss: 0.3492, Training Accuracy: 88.15%
[2025-03-16 23:48:42] Epoch 26 - Validation Loss: 0.3271, Validation Accuracy: 89.25%
[2025-03-16 23:48:56] Epoch 26 - Test Accuracy: 88.22%
[2025-03-16 23:49:33] Epoch 27 - Training Loss: 0.3393, Training Accuracy: 88.14%
[2025-03-16 23:49:40] Epoch 27 - Validation Loss: 0.3276, Validation Accuracy: 89.14%
[2025-03-16 23:49:55] Epoch 27 - Test Accuracy: 88.10%
[2025-03-16 23:50:32] Epoch 28 - Training Loss: 0.3380, Training Accuracy: 88.20%
[2025-03-16 23:50:39] Epoch 28 - Validation Loss: 0.3218, Validation Accuracy: 89.25%
[2025-03-16 23:50:52] Epoch 28 - Test Accuracy: 88.44%
[2025-03-16 23:51:30] Epoch 29 - Training Loss: 0.3378, Training Accuracy: 88.29%
[2025-03-16 23:51:37] Epoch 29 - Validation Loss: 0.3336, Validation Accuracy: 89.09%
[2025-03-16 23:51:50] Epoch 29 - Test Accuracy: 87.48%
[2025-03-16 23:52:27] Epoch 30 - Training Loss: 0.3241, Training Accuracy: 88.90%
[2025-03-16 23:52:34] Epoch 30 - Validation Loss: 0.3226, Validation Accuracy: 89.50%
[2025-03-16 23:52:49] Epoch 30 - Test Accuracy: 87.73%
[2025-03-16 23:53:29] Epoch 31 - Training Loss: 0.3187, Training Accuracy: 89.04%
[2025-03-16 23:53:36] Epoch 31 - Validation Loss: 0.3207, Validation Accuracy: 89.31%
[2025-03-16 23:53:50] Epoch 31 - Test Accuracy: 87.65%
[2025-03-16 23:54:29] Epoch 32 - Training Loss: 0.3179, Training Accuracy: 89.11%
[2025-03-16 23:54:36] Epoch 32 - Validation Loss: 0.2981, Validation Accuracy: 89.93%
[2025-03-16 23:54:50] Epoch 32 - Test Accuracy: 88.56%
[2025-03-16 23:55:26] Epoch 33 - Training Loss: 0.3090, Training Accuracy: 89.19%
[2025-03-16 23:55:34] Epoch 33 - Validation Loss: 0.3036, Validation Accuracy: 90.04%
[2025-03-16 23:55:49] Epoch 33 - Test Accuracy: 88.37%
[2025-03-16 23:56:28] Epoch 34 - Training Loss: 0.3014, Training Accuracy: 89.54%
[2025-03-16 23:56:35] Epoch 34 - Validation Loss: 0.3161, Validation Accuracy: 89.20%
[2025-03-16 23:56:50] Epoch 34 - Test Accuracy: 87.26%
[2025-03-16 23:57:28] Epoch 35 - Training Loss: 0.3040, Training Accuracy: 89.62%
[2025-03-16 23:57:35] Epoch 35 - Validation Loss: 0.3006, Validation Accuracy: 89.90%
[2025-03-16 23:57:51] Epoch 35 - Test Accuracy: 88.71%
[2025-03-16 23:58:32] Epoch 36 - Training Loss: 0.3014, Training Accuracy: 89.69%
[2025-03-16 23:58:39] Epoch 36 - Validation Loss: 0.3050, Validation Accuracy: 89.60%
[2025-03-16 23:58:53] Epoch 36 - Test Accuracy: 88.41%
[2025-03-16 23:59:30] Epoch 37 - Training Loss: 0.2585, Training Accuracy: 91.05%
[2025-03-16 23:59:37] Epoch 37 - Validation Loss: 0.2822, Validation Accuracy: 90.63%
[2025-03-16 23:59:54] Epoch 37 - Test Accuracy: 89.10%
[2025-03-17 00:00:30] Epoch 38 - Training Loss: 0.2421, Training Accuracy: 91.56%
[2025-03-17 00:00:37] Epoch 38 - Validation Loss: 0.2730, Validation Accuracy: 90.87%
[2025-03-17 00:00:52] Epoch 38 - Test Accuracy: 89.45%
[2025-03-17 00:01:29] Epoch 39 - Training Loss: 0.2379, Training Accuracy: 91.79%
[2025-03-17 00:01:36] Epoch 39 - Validation Loss: 0.2716, Validation Accuracy: 90.58%
[2025-03-17 00:01:50] Epoch 39 - Test Accuracy: 89.32%
[2025-03-17 00:02:29] Epoch 40 - Training Loss: 0.2380, Training Accuracy: 91.73%
[2025-03-17 00:02:36] Epoch 40 - Validation Loss: 0.2710, Validation Accuracy: 90.71%
[2025-03-17 00:02:50] Epoch 40 - Test Accuracy: 89.62%
[2025-03-17 00:03:27] Epoch 41 - Training Loss: 0.2329, Training Accuracy: 91.98%
[2025-03-17 00:03:33] Epoch 41 - Validation Loss: 0.2711, Validation Accuracy: 90.66%
[2025-03-17 00:03:48] Epoch 41 - Test Accuracy: 89.74%
[2025-03-17 00:04:23] Epoch 42 - Training Loss: 0.2246, Training Accuracy: 92.38%
[2025-03-17 00:04:30] Epoch 42 - Validation Loss: 0.2691, Validation Accuracy: 90.87%
[2025-03-17 00:04:43] Epoch 42 - Test Accuracy: 89.37%
[2025-03-17 00:05:20] Epoch 43 - Training Loss: 0.2272, Training Accuracy: 92.07%
[2025-03-17 00:05:28] Epoch 43 - Validation Loss: 0.2690, Validation Accuracy: 90.98%
[2025-03-17 00:05:42] Epoch 43 - Test Accuracy: 89.79%
[2025-03-17 00:06:20] Epoch 44 - Training Loss: 0.2246, Training Accuracy: 92.06%
[2025-03-17 00:06:27] Epoch 44 - Validation Loss: 0.2678, Validation Accuracy: 90.87%
[2025-03-17 00:06:40] Epoch 44 - Test Accuracy: 89.72%
[2025-03-17 00:07:19] Epoch 45 - Training Loss: 0.2199, Training Accuracy: 92.42%
[2025-03-17 00:07:27] Epoch 45 - Validation Loss: 0.2672, Validation Accuracy: 91.22%
[2025-03-17 00:07:42] Epoch 45 - Test Accuracy: 90.01%
[2025-03-17 00:08:21] Epoch 46 - Training Loss: 0.2195, Training Accuracy: 92.36%
[2025-03-17 00:08:28] Epoch 46 - Validation Loss: 0.2652, Validation Accuracy: 91.25%
[2025-03-17 00:08:43] Epoch 46 - Test Accuracy: 89.72%
[2025-03-17 00:09:23] Epoch 47 - Training Loss: 0.2170, Training Accuracy: 92.58%
[2025-03-17 00:09:30] Epoch 47 - Validation Loss: 0.2665, Validation Accuracy: 91.30%
[2025-03-17 00:09:43] Epoch 47 - Test Accuracy: 89.62%
[2025-03-17 00:10:20] Epoch 48 - Training Loss: 0.2206, Training Accuracy: 92.44%
[2025-03-17 00:10:28] Epoch 48 - Validation Loss: 0.2695, Validation Accuracy: 91.01%
[2025-03-17 00:10:41] Epoch 48 - Test Accuracy: 89.47%
[2025-03-17 00:11:18] Epoch 49 - Training Loss: 0.2113, Training Accuracy: 92.71%
[2025-03-17 00:11:26] Epoch 49 - Validation Loss: 0.2661, Validation Accuracy: 91.14%
[2025-03-17 00:11:40] Epoch 49 - Test Accuracy: 89.47%
[2025-03-17 00:12:18] Epoch 50 - Training Loss: 0.2131, Training Accuracy: 92.59%
[2025-03-17 00:12:25] Epoch 50 - Validation Loss: 0.2668, Validation Accuracy: 91.28%
[2025-03-17 00:12:40] Epoch 50 - Test Accuracy: 89.91%
[2025-03-17 00:13:20] Epoch 51 - Training Loss: 0.2108, Training Accuracy: 92.61%
[2025-03-17 00:13:27] Epoch 51 - Validation Loss: 0.2658, Validation Accuracy: 91.39%
[2025-03-17 00:13:41] Epoch 51 - Test Accuracy: 90.01%
[2025-03-17 00:13:41] Stopping training at epoch 52 due to early stopping
[2025-03-17 00:13:41] Final Training Accuracy: 92.61%
[2025-03-17 00:13:41] Final Test Accuracy: 90.01%
[2025-03-17 00:13:41] Final Validation Accuracy: 91.39%, Model size: 315430
[2025-03-17 00:13:41] Saved model checkpoint to best_model_trial_159.pt
[2025-03-17 00:13:42] Error: Caught RuntimeError in DataLoader worker process 2.
Original Traceback (most recent call last):
  File "/usr/local/lib/python3.10/dist-packages/torch/utils/data/_utils/worker.py", line 351, in _worker_loop
    data = fetcher.fetch(index)  # type: ignore[possibly-undefined]
  File "/usr/local/lib/python3.10/dist-packages/torch/utils/data/_utils/fetch.py", line 55, in fetch
    return self.collate_fn(data)
  File "/usr/local/lib/python3.10/dist-packages/torch/utils/data/_utils/collate.py", line 398, in default_collate
    return collate(batch, collate_fn_map=default_collate_fn_map)
  File "/usr/local/lib/python3.10/dist-packages/torch/utils/data/_utils/collate.py", line 211, in collate
    return [
  File "/usr/local/lib/python3.10/dist-packages/torch/utils/data/_utils/collate.py", line 212, in <listcomp>
    collate(samples, collate_fn_map=collate_fn_map)
  File "/usr/local/lib/python3.10/dist-packages/torch/utils/data/_utils/collate.py", line 155, in collate
    return collate_fn_map[elem_type](batch, collate_fn_map=collate_fn_map)
  File "/usr/local/lib/python3.10/dist-packages/torch/utils/data/_utils/collate.py", line 270, in collate_tensor_fn
    storage = elem._typed_storage()._new_shared(numel, device=elem.device)
  File "/usr/local/lib/python3.10/dist-packages/torch/storage.py", line 1180, in _new_shared
    untyped_storage = torch.UntypedStorage._new_shared(
  File "/usr/local/lib/python3.10/dist-packages/torch/storage.py", line 402, in _new_shared
    return cls._new_using_fd_cpu(size)
RuntimeError: unable to write to file </torch_2558182_970540793_352>: No space left on device (28)

[2025-03-17 00:16:25] Starting training with hyperparameters: {'d_state': 16, 'd_conv': 8, 'expand': 2, 'batch_size': 27, 'dropout_rate': 0.370520397778939, 'num_mamba_layers': 3, 'n_mfcc': 28, 'n_fft': 206, 'hop_length': 27, 'n_mels': 35, 'noise_level': 0.16175146458770187, 'shift': 79, 'lr': 0.0004042678668444716, 'weight_decay': 2.2193029100235912e-05}
[2025-03-17 00:16:30] Starting training with hyperparameters: {'d_state': 8, 'd_conv': 8, 'expand': 3, 'batch_size': 29, 'dropout_rate': 0.404548014753148, 'num_mamba_layers': 3, 'n_mfcc': 16, 'n_fft': 200, 'hop_length': 72, 'n_mels': 28, 'noise_level': 0.06295537366042359, 'shift': 81, 'lr': 0.0017495711376208309, 'weight_decay': 2.2771849279135888e-05}
[2025-03-17 00:16:31] Starting training with hyperparameters: {'d_state': 15, 'd_conv': 8, 'expand': 3, 'batch_size': 24, 'dropout_rate': 0.2552173703456618, 'num_mamba_layers': 2, 'n_mfcc': 24, 'n_fft': 348, 'hop_length': 64, 'n_mels': 28, 'noise_level': 0.13616508354158746, 'shift': 81, 'lr': 0.0014645743571173697, 'weight_decay': 8.148639667101686e-06}
[2025-03-17 00:17:40] Starting training with hyperparameters: {'d_state': 10, 'd_conv': 8, 'expand': 3, 'batch_size': 32, 'dropout_rate': 0.3310141253895615, 'num_mamba_layers': 2, 'n_mfcc': 25, 'n_fft': 216, 'hop_length': 42, 'n_mels': 42, 'noise_level': 0.18693134447068122, 'shift': 94, 'lr': 0.007513556720200176, 'weight_decay': 1.1434154931729248e-05}
[2025-03-17 00:18:20] Error: [Errno 28] No space left on device
[2025-03-17 00:20:28] Starting training with hyperparameters: {'d_state': 14, 'd_conv': 6, 'expand': 2, 'batch_size': 27, 'dropout_rate': 0.24902028190015896, 'num_mamba_layers': 2, 'n_mfcc': 27, 'n_fft': 376, 'hop_length': 109, 'n_mels': 27, 'noise_level': 0.117734615025325, 'shift': 97, 'lr': 0.000769324057082794, 'weight_decay': 8.914824598239305e-06}
[2025-03-17 00:20:36] Starting training with hyperparameters: {'d_state': 12, 'd_conv': 8, 'expand': 2, 'batch_size': 25, 'dropout_rate': 0.20762864482362703, 'num_mamba_layers': 2, 'n_mfcc': 30, 'n_fft': 305, 'hop_length': 24, 'n_mels': 38, 'noise_level': 0.10175159548721507, 'shift': 91, 'lr': 0.0005610230421825461, 'weight_decay': 3.127900086923206e-05}
[2025-03-17 00:20:49] Starting training with hyperparameters: {'d_state': 17, 'd_conv': 8, 'expand': 2, 'batch_size': 32, 'dropout_rate': 0.32592293278047435, 'num_mamba_layers': 3, 'n_mfcc': 30, 'n_fft': 320, 'hop_length': 243, 'n_mels': 38, 'noise_level': 0.11694685973006166, 'shift': 75, 'lr': 0.0010040174926017624, 'weight_decay': 6.416715307903004e-05}
[2025-03-17 00:21:24] Starting training with hyperparameters: {'d_state': 19, 'd_conv': 7, 'expand': 2, 'batch_size': 31, 'dropout_rate': 0.3584360938989341, 'num_mamba_layers': 4, 'n_mfcc': 28, 'n_fft': 354, 'hop_length': 170, 'n_mels': 48, 'noise_level': 0.17070672839024228, 'shift': 72, 'lr': 0.0004700169986848151, 'weight_decay': 8.181212802443277e-05}
[2025-03-17 00:21:30] Error: Caught RuntimeError in DataLoader worker process 1.
Original Traceback (most recent call last):
  File "/usr/local/lib/python3.10/dist-packages/torch/utils/data/_utils/worker.py", line 351, in _worker_loop
    data = fetcher.fetch(index)  # type: ignore[possibly-undefined]
  File "/usr/local/lib/python3.10/dist-packages/torch/utils/data/_utils/fetch.py", line 55, in fetch
    return self.collate_fn(data)
  File "/usr/local/lib/python3.10/dist-packages/torch/utils/data/_utils/collate.py", line 398, in default_collate
    return collate(batch, collate_fn_map=default_collate_fn_map)
  File "/usr/local/lib/python3.10/dist-packages/torch/utils/data/_utils/collate.py", line 211, in collate
    return [
  File "/usr/local/lib/python3.10/dist-packages/torch/utils/data/_utils/collate.py", line 212, in <listcomp>
    collate(samples, collate_fn_map=collate_fn_map)
  File "/usr/local/lib/python3.10/dist-packages/torch/utils/data/_utils/collate.py", line 155, in collate
    return collate_fn_map[elem_type](batch, collate_fn_map=collate_fn_map)
  File "/usr/local/lib/python3.10/dist-packages/torch/utils/data/_utils/collate.py", line 270, in collate_tensor_fn
    storage = elem._typed_storage()._new_shared(numel, device=elem.device)
  File "/usr/local/lib/python3.10/dist-packages/torch/storage.py", line 1180, in _new_shared
    untyped_storage = torch.UntypedStorage._new_shared(
  File "/usr/local/lib/python3.10/dist-packages/torch/storage.py", line 402, in _new_shared
    return cls._new_using_fd_cpu(size)
RuntimeError: unable to write to file </torch_2642599_2144908042_0>: No space left on device (28)

[2025-03-17 00:23:00] Starting training with hyperparameters: {'d_state': 13, 'd_conv': 8, 'expand': 2, 'batch_size': 22, 'dropout_rate': 0.2949540438541447, 'num_mamba_layers': 3, 'n_mfcc': 22, 'n_fft': 244, 'hop_length': 93, 'n_mels': 34, 'noise_level': 0.06373184198997221, 'shift': 95, 'lr': 0.0006865523160146378, 'weight_decay': 1.4888109173320864e-05}
[2025-03-17 00:23:04] Starting training with hyperparameters: {'d_state': 19, 'd_conv': 8, 'expand': 2, 'batch_size': 29, 'dropout_rate': 0.41703986845528274, 'num_mamba_layers': 4, 'n_mfcc': 30, 'n_fft': 363, 'hop_length': 229, 'n_mels': 46, 'noise_level': 0.19994493789502035, 'shift': 70, 'lr': 0.0008000688481716292, 'weight_decay': 7.954724515496698e-05}
[2025-03-17 00:23:09] Starting training with hyperparameters: {'d_state': 9, 'd_conv': 7, 'expand': 2, 'batch_size': 31, 'dropout_rate': 0.3177461878551808, 'num_mamba_layers': 2, 'n_mfcc': 25, 'n_fft': 310, 'hop_length': 121, 'n_mels': 25, 'noise_level': 0.09400453009067099, 'shift': 94, 'lr': 0.0025843564692615856, 'weight_decay': 8.863800710990648e-06}
[2025-03-17 00:25:09] Starting training with hyperparameters: {'d_state': 15, 'd_conv': 7, 'expand': 2, 'batch_size': 27, 'dropout_rate': 0.3409814452795876, 'num_mamba_layers': 4, 'n_mfcc': 30, 'n_fft': 272, 'hop_length': 56, 'n_mels': 25, 'noise_level': 0.16414819671993572, 'shift': 96, 'lr': 0.00292920251441333, 'weight_decay': 7.091070496123562e-06}
[2025-03-17 00:25:18] Error: Caught RuntimeError in DataLoader worker process 0.
Original Traceback (most recent call last):
  File "/usr/local/lib/python3.10/dist-packages/torch/utils/data/_utils/worker.py", line 351, in _worker_loop
    data = fetcher.fetch(index)  # type: ignore[possibly-undefined]
  File "/usr/local/lib/python3.10/dist-packages/torch/utils/data/_utils/fetch.py", line 55, in fetch
    return self.collate_fn(data)
  File "/usr/local/lib/python3.10/dist-packages/torch/utils/data/_utils/collate.py", line 398, in default_collate
    return collate(batch, collate_fn_map=default_collate_fn_map)
  File "/usr/local/lib/python3.10/dist-packages/torch/utils/data/_utils/collate.py", line 211, in collate
    return [
  File "/usr/local/lib/python3.10/dist-packages/torch/utils/data/_utils/collate.py", line 212, in <listcomp>
    collate(samples, collate_fn_map=collate_fn_map)
  File "/usr/local/lib/python3.10/dist-packages/torch/utils/data/_utils/collate.py", line 155, in collate
    return collate_fn_map[elem_type](batch, collate_fn_map=collate_fn_map)
  File "/usr/local/lib/python3.10/dist-packages/torch/utils/data/_utils/collate.py", line 270, in collate_tensor_fn
    storage = elem._typed_storage()._new_shared(numel, device=elem.device)
  File "/usr/local/lib/python3.10/dist-packages/torch/storage.py", line 1180, in _new_shared
    untyped_storage = torch.UntypedStorage._new_shared(
  File "/usr/local/lib/python3.10/dist-packages/torch/storage.py", line 402, in _new_shared
    return cls._new_using_fd_cpu(size)
RuntimeError: unable to write to file </torch_2646500_1928309574_330>: No space left on device (28)

[2025-03-17 00:27:01] Starting training with hyperparameters: {'d_state': 10, 'd_conv': 8, 'expand': 2, 'batch_size': 32, 'dropout_rate': 0.3194506278428568, 'num_mamba_layers': 3, 'n_mfcc': 30, 'n_fft': 242, 'hop_length': 193, 'n_mels': 47, 'noise_level': 0.14653424041611218, 'shift': 72, 'lr': 0.001040477583392354, 'weight_decay': 8.363929889435077e-06}
[2025-03-17 00:27:09] Starting training with hyperparameters: {'d_state': 15, 'd_conv': 8, 'expand': 3, 'batch_size': 32, 'dropout_rate': 0.1109792943263685, 'num_mamba_layers': 2, 'n_mfcc': 30, 'n_fft': 329, 'hop_length': 71, 'n_mels': 36, 'noise_level': 0.1419001495902412, 'shift': 81, 'lr': 0.0004139078936346735, 'weight_decay': 4.4467547220338815e-06}
[2025-03-17 00:27:19] Starting training with hyperparameters: {'d_state': 8, 'd_conv': 7, 'expand': 2, 'batch_size': 32, 'dropout_rate': 0.41182782179259797, 'num_mamba_layers': 2, 'n_mfcc': 20, 'n_fft': 277, 'hop_length': 115, 'n_mels': 40, 'noise_level': 0.18939630959889692, 'shift': 89, 'lr': 0.0010932075800007405, 'weight_decay': 4.429960161485923e-06}
[2025-03-17 00:28:27] Starting training with hyperparameters: {'d_state': 10, 'd_conv': 8, 'expand': 2, 'batch_size': 26, 'dropout_rate': 0.4538610779007087, 'num_mamba_layers': 3, 'n_mfcc': 23, 'n_fft': 229, 'hop_length': 82, 'n_mels': 34, 'noise_level': 0.10764144086930447, 'shift': 89, 'lr': 0.0019357071698051368, 'weight_decay': 2.4490240494981008e-06}
[2025-03-17 00:31:16] Epoch 0 - Training Loss: 1.3464, Training Accuracy: 52.50%
[2025-03-17 00:31:41] Epoch 0 - Validation Loss: 0.7338, Validation Accuracy: 75.37%
[2025-03-17 00:32:08] Epoch 0 - Test Accuracy: 73.29%
[2025-03-17 00:35:08] Epoch 1 - Training Loss: 0.8139, Training Accuracy: 72.39%
[2025-03-17 00:35:32] Epoch 1 - Validation Loss: 0.5678, Validation Accuracy: 81.10%
[2025-03-17 00:36:00] Epoch 1 - Test Accuracy: 78.33%
[2025-03-17 00:39:01] Epoch 2 - Training Loss: 0.6985, Training Accuracy: 76.29%
[2025-03-17 00:39:21] Epoch 2 - Validation Loss: 0.4899, Validation Accuracy: 83.82%
[2025-03-17 00:39:47] Epoch 2 - Test Accuracy: 80.41%
[2025-03-17 00:42:57] Epoch 3 - Training Loss: 0.6300, Training Accuracy: 78.89%
[2025-03-17 00:43:18] Epoch 3 - Validation Loss: 0.4326, Validation Accuracy: 85.44%
[2025-03-17 00:43:45] Epoch 3 - Test Accuracy: 82.99%
[2025-03-17 00:46:51] Epoch 4 - Training Loss: 0.5814, Training Accuracy: 80.26%
[2025-03-17 00:47:19] Epoch 4 - Validation Loss: 0.4505, Validation Accuracy: 84.53%
[2025-03-17 00:47:44] Epoch 4 - Test Accuracy: 82.72%
[2025-03-17 00:49:59] Epoch 5 - Training Loss: 0.5418, Training Accuracy: 81.58%
[2025-03-17 00:50:20] Epoch 5 - Validation Loss: 0.4010, Validation Accuracy: 86.85%
[2025-03-17 00:50:46] Epoch 5 - Test Accuracy: 84.83%
[2025-03-17 00:53:19] Epoch 6 - Training Loss: 0.5143, Training Accuracy: 82.56%
[2025-03-17 00:53:44] Epoch 6 - Validation Loss: 0.3445, Validation Accuracy: 88.55%
[2025-03-17 00:54:11] Epoch 6 - Test Accuracy: 85.86%
[2025-03-17 00:56:39] Epoch 7 - Training Loss: 0.4699, Training Accuracy: 84.17%
[2025-03-17 00:57:01] Epoch 7 - Validation Loss: 0.3291, Validation Accuracy: 88.74%
[2025-03-17 00:57:27] Epoch 7 - Test Accuracy: 86.79%
[2025-03-17 01:00:26] Epoch 8 - Training Loss: 0.4440, Training Accuracy: 84.85%
[2025-03-17 01:00:50] Epoch 8 - Validation Loss: 0.3121, Validation Accuracy: 89.44%
[2025-03-17 01:01:17] Epoch 8 - Test Accuracy: 87.63%
[2025-03-17 01:04:08] Epoch 9 - Training Loss: 0.4212, Training Accuracy: 85.70%
[2025-03-17 01:04:32] Epoch 9 - Validation Loss: 0.3114, Validation Accuracy: 89.50%
[2025-03-17 01:04:57] Epoch 9 - Test Accuracy: 87.56%
[2025-03-17 01:07:50] Epoch 10 - Training Loss: 0.3987, Training Accuracy: 86.45%
[2025-03-17 01:08:16] Epoch 10 - Validation Loss: 0.2947, Validation Accuracy: 89.63%
[2025-03-17 01:08:42] Epoch 10 - Test Accuracy: 88.10%
[2025-03-17 01:11:46] Epoch 11 - Training Loss: 0.3798, Training Accuracy: 87.17%
[2025-03-17 01:12:10] Epoch 11 - Validation Loss: 0.2654, Validation Accuracy: 90.85%
[2025-03-17 01:12:37] Epoch 11 - Test Accuracy: 89.40%
[2025-03-17 01:15:24] Epoch 12 - Training Loss: 0.3557, Training Accuracy: 87.87%
[2025-03-17 01:15:48] Epoch 12 - Validation Loss: 0.2590, Validation Accuracy: 90.95%
[2025-03-17 01:16:14] Epoch 12 - Test Accuracy: 88.86%
[2025-03-17 01:19:08] Epoch 13 - Training Loss: 0.3461, Training Accuracy: 88.16%
[2025-03-17 01:19:32] Epoch 13 - Validation Loss: 0.2595, Validation Accuracy: 90.79%
[2025-03-17 01:19:59] Epoch 13 - Test Accuracy: 88.98%
[2025-03-17 01:23:00] Epoch 14 - Training Loss: 0.3261, Training Accuracy: 88.84%
[2025-03-17 01:23:21] Epoch 14 - Validation Loss: 0.2331, Validation Accuracy: 91.90%
[2025-03-17 01:23:47] Epoch 14 - Test Accuracy: 90.82%
[2025-03-17 01:26:37] Epoch 15 - Training Loss: 0.3192, Training Accuracy: 88.97%
[2025-03-17 01:27:00] Epoch 15 - Validation Loss: 0.2458, Validation Accuracy: 91.28%
[2025-03-17 01:27:27] Epoch 15 - Test Accuracy: 90.26%
[2025-03-17 01:30:32] Epoch 16 - Training Loss: 0.3014, Training Accuracy: 89.75%
[2025-03-17 01:30:54] Epoch 16 - Validation Loss: 0.2288, Validation Accuracy: 92.03%
[2025-03-17 01:31:23] Epoch 16 - Test Accuracy: 90.08%
[2025-03-17 01:34:23] Epoch 17 - Training Loss: 0.3021, Training Accuracy: 89.73%
[2025-03-17 01:34:50] Epoch 17 - Validation Loss: 0.2399, Validation Accuracy: 91.49%
[2025-03-17 01:35:16] Epoch 17 - Test Accuracy: 90.45%
[2025-03-17 01:38:11] Epoch 18 - Training Loss: 0.2890, Training Accuracy: 90.10%
[2025-03-17 01:38:35] Epoch 18 - Validation Loss: 0.2029, Validation Accuracy: 92.41%
[2025-03-17 01:39:01] Epoch 18 - Test Accuracy: 91.43%
[2025-03-17 01:42:11] Epoch 19 - Training Loss: 0.2894, Training Accuracy: 90.04%
[2025-03-17 01:42:30] Epoch 19 - Validation Loss: 0.2271, Validation Accuracy: 92.03%
[2025-03-17 01:42:54] Epoch 19 - Test Accuracy: 92.00%
[2025-03-17 01:45:33] Epoch 20 - Training Loss: 0.2852, Training Accuracy: 90.02%
[2025-03-17 01:45:56] Epoch 20 - Validation Loss: 0.2154, Validation Accuracy: 92.22%
[2025-03-17 01:46:23] Epoch 20 - Test Accuracy: 92.15%
[2025-03-17 01:49:18] Epoch 21 - Training Loss: 0.2657, Training Accuracy: 90.95%
[2025-03-17 01:49:44] Epoch 21 - Validation Loss: 0.2001, Validation Accuracy: 93.09%
[2025-03-17 01:50:10] Epoch 21 - Test Accuracy: 92.56%
[2025-03-17 01:53:05] Epoch 22 - Training Loss: 0.2596, Training Accuracy: 91.00%
[2025-03-17 01:53:25] Epoch 22 - Validation Loss: 0.2059, Validation Accuracy: 92.60%
[2025-03-17 01:53:51] Epoch 22 - Test Accuracy: 92.29%
[2025-03-17 01:56:22] Epoch 23 - Training Loss: 0.2512, Training Accuracy: 91.54%
[2025-03-17 01:56:42] Epoch 23 - Validation Loss: 0.1858, Validation Accuracy: 93.73%
[2025-03-17 01:57:10] Epoch 23 - Test Accuracy: 92.51%
[2025-03-17 02:00:15] Epoch 24 - Training Loss: 0.2434, Training Accuracy: 91.74%
[2025-03-17 02:00:35] Epoch 24 - Validation Loss: 0.1786, Validation Accuracy: 93.65%
[2025-03-17 02:01:03] Epoch 24 - Test Accuracy: 93.10%
[2025-03-17 02:04:10] Epoch 25 - Training Loss: 0.2367, Training Accuracy: 91.80%
[2025-03-17 02:04:30] Epoch 25 - Validation Loss: 0.1818, Validation Accuracy: 93.30%
[2025-03-17 02:04:58] Epoch 25 - Test Accuracy: 92.73%
[2025-03-17 02:07:33] Epoch 26 - Training Loss: 0.2808, Training Accuracy: 90.27%
[2025-03-17 02:07:54] Epoch 26 - Validation Loss: 0.2121, Validation Accuracy: 92.17%
[2025-03-17 02:08:18] Epoch 26 - Test Accuracy: 91.78%
[2025-03-17 02:11:02] Epoch 27 - Training Loss: 0.2642, Training Accuracy: 91.04%
[2025-03-17 02:11:22] Epoch 27 - Validation Loss: 0.2082, Validation Accuracy: 92.14%
[2025-03-17 02:11:48] Epoch 27 - Test Accuracy: 91.97%
[2025-03-17 02:14:41] Epoch 28 - Training Loss: 0.2407, Training Accuracy: 91.64%
[2025-03-17 02:15:03] Epoch 28 - Validation Loss: 0.1838, Validation Accuracy: 93.68%
[2025-03-17 02:15:29] Epoch 28 - Test Accuracy: 92.76%
[2025-03-17 02:18:34] Epoch 29 - Training Loss: 0.2085, Training Accuracy: 92.80%
[2025-03-17 02:18:59] Epoch 29 - Validation Loss: 0.1707, Validation Accuracy: 94.06%
[2025-03-17 02:19:25] Epoch 29 - Test Accuracy: 93.18%
[2025-03-17 02:22:28] Epoch 30 - Training Loss: 0.1984, Training Accuracy: 92.96%
[2025-03-17 02:22:55] Epoch 30 - Validation Loss: 0.1738, Validation Accuracy: 93.95%
[2025-03-17 02:23:22] Epoch 30 - Test Accuracy: 93.25%
[2025-03-17 02:26:14] Epoch 31 - Training Loss: 0.1880, Training Accuracy: 93.50%
[2025-03-17 02:26:37] Epoch 31 - Validation Loss: 0.1665, Validation Accuracy: 94.14%
[2025-03-17 02:27:04] Epoch 31 - Test Accuracy: 93.50%
[2025-03-17 02:30:10] Epoch 32 - Training Loss: 0.1821, Training Accuracy: 93.79%
[2025-03-17 02:30:37] Epoch 32 - Validation Loss: 0.1639, Validation Accuracy: 94.25%
[2025-03-17 02:31:02] Epoch 32 - Test Accuracy: 93.81%
[2025-03-17 02:34:05] Epoch 33 - Training Loss: 0.1817, Training Accuracy: 93.55%
[2025-03-17 02:34:28] Epoch 33 - Validation Loss: 0.1651, Validation Accuracy: 94.25%
[2025-03-17 02:34:53] Epoch 33 - Test Accuracy: 93.57%
[2025-03-17 02:37:36] Epoch 34 - Training Loss: 0.1733, Training Accuracy: 93.91%
[2025-03-17 02:38:00] Epoch 34 - Validation Loss: 0.1636, Validation Accuracy: 94.41%
[2025-03-17 02:38:27] Epoch 34 - Test Accuracy: 93.64%
[2025-03-17 02:41:27] Epoch 35 - Training Loss: 0.1735, Training Accuracy: 93.93%
[2025-03-17 02:41:49] Epoch 35 - Validation Loss: 0.1640, Validation Accuracy: 94.60%
[2025-03-17 02:42:16] Epoch 35 - Test Accuracy: 93.59%
[2025-03-17 02:44:54] Epoch 36 - Training Loss: 0.1760, Training Accuracy: 93.82%
[2025-03-17 02:45:17] Epoch 36 - Validation Loss: 0.1631, Validation Accuracy: 94.52%
[2025-03-17 02:45:43] Epoch 36 - Test Accuracy: 93.52%
[2025-03-17 02:48:32] Epoch 37 - Training Loss: 0.1715, Training Accuracy: 94.07%
[2025-03-17 02:48:54] Epoch 37 - Validation Loss: 0.1606, Validation Accuracy: 94.41%
[2025-03-17 02:49:19] Epoch 37 - Test Accuracy: 93.94%
[2025-03-17 02:51:54] Epoch 38 - Training Loss: 0.1685, Training Accuracy: 94.17%
[2025-03-17 02:52:17] Epoch 38 - Validation Loss: 0.1586, Validation Accuracy: 94.71%
[2025-03-17 02:52:44] Epoch 38 - Test Accuracy: 93.72%
[2025-03-17 02:55:52] Epoch 39 - Training Loss: 0.1627, Training Accuracy: 94.32%
[2025-03-17 02:56:16] Epoch 39 - Validation Loss: 0.1655, Validation Accuracy: 94.46%
[2025-03-17 02:56:42] Epoch 39 - Test Accuracy: 93.99%
[2025-03-17 02:59:11] Epoch 40 - Training Loss: 0.1665, Training Accuracy: 94.23%
[2025-03-17 02:59:34] Epoch 40 - Validation Loss: 0.1599, Validation Accuracy: 94.52%
[2025-03-17 02:59:59] Epoch 40 - Test Accuracy: 93.79%
[2025-03-17 03:02:54] Epoch 41 - Training Loss: 0.1591, Training Accuracy: 94.31%
[2025-03-17 03:03:17] Epoch 41 - Validation Loss: 0.1586, Validation Accuracy: 94.76%
[2025-03-17 03:03:43] Epoch 41 - Test Accuracy: 93.99%
[2025-03-17 03:06:39] Epoch 42 - Training Loss: 0.1605, Training Accuracy: 94.44%
[2025-03-17 03:07:01] Epoch 42 - Validation Loss: 0.1598, Validation Accuracy: 94.44%
[2025-03-17 03:07:27] Epoch 42 - Test Accuracy: 93.84%
[2025-03-17 03:10:19] Epoch 43 - Training Loss: 0.1561, Training Accuracy: 94.57%
[2025-03-17 03:10:40] Epoch 43 - Validation Loss: 0.1584, Validation Accuracy: 94.71%
[2025-03-17 03:11:05] Epoch 43 - Test Accuracy: 93.99%
[2025-03-17 03:11:05] Stopping training at epoch 44 due to early stopping
[2025-03-17 03:11:05] Final Training Accuracy: 94.57%
[2025-03-17 03:11:05] Final Test Accuracy: 93.99%
[2025-03-17 03:11:05] Final Validation Accuracy: 94.71%, Model size: 794314
[2025-03-17 03:11:05] Saved model checkpoint to best_model_trial_174.pt
[2025-03-17 03:11:06] Error: [Errno 28] No space left on device
[2025-03-17 03:13:08] Starting training with hyperparameters: {'d_state': 9, 'd_conv': 8, 'expand': 2, 'batch_size': 20, 'dropout_rate': 0.39212219914796714, 'num_mamba_layers': 2, 'n_mfcc': 18, 'n_fft': 223, 'hop_length': 140, 'n_mels': 35, 'noise_level': 0.09768971191191061, 'shift': 89, 'lr': 0.005805009857547187, 'weight_decay': 1.8218476094085906e-06}
[2025-03-17 03:13:11] Starting training with hyperparameters: {'d_state': 12, 'd_conv': 7, 'expand': 2, 'batch_size': 27, 'dropout_rate': 0.47852246039722324, 'num_mamba_layers': 3, 'n_mfcc': 24, 'n_fft': 209, 'hop_length': 130, 'n_mels': 39, 'noise_level': 0.09348420280576492, 'shift': 99, 'lr': 0.002789545205312344, 'weight_decay': 5.090705160774787e-06}
[2025-03-17 03:13:15] Starting training with hyperparameters: {'d_state': 11, 'd_conv': 8, 'expand': 2, 'batch_size': 24, 'dropout_rate': 0.39673046654680433, 'num_mamba_layers': 3, 'n_mfcc': 24, 'n_fft': 344, 'hop_length': 236, 'n_mels': 28, 'noise_level': 0.0630091137171481, 'shift': 69, 'lr': 0.001069249098529416, 'weight_decay': 3.4861739284614373e-06}
[2025-03-17 03:14:51] Epoch 0 - Training Loss: 1.2993, Training Accuracy: 53.64%
[2025-03-17 03:14:53] Epoch 0 - Training Loss: 1.5336, Training Accuracy: 45.20%
[2025-03-17 03:14:57] Starting training with hyperparameters: {'d_state': 14, 'd_conv': 7, 'expand': 2, 'batch_size': 30, 'dropout_rate': 0.4293872945618631, 'num_mamba_layers': 3, 'n_mfcc': 20, 'n_fft': 244, 'hop_length': 99, 'n_mels': 40, 'noise_level': 0.12411411315800648, 'shift': 76, 'lr': 0.00086566478346725, 'weight_decay': 2.414978452817681e-06}
[2025-03-17 03:15:25] Epoch 0 - Validation Loss: 0.7659, Validation Accuracy: 75.53%
[2025-03-17 03:15:25] Epoch 0 - Validation Loss: 0.7743, Validation Accuracy: 73.62%
[2025-03-17 03:15:30] Epoch 0 - Training Loss: 1.3160, Training Accuracy: 53.62%
[2025-03-17 03:16:00] Epoch 0 - Validation Loss: 0.6491, Validation Accuracy: 78.02%
[2025-03-17 03:16:09] Epoch 0 - Test Accuracy: 71.48%
[2025-03-17 03:16:25] Epoch 0 - Test Accuracy: 72.48%
[2025-03-17 03:17:04] Epoch 0 - Test Accuracy: 74.28%
[2025-03-17 03:18:35] Epoch 1 - Training Loss: 0.8342, Training Accuracy: 71.59%
[2025-03-17 03:18:45] Epoch 1 - Training Loss: 0.8163, Training Accuracy: 72.00%
[2025-03-17 03:18:53] Epoch 1 - Validation Loss: 0.6181, Validation Accuracy: 79.40%
[2025-03-17 03:18:58] Epoch 1 - Validation Loss: 0.6340, Validation Accuracy: 78.85%
[2025-03-17 03:19:13] Epoch 1 - Training Loss: 0.7484, Training Accuracy: 74.42%
[2025-03-17 03:19:14] Epoch 1 - Test Accuracy: 76.80%
[2025-03-17 03:19:29] Epoch 1 - Test Accuracy: 76.14%
[2025-03-17 03:19:30] Epoch 1 - Validation Loss: 0.4990, Validation Accuracy: 82.80%
[2025-03-17 03:20:06] Epoch 1 - Test Accuracy: 80.17%
[2025-03-17 03:20:50] Epoch 2 - Training Loss: 0.6697, Training Accuracy: 77.44%
[2025-03-17 03:21:07] Epoch 2 - Training Loss: 0.7027, Training Accuracy: 75.67%
[2025-03-17 03:21:07] Epoch 2 - Validation Loss: 0.4616, Validation Accuracy: 84.69%
[2025-03-17 03:21:24] Epoch 2 - Validation Loss: 0.5752, Validation Accuracy: 80.02%
[2025-03-17 03:21:36] Epoch 2 - Test Accuracy: 82.94%
[2025-03-17 03:21:53] Epoch 2 - Test Accuracy: 76.71%
[2025-03-17 03:22:07] Epoch 2 - Training Loss: 0.6386, Training Accuracy: 78.47%
[2025-03-17 03:22:28] Epoch 2 - Validation Loss: 0.4459, Validation Accuracy: 85.26%
[2025-03-17 03:23:07] Epoch 2 - Test Accuracy: 83.11%
[2025-03-17 03:23:36] Epoch 3 - Training Loss: 0.5821, Training Accuracy: 80.67%
[2025-03-17 03:23:51] Epoch 3 - Training Loss: 0.6297, Training Accuracy: 78.13%
[2025-03-17 03:23:58] Epoch 3 - Validation Loss: 0.4484, Validation Accuracy: 85.58%
[2025-03-17 03:24:09] Epoch 3 - Validation Loss: 0.4936, Validation Accuracy: 82.93%
[2025-03-17 03:24:23] Epoch 3 - Test Accuracy: 82.62%
[2025-03-17 03:24:43] Epoch 3 - Test Accuracy: 80.46%
[2025-03-17 03:25:21] Epoch 3 - Training Loss: 0.5469, Training Accuracy: 81.35%
[2025-03-17 03:25:37] Epoch 3 - Validation Loss: 0.4045, Validation Accuracy: 86.01%
[2025-03-17 03:26:05] Epoch 4 - Training Loss: 0.5198, Training Accuracy: 82.66%
[2025-03-17 03:26:06] Epoch 3 - Test Accuracy: 85.20%
[2025-03-17 03:26:08] Epoch 4 - Training Loss: 0.5944, Training Accuracy: 79.78%
[2025-03-17 03:26:26] Epoch 4 - Validation Loss: 0.4697, Validation Accuracy: 83.77%
[2025-03-17 03:26:32] Epoch 4 - Validation Loss: 0.3510, Validation Accuracy: 88.39%
[2025-03-17 03:26:47] Epoch 4 - Test Accuracy: 82.16%
[2025-03-17 03:26:58] Epoch 4 - Test Accuracy: 86.75%
[2025-03-17 03:28:23] Epoch 4 - Training Loss: 0.5313, Training Accuracy: 82.49%
[2025-03-17 03:28:42] Epoch 4 - Validation Loss: 0.3887, Validation Accuracy: 88.55%
[2025-03-17 03:28:50] Epoch 5 - Training Loss: 0.5532, Training Accuracy: 81.37%
[2025-03-17 03:28:59] Epoch 5 - Training Loss: 0.4699, Training Accuracy: 84.32%
[2025-03-17 03:29:08] Epoch 5 - Validation Loss: 0.4330, Validation Accuracy: 85.44%
[2025-03-17 03:29:09] Epoch 5 - Validation Loss: 0.3468, Validation Accuracy: 88.98%
[2025-03-17 03:29:11] Epoch 4 - Test Accuracy: 85.76%
[2025-03-17 03:29:29] Epoch 5 - Test Accuracy: 82.67%
[2025-03-17 03:29:46] Epoch 5 - Test Accuracy: 87.60%
[2025-03-17 03:30:46] Epoch 5 - Training Loss: 0.5655, Training Accuracy: 80.83%
[2025-03-17 03:31:03] Epoch 5 - Validation Loss: 0.4362, Validation Accuracy: 85.93%
[2025-03-17 03:31:25] Epoch 5 - Test Accuracy: 84.36%
[2025-03-17 03:31:27] Epoch 6 - Training Loss: 0.5241, Training Accuracy: 82.06%
[2025-03-17 03:31:42] Epoch 6 - Validation Loss: 0.4494, Validation Accuracy: 84.74%
[2025-03-17 03:31:43] Epoch 6 - Training Loss: 0.4381, Training Accuracy: 85.39%
[2025-03-17 03:31:56] Epoch 6 - Validation Loss: 0.3169, Validation Accuracy: 89.52%
[2025-03-17 03:32:07] Epoch 6 - Test Accuracy: 83.14%
[2025-03-17 03:32:23] Epoch 6 - Test Accuracy: 87.09%
[2025-03-17 03:33:08] Epoch 6 - Training Loss: 0.5991, Training Accuracy: 79.68%
[2025-03-17 03:33:25] Epoch 6 - Validation Loss: 0.7149, Validation Accuracy: 77.07%
[2025-03-17 03:33:37] Epoch 7 - Training Loss: 0.5172, Training Accuracy: 82.57%
[2025-03-17 03:33:50] Epoch 7 - Validation Loss: 0.4078, Validation Accuracy: 85.58%
[2025-03-17 03:33:51] Epoch 7 - Training Loss: 0.4159, Training Accuracy: 86.18%
[2025-03-17 03:33:56] Epoch 6 - Test Accuracy: 76.14%
[2025-03-17 03:34:05] Epoch 7 - Validation Loss: 0.2831, Validation Accuracy: 90.28%
[2025-03-17 03:34:14] Epoch 7 - Test Accuracy: 84.19%
[2025-03-17 03:34:32] Epoch 7 - Test Accuracy: 88.98%
[2025-03-17 03:35:33] Epoch 7 - Training Loss: 0.6895, Training Accuracy: 76.43%
[2025-03-17 03:35:43] Epoch 8 - Training Loss: 0.4796, Training Accuracy: 83.39%
[2025-03-17 03:35:53] Epoch 7 - Validation Loss: 0.4684, Validation Accuracy: 85.47%
[2025-03-17 03:35:56] Epoch 8 - Validation Loss: 0.3919, Validation Accuracy: 86.42%
[2025-03-17 03:35:57] Epoch 8 - Training Loss: 0.3840, Training Accuracy: 87.15%
[2025-03-17 03:36:07] Epoch 8 - Validation Loss: 0.2759, Validation Accuracy: 90.04%
[2025-03-17 03:36:13] Epoch 8 - Test Accuracy: 85.08%
[2025-03-17 03:36:21] Epoch 7 - Test Accuracy: 83.70%
[2025-03-17 03:36:39] Epoch 8 - Test Accuracy: 89.35%
[2025-03-17 03:37:45] Epoch 9 - Training Loss: 0.4648, Training Accuracy: 84.22%
[2025-03-17 03:38:02] Epoch 9 - Validation Loss: 0.3665, Validation Accuracy: 87.66%
[2025-03-17 03:38:09] Epoch 9 - Training Loss: 0.3642, Training Accuracy: 87.73%
[2025-03-17 03:38:09] Epoch 8 - Training Loss: 0.9064, Training Accuracy: 68.95%
[2025-03-17 03:38:24] Epoch 9 - Validation Loss: 0.2849, Validation Accuracy: 90.33%
[2025-03-17 03:38:25] Epoch 8 - Validation Loss: 1.4572, Validation Accuracy: 49.01%
[2025-03-17 03:38:27] Epoch 9 - Test Accuracy: 85.03%
[2025-03-17 03:38:46] Epoch 9 - Test Accuracy: 90.01%
[2025-03-17 03:39:01] Epoch 8 - Test Accuracy: 45.51%
[2025-03-17 03:39:48] Epoch 10 - Training Loss: 0.4512, Training Accuracy: 84.63%
[2025-03-17 03:40:03] Epoch 10 - Validation Loss: 0.3552, Validation Accuracy: 87.60%
[2025-03-17 03:40:10] Epoch 10 - Training Loss: 0.3535, Training Accuracy: 88.10%
[2025-03-17 03:40:24] Epoch 10 - Validation Loss: 0.2516, Validation Accuracy: 91.33%
[2025-03-17 03:40:32] Epoch 10 - Test Accuracy: 85.81%
[2025-03-17 03:40:43] Epoch 9 - Training Loss: 1.0935, Training Accuracy: 61.13%
[2025-03-17 03:40:53] Epoch 10 - Test Accuracy: 90.13%
[2025-03-17 03:41:02] Epoch 9 - Validation Loss: 1.3742, Validation Accuracy: 51.69%
[2025-03-17 03:41:37] Epoch 9 - Test Accuracy: 47.89%
[2025-03-17 03:41:37] Stopping training at epoch 10 due to early stopping
[2025-03-17 03:41:37] Final Training Accuracy: 61.13%
[2025-03-17 03:41:37] Final Test Accuracy: 47.89%
[2025-03-17 03:41:37] Final Validation Accuracy: 51.69%, Model size: 194426
[2025-03-17 03:41:37] Saved model checkpoint to best_model_trial_176.pt
[2025-03-17 03:41:49] Epoch 11 - Training Loss: 0.4335, Training Accuracy: 85.27%
[2025-03-17 03:42:01] Epoch 11 - Validation Loss: 0.3526, Validation Accuracy: 87.98%
[2025-03-17 03:42:02] Epoch 11 - Training Loss: 0.3446, Training Accuracy: 88.47%
[2025-03-17 03:42:11] Epoch 11 - Validation Loss: 0.2652, Validation Accuracy: 91.12%
[2025-03-17 03:42:15] Epoch 11 - Test Accuracy: 85.32%
[2025-03-17 03:42:36] Epoch 11 - Test Accuracy: 90.43%
[2025-03-17 03:43:08] Epoch 12 - Training Loss: 0.4202, Training Accuracy: 85.68%
[2025-03-17 03:43:20] Epoch 12 - Validation Loss: 0.3229, Validation Accuracy: 89.33%
[2025-03-17 03:43:29] Epoch 12 - Training Loss: 0.3380, Training Accuracy: 88.60%
[2025-03-17 03:43:38] Epoch 12 - Validation Loss: 0.2494, Validation Accuracy: 91.39%
[2025-03-17 03:43:39] Epoch 12 - Test Accuracy: 86.79%
[2025-03-17 03:43:59] Epoch 12 - Test Accuracy: 90.45%
[2025-03-17 03:44:36] Epoch 13 - Training Loss: 0.4097, Training Accuracy: 86.03%
[2025-03-17 03:44:47] Epoch 13 - Validation Loss: 0.3268, Validation Accuracy: 88.82%
[2025-03-17 03:44:54] Epoch 13 - Training Loss: 0.3372, Training Accuracy: 88.70%
[2025-03-17 03:45:04] Epoch 13 - Validation Loss: 0.2492, Validation Accuracy: 91.36%
[2025-03-17 03:45:05] Epoch 13 - Test Accuracy: 86.79%
[2025-03-17 03:45:27] Epoch 13 - Test Accuracy: 90.53%
[2025-03-17 03:45:56] Epoch 14 - Training Loss: 0.3958, Training Accuracy: 86.47%
[2025-03-17 03:46:06] Epoch 14 - Validation Loss: 0.3440, Validation Accuracy: 88.14%
[2025-03-17 03:46:23] Epoch 14 - Training Loss: 0.3203, Training Accuracy: 89.27%
[2025-03-17 03:46:24] Epoch 14 - Test Accuracy: 86.23%
[2025-03-17 03:46:36] Epoch 14 - Validation Loss: 0.2271, Validation Accuracy: 92.33%
[2025-03-17 03:46:56] Epoch 14 - Test Accuracy: 91.70%
[2025-03-17 03:47:19] Epoch 15 - Training Loss: 0.3860, Training Accuracy: 86.79%
[2025-03-17 03:47:30] Epoch 15 - Validation Loss: 0.3288, Validation Accuracy: 88.68%
[2025-03-17 03:47:50] Epoch 15 - Training Loss: 0.3133, Training Accuracy: 89.69%
[2025-03-17 03:47:55] Epoch 15 - Test Accuracy: 86.84%
[2025-03-17 03:48:01] Epoch 15 - Validation Loss: 0.2184, Validation Accuracy: 92.55%
[2025-03-17 03:48:22] Epoch 15 - Test Accuracy: 91.51%
[2025-03-17 03:48:44] Epoch 16 - Training Loss: 0.3735, Training Accuracy: 87.22%
[2025-03-17 03:48:53] Epoch 16 - Validation Loss: 0.3161, Validation Accuracy: 88.85%
[2025-03-17 03:49:14] Epoch 16 - Test Accuracy: 87.36%
[2025-03-17 03:49:17] Epoch 16 - Training Loss: 0.2945, Training Accuracy: 90.00%
[2025-03-17 03:49:28] Epoch 16 - Validation Loss: 0.2248, Validation Accuracy: 92.38%
[2025-03-17 03:49:47] Epoch 16 - Test Accuracy: 91.80%
[2025-03-17 03:50:09] Epoch 17 - Training Loss: 0.3635, Training Accuracy: 87.56%
[2025-03-17 03:50:21] Epoch 17 - Validation Loss: 0.3152, Validation Accuracy: 89.12%
[2025-03-17 03:50:40] Epoch 17 - Test Accuracy: 87.19%
[2025-03-17 03:50:45] Epoch 17 - Training Loss: 0.2865, Training Accuracy: 90.32%
[2025-03-17 03:50:56] Epoch 17 - Validation Loss: 0.2522, Validation Accuracy: 91.63%
[2025-03-17 03:51:15] Epoch 17 - Test Accuracy: 90.84%
[2025-03-17 03:51:36] Epoch 18 - Training Loss: 0.3592, Training Accuracy: 87.82%
[2025-03-17 03:51:46] Epoch 18 - Validation Loss: 0.3149, Validation Accuracy: 88.74%
[2025-03-17 03:52:08] Epoch 18 - Training Loss: 0.3034, Training Accuracy: 89.81%
[2025-03-17 03:52:10] Epoch 18 - Test Accuracy: 87.11%
[2025-03-17 03:52:22] Epoch 18 - Validation Loss: 0.2300, Validation Accuracy: 91.90%
[2025-03-17 03:52:40] Epoch 18 - Test Accuracy: 90.99%
[2025-03-17 03:53:04] Epoch 19 - Training Loss: 0.3532, Training Accuracy: 87.99%
[2025-03-17 03:53:15] Epoch 19 - Validation Loss: 0.2973, Validation Accuracy: 90.01%
[2025-03-17 03:53:34] Epoch 19 - Test Accuracy: 87.73%
[2025-03-17 03:53:40] Epoch 19 - Training Loss: 0.2962, Training Accuracy: 90.07%
[2025-03-17 03:53:51] Epoch 19 - Validation Loss: 0.2389, Validation Accuracy: 91.68%
[2025-03-17 03:54:09] Epoch 19 - Test Accuracy: 91.31%
[2025-03-17 03:54:28] Epoch 20 - Training Loss: 0.3443, Training Accuracy: 88.53%
[2025-03-17 03:54:39] Epoch 20 - Validation Loss: 0.3060, Validation Accuracy: 89.66%
[2025-03-17 03:54:59] Epoch 20 - Test Accuracy: 88.41%
[2025-03-17 03:55:05] Epoch 20 - Training Loss: 0.2654, Training Accuracy: 90.89%
[2025-03-17 03:55:16] Epoch 20 - Validation Loss: 0.2112, Validation Accuracy: 92.71%
[2025-03-17 03:55:36] Epoch 20 - Test Accuracy: 92.22%
[2025-03-17 03:55:57] Epoch 21 - Training Loss: 0.3445, Training Accuracy: 88.21%
[2025-03-17 03:56:08] Epoch 21 - Validation Loss: 0.2844, Validation Accuracy: 90.14%
[2025-03-17 03:56:26] Epoch 21 - Test Accuracy: 87.85%
[2025-03-17 03:56:36] Epoch 21 - Training Loss: 0.2490, Training Accuracy: 91.50%
[2025-03-17 03:56:47] Epoch 21 - Validation Loss: 0.2052, Validation Accuracy: 93.01%
[2025-03-17 03:57:03] Epoch 21 - Test Accuracy: 92.73%
[2025-03-17 03:57:20] Epoch 22 - Training Loss: 0.3290, Training Accuracy: 88.74%
[2025-03-17 03:57:30] Epoch 22 - Validation Loss: 0.2950, Validation Accuracy: 89.58%
[2025-03-17 03:57:52] Epoch 22 - Test Accuracy: 87.70%
[2025-03-17 03:57:59] Epoch 22 - Training Loss: 0.2383, Training Accuracy: 91.86%
[2025-03-17 03:58:09] Epoch 22 - Validation Loss: 0.1979, Validation Accuracy: 93.38%
[2025-03-17 03:58:30] Epoch 22 - Test Accuracy: 93.13%
[2025-03-17 03:58:47] Epoch 23 - Training Loss: 0.3245, Training Accuracy: 88.98%
[2025-03-17 03:58:59] Epoch 23 - Validation Loss: 0.2722, Validation Accuracy: 90.17%
[2025-03-17 03:59:19] Epoch 23 - Test Accuracy: 88.86%
[2025-03-17 03:59:32] Epoch 23 - Training Loss: 0.2313, Training Accuracy: 92.07%
[2025-03-17 03:59:43] Epoch 23 - Validation Loss: 0.2103, Validation Accuracy: 92.87%
[2025-03-17 04:00:07] Epoch 23 - Test Accuracy: 92.46%
[2025-03-17 04:00:13] Epoch 24 - Training Loss: 0.3233, Training Accuracy: 88.98%
[2025-03-17 04:00:24] Epoch 24 - Validation Loss: 0.2891, Validation Accuracy: 89.82%
[2025-03-17 04:00:47] Epoch 24 - Test Accuracy: 88.00%
[2025-03-17 04:01:02] Epoch 24 - Training Loss: 0.2307, Training Accuracy: 92.14%
[2025-03-17 04:01:13] Epoch 24 - Validation Loss: 0.2035, Validation Accuracy: 93.33%
[2025-03-17 04:01:33] Epoch 24 - Test Accuracy: 92.93%
[2025-03-17 04:01:45] Epoch 25 - Training Loss: 0.3117, Training Accuracy: 89.46%
[2025-03-17 04:01:56] Epoch 25 - Validation Loss: 0.2590, Validation Accuracy: 90.74%
[2025-03-17 04:02:21] Epoch 25 - Test Accuracy: 89.30%
[2025-03-17 04:02:23] Epoch 25 - Training Loss: 0.2285, Training Accuracy: 92.23%
[2025-03-17 04:02:35] Epoch 25 - Validation Loss: 0.1968, Validation Accuracy: 93.36%
[2025-03-17 04:02:54] Epoch 25 - Test Accuracy: 93.08%
[2025-03-17 04:03:17] Epoch 26 - Training Loss: 0.3009, Training Accuracy: 89.73%
[2025-03-17 04:03:29] Epoch 26 - Validation Loss: 0.2703, Validation Accuracy: 90.63%
[2025-03-17 04:03:47] Epoch 26 - Test Accuracy: 88.34%
[2025-03-17 04:03:52] Epoch 26 - Training Loss: 0.2261, Training Accuracy: 92.31%
[2025-03-17 04:04:04] Epoch 26 - Validation Loss: 0.2023, Validation Accuracy: 93.11%
[2025-03-17 04:04:23] Epoch 26 - Test Accuracy: 92.59%
[2025-03-17 04:04:42] Epoch 27 - Training Loss: 0.3058, Training Accuracy: 89.54%
[2025-03-17 04:04:53] Epoch 27 - Validation Loss: 0.2690, Validation Accuracy: 90.71%
[2025-03-17 04:05:14] Epoch 27 - Test Accuracy: 88.78%
[2025-03-17 04:05:22] Epoch 27 - Training Loss: 0.2216, Training Accuracy: 92.33%
[2025-03-17 04:05:35] Epoch 27 - Validation Loss: 0.1982, Validation Accuracy: 93.55%
[2025-03-17 04:05:56] Epoch 27 - Test Accuracy: 92.56%
[2025-03-17 04:06:14] Epoch 28 - Training Loss: 0.2959, Training Accuracy: 89.79%
[2025-03-17 04:06:25] Epoch 28 - Validation Loss: 0.2625, Validation Accuracy: 90.20%
[2025-03-17 04:06:44] Epoch 28 - Test Accuracy: 89.20%
[2025-03-17 04:06:54] Epoch 28 - Training Loss: 0.2137, Training Accuracy: 92.74%
[2025-03-17 04:07:05] Epoch 28 - Validation Loss: 0.1978, Validation Accuracy: 93.38%
[2025-03-17 04:07:23] Epoch 28 - Test Accuracy: 92.69%
[2025-03-17 04:07:37] Epoch 29 - Training Loss: 0.2879, Training Accuracy: 90.05%
[2025-03-17 04:07:47] Epoch 29 - Validation Loss: 0.2719, Validation Accuracy: 90.87%
[2025-03-17 04:08:06] Epoch 29 - Test Accuracy: 89.22%
[2025-03-17 04:08:23] Epoch 29 - Training Loss: 0.2180, Training Accuracy: 92.65%
[2025-03-17 04:08:35] Epoch 29 - Validation Loss: 0.1928, Validation Accuracy: 93.65%
[2025-03-17 04:08:55] Epoch 29 - Test Accuracy: 92.93%
[2025-03-17 04:09:04] Epoch 30 - Training Loss: 0.2491, Training Accuracy: 91.46%
[2025-03-17 04:09:14] Epoch 30 - Validation Loss: 0.2298, Validation Accuracy: 92.01%
[2025-03-17 04:09:39] Epoch 30 - Test Accuracy: 90.60%
[2025-03-17 04:09:48] Epoch 30 - Training Loss: 0.2156, Training Accuracy: 92.60%
[2025-03-17 04:10:00] Epoch 30 - Validation Loss: 0.1964, Validation Accuracy: 93.52%
[2025-03-17 04:10:19] Epoch 30 - Test Accuracy: 92.98%
[2025-03-17 04:10:35] Epoch 31 - Training Loss: 0.2271, Training Accuracy: 92.24%
[2025-03-17 04:10:46] Epoch 31 - Validation Loss: 0.2289, Validation Accuracy: 92.20%
[2025-03-17 04:11:11] Epoch 31 - Test Accuracy: 90.60%
[2025-03-17 04:11:11] Epoch 31 - Training Loss: 0.2073, Training Accuracy: 92.90%
[2025-03-17 04:11:30] Epoch 31 - Validation Loss: 0.1973, Validation Accuracy: 93.46%
[2025-03-17 04:11:51] Epoch 31 - Test Accuracy: 93.13%
[2025-03-17 04:11:56] Epoch 32 - Training Loss: 0.2177, Training Accuracy: 92.56%
[2025-03-17 04:12:07] Epoch 32 - Validation Loss: 0.2205, Validation Accuracy: 92.41%
[2025-03-17 04:12:27] Epoch 32 - Test Accuracy: 91.02%
[2025-03-17 04:12:50] Epoch 32 - Training Loss: 0.2114, Training Accuracy: 92.92%
[2025-03-17 04:13:02] Epoch 32 - Validation Loss: 0.1968, Validation Accuracy: 93.65%
[2025-03-17 04:13:21] Epoch 32 - Test Accuracy: 92.69%
[2025-03-17 04:13:24] Epoch 33 - Training Loss: 0.2115, Training Accuracy: 92.67%
[2025-03-17 04:13:34] Epoch 33 - Validation Loss: 0.2192, Validation Accuracy: 92.44%
[2025-03-17 04:13:58] Epoch 33 - Test Accuracy: 90.77%
[2025-03-17 04:14:13] Epoch 33 - Training Loss: 0.2032, Training Accuracy: 93.10%
[2025-03-17 04:14:24] Epoch 33 - Validation Loss: 0.1938, Validation Accuracy: 93.52%
[2025-03-17 04:14:48] Epoch 34 - Training Loss: 0.2120, Training Accuracy: 92.59%
[2025-03-17 04:14:48] Epoch 33 - Test Accuracy: 93.05%
[2025-03-17 04:15:01] Epoch 34 - Validation Loss: 0.2172, Validation Accuracy: 92.63%
[2025-03-17 04:15:19] Epoch 34 - Test Accuracy: 91.31%
[2025-03-17 04:15:41] Epoch 34 - Training Loss: 0.2004, Training Accuracy: 93.21%
[2025-03-17 04:15:52] Epoch 34 - Validation Loss: 0.1925, Validation Accuracy: 93.57%
[2025-03-17 04:16:11] Epoch 34 - Test Accuracy: 93.20%
[2025-03-17 04:16:11] Stopping training at epoch 35 due to early stopping
[2025-03-17 04:16:11] Final Training Accuracy: 93.21%
[2025-03-17 04:16:11] Final Test Accuracy: 93.20%
[2025-03-17 04:16:11] Final Validation Accuracy: 93.57%, Model size: 338635
[2025-03-17 04:16:11] Saved model checkpoint to best_model_trial_178.pt
[2025-03-17 04:16:14] Epoch 35 - Training Loss: 0.2071, Training Accuracy: 92.85%
[2025-03-17 04:16:20] Epoch 35 - Validation Loss: 0.2189, Validation Accuracy: 92.36%
[2025-03-17 04:16:36] Epoch 35 - Test Accuracy: 91.16%
[2025-03-17 04:17:05] Epoch 36 - Training Loss: 0.2044, Training Accuracy: 93.01%
[2025-03-17 04:17:11] Epoch 36 - Validation Loss: 0.2131, Validation Accuracy: 92.49%
[2025-03-17 04:17:28] Epoch 36 - Test Accuracy: 91.16%
[2025-03-17 04:17:56] Epoch 37 - Training Loss: 0.2019, Training Accuracy: 93.12%
[2025-03-17 04:18:01] Epoch 37 - Validation Loss: 0.2088, Validation Accuracy: 92.92%
[2025-03-17 04:18:17] Epoch 37 - Test Accuracy: 91.68%
[2025-03-17 04:18:44] Epoch 38 - Training Loss: 0.1970, Training Accuracy: 93.10%
[2025-03-17 04:18:50] Epoch 38 - Validation Loss: 0.2114, Validation Accuracy: 92.79%
[2025-03-17 04:19:06] Epoch 38 - Test Accuracy: 91.48%
[2025-03-17 04:19:37] Epoch 39 - Training Loss: 0.1936, Training Accuracy: 93.31%
[2025-03-17 04:19:43] Epoch 39 - Validation Loss: 0.2116, Validation Accuracy: 92.60%
[2025-03-17 04:20:00] Epoch 39 - Test Accuracy: 91.51%
[2025-03-17 04:20:30] Epoch 40 - Training Loss: 0.1940, Training Accuracy: 93.44%
[2025-03-17 04:20:37] Epoch 40 - Validation Loss: 0.2098, Validation Accuracy: 92.76%
[2025-03-17 04:20:52] Epoch 40 - Test Accuracy: 91.63%
[2025-03-17 04:21:20] Epoch 41 - Training Loss: 0.1902, Training Accuracy: 93.37%
[2025-03-17 04:21:26] Epoch 41 - Validation Loss: 0.2143, Validation Accuracy: 92.57%
[2025-03-17 04:21:43] Epoch 41 - Test Accuracy: 91.73%
[2025-03-17 04:22:11] Epoch 42 - Training Loss: 0.1885, Training Accuracy: 93.38%
[2025-03-17 04:22:17] Epoch 42 - Validation Loss: 0.2120, Validation Accuracy: 92.68%
[2025-03-17 04:22:34] Epoch 42 - Test Accuracy: 91.73%
[2025-03-17 04:22:34] Stopping training at epoch 43 due to early stopping
[2025-03-17 04:22:34] Final Training Accuracy: 93.38%
[2025-03-17 04:22:34] Final Test Accuracy: 91.73%
[2025-03-17 04:22:34] Final Validation Accuracy: 92.68%, Model size: 114067
[2025-03-17 04:22:34] Saved model checkpoint to best_model_trial_179.pt
[2025-03-17 04:22:34] Error: DataLoader worker (pid(s) 2720556) exited unexpectedly
[2025-03-17 04:24:43] Starting training with hyperparameters: {'d_state': 14, 'd_conv': 8, 'expand': 2, 'batch_size': 25, 'dropout_rate': 0.3395786433863856, 'num_mamba_layers': 2, 'n_mfcc': 27, 'n_fft': 299, 'hop_length': 37, 'n_mels': 47, 'noise_level': 0.15818816582855352, 'shift': 100, 'lr': 0.0007235948165930716, 'weight_decay': 2.008551746911502e-05}
[2025-03-17 04:24:52] Starting training with hyperparameters: {'d_state': 18, 'd_conv': 7, 'expand': 2, 'batch_size': 30, 'dropout_rate': 0.3527705059128513, 'num_mamba_layers': 2, 'n_mfcc': 28, 'n_fft': 314, 'hop_length': 215, 'n_mels': 47, 'noise_level': 0.17083648297742673, 'shift': 98, 'lr': 0.0012095249191040691, 'weight_decay': 4.0184817698983665e-06}
[2025-03-17 04:24:58] Starting training with hyperparameters: {'d_state': 19, 'd_conv': 6, 'expand': 2, 'batch_size': 31, 'dropout_rate': 0.32536618411854923, 'num_mamba_layers': 3, 'n_mfcc': 30, 'n_fft': 216, 'hop_length': 168, 'n_mels': 53, 'noise_level': 0.1982920839062892, 'shift': 65, 'lr': 0.0009141879588482452, 'weight_decay': 8.668668837026684e-05}
[2025-03-17 04:25:31] Starting training with hyperparameters: {'d_state': 9, 'd_conv': 7, 'expand': 3, 'batch_size': 27, 'dropout_rate': 0.37118969856583145, 'num_mamba_layers': 2, 'n_mfcc': 24, 'n_fft': 350, 'hop_length': 111, 'n_mels': 29, 'noise_level': 0.12421772049293608, 'shift': 76, 'lr': 0.0012439293006357823, 'weight_decay': 1.1159029808093883e-05}
[2025-03-17 04:26:00] Error: Caught RuntimeError in DataLoader worker process 0.
Original Traceback (most recent call last):
  File "/usr/local/lib/python3.10/dist-packages/torch/utils/data/_utils/worker.py", line 351, in _worker_loop
    data = fetcher.fetch(index)  # type: ignore[possibly-undefined]
  File "/usr/local/lib/python3.10/dist-packages/torch/utils/data/_utils/fetch.py", line 55, in fetch
    return self.collate_fn(data)
  File "/usr/local/lib/python3.10/dist-packages/torch/utils/data/_utils/collate.py", line 398, in default_collate
    return collate(batch, collate_fn_map=default_collate_fn_map)
  File "/usr/local/lib/python3.10/dist-packages/torch/utils/data/_utils/collate.py", line 211, in collate
    return [
  File "/usr/local/lib/python3.10/dist-packages/torch/utils/data/_utils/collate.py", line 212, in <listcomp>
    collate(samples, collate_fn_map=collate_fn_map)
  File "/usr/local/lib/python3.10/dist-packages/torch/utils/data/_utils/collate.py", line 155, in collate
    return collate_fn_map[elem_type](batch, collate_fn_map=collate_fn_map)
  File "/usr/local/lib/python3.10/dist-packages/torch/utils/data/_utils/collate.py", line 270, in collate_tensor_fn
    storage = elem._typed_storage()._new_shared(numel, device=elem.device)
  File "/usr/local/lib/python3.10/dist-packages/torch/storage.py", line 1180, in _new_shared
    untyped_storage = torch.UntypedStorage._new_shared(
  File "/usr/local/lib/python3.10/dist-packages/torch/storage.py", line 402, in _new_shared
    return cls._new_using_fd_cpu(size)
RuntimeError: unable to write to file </torch_2851953_2801144685_82>: No space left on device (28)

[2025-03-17 04:27:21] Starting training with hyperparameters: {'d_state': 10, 'd_conv': 7, 'expand': 2, 'batch_size': 29, 'dropout_rate': 0.16841192903256205, 'num_mamba_layers': 3, 'n_mfcc': 30, 'n_fft': 224, 'hop_length': 41, 'n_mels': 22, 'noise_level': 0.146923344920133, 'shift': 74, 'lr': 0.001489518397401972, 'weight_decay': 1.2187442513757522e-05}
[2025-03-17 04:27:27] Starting training with hyperparameters: {'d_state': 9, 'd_conv': 6, 'expand': 2, 'batch_size': 28, 'dropout_rate': 0.2218808802651139, 'num_mamba_layers': 2, 'n_mfcc': 29, 'n_fft': 265, 'hop_length': 24, 'n_mels': 26, 'noise_level': 0.14424161931424925, 'shift': 91, 'lr': 0.0011761344656763104, 'weight_decay': 3.343700564940792e-06}
[2025-03-17 04:27:27] Starting training with hyperparameters: {'d_state': 13, 'd_conv': 8, 'expand': 2, 'batch_size': 30, 'dropout_rate': 0.4040566078689333, 'num_mamba_layers': 2, 'n_mfcc': 25, 'n_fft': 359, 'hop_length': 39, 'n_mels': 33, 'noise_level': 0.15480300507371314, 'shift': 92, 'lr': 0.0003924820015329567, 'weight_decay': 3.490459366362132e-06}
[2025-03-17 04:28:23] Starting training with hyperparameters: {'d_state': 26, 'd_conv': 8, 'expand': 2, 'batch_size': 30, 'dropout_rate': 0.25851808139885835, 'num_mamba_layers': 2, 'n_mfcc': 30, 'n_fft': 352, 'hop_length': 466, 'n_mels': 30, 'noise_level': 0.19542032206955587, 'shift': 71, 'lr': 0.000578647938692424, 'weight_decay': 3.5704624198304994e-06}
[2025-03-17 04:28:50] Epoch 0 - Training Loss: 1.7614, Training Accuracy: 36.74%
[2025-03-17 04:28:56] Epoch 0 - Validation Loss: 1.1068, Validation Accuracy: 61.14%
[2025-03-17 04:29:08] Epoch 0 - Test Accuracy: 61.68%
[2025-03-17 04:29:35] Epoch 1 - Training Loss: 1.1639, Training Accuracy: 58.88%
[2025-03-17 04:29:41] Epoch 1 - Validation Loss: 0.8303, Validation Accuracy: 71.46%
[2025-03-17 04:29:52] Epoch 1 - Test Accuracy: 70.77%
[2025-03-17 04:30:19] Epoch 2 - Training Loss: 0.9751, Training Accuracy: 66.12%
[2025-03-17 04:30:25] Epoch 2 - Validation Loss: 0.7068, Validation Accuracy: 75.94%
[2025-03-17 04:30:37] Epoch 2 - Test Accuracy: 74.94%
[2025-03-17 04:31:04] Epoch 3 - Training Loss: 0.8762, Training Accuracy: 70.12%
[2025-03-17 04:31:10] Epoch 3 - Validation Loss: 0.6465, Validation Accuracy: 77.83%
[2025-03-17 04:31:23] Epoch 3 - Test Accuracy: 75.60%
[2025-03-17 04:31:50] Epoch 4 - Training Loss: 0.8146, Training Accuracy: 72.23%
[2025-03-17 04:31:55] Epoch 4 - Validation Loss: 0.5892, Validation Accuracy: 80.21%
[2025-03-17 04:32:06] Epoch 4 - Test Accuracy: 78.33%
[2025-03-17 04:32:35] Epoch 5 - Training Loss: 0.7567, Training Accuracy: 74.34%
[2025-03-17 04:32:41] Epoch 5 - Validation Loss: 0.5368, Validation Accuracy: 82.23%
[2025-03-17 04:32:55] Epoch 5 - Test Accuracy: 80.12%
[2025-03-17 04:33:23] Epoch 6 - Training Loss: 0.7176, Training Accuracy: 75.57%
[2025-03-17 04:33:28] Epoch 6 - Validation Loss: 0.5089, Validation Accuracy: 82.55%
[2025-03-17 04:33:41] Epoch 6 - Test Accuracy: 80.51%
[2025-03-17 04:34:08] Epoch 7 - Training Loss: 0.6907, Training Accuracy: 76.42%
[2025-03-17 04:34:13] Epoch 7 - Validation Loss: 0.4836, Validation Accuracy: 84.53%
[2025-03-17 04:34:26] Epoch 7 - Test Accuracy: 82.03%
[2025-03-17 04:34:53] Epoch 8 - Training Loss: 0.6620, Training Accuracy: 77.46%
[2025-03-17 04:34:59] Epoch 8 - Validation Loss: 0.4850, Validation Accuracy: 83.93%
[2025-03-17 04:35:11] Epoch 8 - Test Accuracy: 81.62%
[2025-03-17 04:35:38] Epoch 9 - Training Loss: 0.6360, Training Accuracy: 78.49%
[2025-03-17 04:35:44] Epoch 9 - Validation Loss: 0.4663, Validation Accuracy: 83.74%
[2025-03-17 04:35:56] Epoch 9 - Test Accuracy: 81.27%
[2025-03-17 04:36:23] Epoch 10 - Training Loss: 0.6225, Training Accuracy: 78.62%
[2025-03-17 04:36:29] Epoch 10 - Validation Loss: 0.4437, Validation Accuracy: 84.96%
[2025-03-17 04:36:41] Epoch 10 - Test Accuracy: 83.21%
[2025-03-17 04:37:09] Epoch 11 - Training Loss: 0.6032, Training Accuracy: 79.29%
[2025-03-17 04:37:14] Epoch 11 - Validation Loss: 0.4225, Validation Accuracy: 85.80%
[2025-03-17 04:37:28] Epoch 11 - Test Accuracy: 83.48%
[2025-03-17 04:37:55] Epoch 12 - Training Loss: 0.5907, Training Accuracy: 79.85%
[2025-03-17 04:38:00] Epoch 12 - Validation Loss: 0.4304, Validation Accuracy: 84.93%
[2025-03-17 04:38:12] Epoch 12 - Test Accuracy: 83.68%
[2025-03-17 04:38:39] Epoch 13 - Training Loss: 0.5819, Training Accuracy: 80.25%
[2025-03-17 04:38:45] Epoch 13 - Validation Loss: 0.4197, Validation Accuracy: 85.66%
[2025-03-17 04:38:58] Epoch 13 - Test Accuracy: 84.14%
[2025-03-17 04:39:25] Epoch 14 - Training Loss: 0.5687, Training Accuracy: 80.75%
[2025-03-17 04:39:30] Epoch 14 - Validation Loss: 0.3957, Validation Accuracy: 86.63%
[2025-03-17 04:39:43] Epoch 14 - Test Accuracy: 84.05%
[2025-03-17 04:40:10] Epoch 15 - Training Loss: 0.5590, Training Accuracy: 80.88%
[2025-03-17 04:40:16] Epoch 15 - Validation Loss: 0.3848, Validation Accuracy: 86.90%
[2025-03-17 04:40:28] Epoch 15 - Test Accuracy: 84.86%
[2025-03-17 04:40:55] Epoch 16 - Training Loss: 0.5481, Training Accuracy: 81.21%
[2025-03-17 04:41:00] Epoch 16 - Validation Loss: 0.3910, Validation Accuracy: 87.01%
[2025-03-17 04:41:13] Epoch 16 - Test Accuracy: 85.42%
[2025-03-17 04:41:41] Epoch 17 - Training Loss: 0.5363, Training Accuracy: 81.71%
[2025-03-17 04:41:46] Epoch 17 - Validation Loss: 0.3965, Validation Accuracy: 86.39%
[2025-03-17 04:41:58] Epoch 17 - Test Accuracy: 84.93%
[2025-03-17 04:42:25] Epoch 18 - Training Loss: 0.5256, Training Accuracy: 82.20%
[2025-03-17 04:42:30] Epoch 18 - Validation Loss: 0.3809, Validation Accuracy: 86.82%
[2025-03-17 04:42:43] Epoch 18 - Test Accuracy: 84.86%
[2025-03-17 04:43:10] Epoch 19 - Training Loss: 0.5239, Training Accuracy: 82.15%
[2025-03-17 04:43:15] Epoch 19 - Validation Loss: 0.3762, Validation Accuracy: 87.31%
[2025-03-17 04:43:28] Epoch 19 - Test Accuracy: 85.20%
[2025-03-17 04:43:54] Epoch 20 - Training Loss: 0.5076, Training Accuracy: 82.90%
[2025-03-17 04:43:59] Epoch 20 - Validation Loss: 0.3624, Validation Accuracy: 87.17%
[2025-03-17 04:44:12] Epoch 20 - Test Accuracy: 85.64%
[2025-03-17 04:44:39] Epoch 21 - Training Loss: 0.5048, Training Accuracy: 82.86%
[2025-03-17 04:44:45] Epoch 21 - Validation Loss: 0.3672, Validation Accuracy: 87.33%
[2025-03-17 04:44:57] Epoch 21 - Test Accuracy: 85.35%
[2025-03-17 04:45:25] Epoch 22 - Training Loss: 0.4990, Training Accuracy: 82.99%
[2025-03-17 04:45:30] Epoch 22 - Validation Loss: 0.3786, Validation Accuracy: 86.85%
[2025-03-17 04:45:43] Epoch 22 - Test Accuracy: 84.63%
[2025-03-17 04:46:10] Epoch 23 - Training Loss: 0.4957, Training Accuracy: 83.09%
[2025-03-17 04:46:16] Epoch 23 - Validation Loss: 0.3785, Validation Accuracy: 86.88%
[2025-03-17 04:46:28] Epoch 23 - Test Accuracy: 85.35%
[2025-03-17 04:46:54] Epoch 24 - Training Loss: 0.4822, Training Accuracy: 83.67%
[2025-03-17 04:46:59] Epoch 24 - Validation Loss: 0.3675, Validation Accuracy: 87.79%
[2025-03-17 04:47:12] Epoch 24 - Test Accuracy: 85.08%
[2025-03-17 04:47:39] Epoch 25 - Training Loss: 0.4515, Training Accuracy: 84.63%
[2025-03-17 04:47:45] Epoch 25 - Validation Loss: 0.3410, Validation Accuracy: 88.28%
[2025-03-17 04:47:57] Epoch 25 - Test Accuracy: 86.52%
[2025-03-17 04:48:22] Epoch 26 - Training Loss: 0.4463, Training Accuracy: 84.91%
[2025-03-17 04:48:28] Epoch 26 - Validation Loss: 0.3401, Validation Accuracy: 88.52%
[2025-03-17 04:48:40] Epoch 26 - Test Accuracy: 86.72%
[2025-03-17 04:49:07] Epoch 27 - Training Loss: 0.4420, Training Accuracy: 84.79%
[2025-03-17 04:49:13] Epoch 27 - Validation Loss: 0.3348, Validation Accuracy: 88.36%
[2025-03-17 04:49:25] Epoch 27 - Test Accuracy: 86.82%
[2025-03-17 04:49:52] Epoch 28 - Training Loss: 0.4432, Training Accuracy: 84.85%
[2025-03-17 04:49:58] Epoch 28 - Validation Loss: 0.3335, Validation Accuracy: 88.31%
[2025-03-17 04:50:10] Epoch 28 - Test Accuracy: 86.72%
[2025-03-17 04:50:37] Epoch 29 - Training Loss: 0.4359, Training Accuracy: 85.10%
[2025-03-17 04:50:43] Epoch 29 - Validation Loss: 0.3385, Validation Accuracy: 88.12%
[2025-03-17 04:50:55] Epoch 29 - Test Accuracy: 86.75%
[2025-03-17 04:51:22] Epoch 30 - Training Loss: 0.4384, Training Accuracy: 85.07%
[2025-03-17 04:51:28] Epoch 30 - Validation Loss: 0.3325, Validation Accuracy: 88.28%
[2025-03-17 04:51:40] Epoch 30 - Test Accuracy: 86.52%
[2025-03-17 04:52:07] Epoch 31 - Training Loss: 0.4386, Training Accuracy: 84.97%
[2025-03-17 04:52:13] Epoch 31 - Validation Loss: 0.3340, Validation Accuracy: 88.52%
[2025-03-17 04:52:25] Epoch 31 - Test Accuracy: 86.72%
[2025-03-17 04:52:52] Epoch 32 - Training Loss: 0.4350, Training Accuracy: 85.31%
[2025-03-17 04:52:58] Epoch 32 - Validation Loss: 0.3346, Validation Accuracy: 88.20%
[2025-03-17 04:53:11] Epoch 32 - Test Accuracy: 86.75%
[2025-03-17 04:53:38] Epoch 33 - Training Loss: 0.4346, Training Accuracy: 85.27%
[2025-03-17 04:53:43] Epoch 33 - Validation Loss: 0.3306, Validation Accuracy: 88.58%
[2025-03-17 04:53:56] Epoch 33 - Test Accuracy: 86.89%
[2025-03-17 04:54:22] Epoch 34 - Training Loss: 0.4306, Training Accuracy: 85.38%
[2025-03-17 04:54:28] Epoch 34 - Validation Loss: 0.3319, Validation Accuracy: 88.74%
[2025-03-17 04:54:40] Epoch 34 - Test Accuracy: 86.62%
[2025-03-17 04:55:07] Epoch 35 - Training Loss: 0.4310, Training Accuracy: 85.22%
[2025-03-17 04:55:13] Epoch 35 - Validation Loss: 0.3310, Validation Accuracy: 88.74%
[2025-03-17 04:55:25] Epoch 35 - Test Accuracy: 87.02%
[2025-03-17 04:55:52] Epoch 36 - Training Loss: 0.4298, Training Accuracy: 85.37%
[2025-03-17 04:55:57] Epoch 36 - Validation Loss: 0.3304, Validation Accuracy: 88.77%
[2025-03-17 04:56:10] Epoch 36 - Test Accuracy: 86.87%
[2025-03-17 04:56:37] Epoch 37 - Training Loss: 0.4210, Training Accuracy: 85.84%
[2025-03-17 04:56:42] Epoch 37 - Validation Loss: 0.3268, Validation Accuracy: 88.66%
[2025-03-17 04:56:55] Epoch 37 - Test Accuracy: 86.77%
[2025-03-17 04:57:22] Epoch 38 - Training Loss: 0.4289, Training Accuracy: 85.24%
[2025-03-17 04:57:27] Epoch 38 - Validation Loss: 0.3307, Validation Accuracy: 88.68%
[2025-03-17 04:57:40] Epoch 38 - Test Accuracy: 86.89%
[2025-03-17 04:58:07] Epoch 39 - Training Loss: 0.4238, Training Accuracy: 85.50%
[2025-03-17 04:58:13] Epoch 39 - Validation Loss: 0.3253, Validation Accuracy: 88.60%
[2025-03-17 04:58:26] Epoch 39 - Test Accuracy: 86.82%
[2025-03-17 04:58:53] Epoch 40 - Training Loss: 0.4281, Training Accuracy: 85.46%
[2025-03-17 04:58:58] Epoch 40 - Validation Loss: 0.3319, Validation Accuracy: 88.33%
[2025-03-17 04:59:11] Epoch 40 - Test Accuracy: 86.72%
[2025-03-17 04:59:38] Epoch 41 - Training Loss: 0.4253, Training Accuracy: 85.61%
[2025-03-17 04:59:44] Epoch 41 - Validation Loss: 0.3267, Validation Accuracy: 88.58%
[2025-03-17 04:59:56] Epoch 41 - Test Accuracy: 86.79%
[2025-03-17 05:00:23] Epoch 42 - Training Loss: 0.4174, Training Accuracy: 85.77%
[2025-03-17 05:00:29] Epoch 42 - Validation Loss: 0.3310, Validation Accuracy: 88.55%
[2025-03-17 05:00:41] Epoch 42 - Test Accuracy: 86.70%
[2025-03-17 05:01:09] Epoch 43 - Training Loss: 0.4255, Training Accuracy: 85.42%
[2025-03-17 05:01:14] Epoch 43 - Validation Loss: 0.3299, Validation Accuracy: 88.95%
[2025-03-17 05:01:27] Epoch 43 - Test Accuracy: 87.02%
[2025-03-17 05:01:55] Epoch 44 - Training Loss: 0.4243, Training Accuracy: 85.36%
[2025-03-17 05:02:01] Epoch 44 - Validation Loss: 0.3279, Validation Accuracy: 88.98%
[2025-03-17 05:02:13] Epoch 44 - Test Accuracy: 86.99%
[2025-03-17 05:02:13] Stopping training at epoch 45 due to early stopping
[2025-03-17 05:02:13] Final Training Accuracy: 85.36%
[2025-03-17 05:02:13] Final Test Accuracy: 86.99%
[2025-03-17 05:02:13] Final Validation Accuracy: 88.98%, Model size: 32986
[2025-03-17 05:02:13] Saved model checkpoint to best_model_trial_185.pt
[2025-03-17 05:02:14] Error: [Errno 28] No space left on device
[2025-03-17 05:05:50] Starting training with hyperparameters: {'d_state': 8, 'd_conv': 6, 'expand': 2, 'batch_size': 31, 'dropout_rate': 0.22213965563659221, 'num_mamba_layers': 2, 'n_mfcc': 30, 'n_fft': 288, 'hop_length': 194, 'n_mels': 44, 'noise_level': 0.1985140821579755, 'shift': 70, 'lr': 0.0007731816176154722, 'weight_decay': 1.997775679908415e-05}
[2025-03-17 05:05:54] Starting training with hyperparameters: {'d_state': 20, 'd_conv': 7, 'expand': 2, 'batch_size': 20, 'dropout_rate': 0.15395090866824165, 'num_mamba_layers': 3, 'n_mfcc': 29, 'n_fft': 344, 'hop_length': 212, 'n_mels': 37, 'noise_level': 0.146337990158764, 'shift': 84, 'lr': 0.0014134426491715728, 'weight_decay': 1.1800406092335878e-05}
[2025-03-17 05:05:57] Starting training with hyperparameters: {'d_state': 9, 'd_conv': 8, 'expand': 2, 'batch_size': 30, 'dropout_rate': 0.25880402271859004, 'num_mamba_layers': 2, 'n_mfcc': 30, 'n_fft': 365, 'hop_length': 133, 'n_mels': 28, 'noise_level': 0.11569866679459079, 'shift': 75, 'lr': 0.0002825972634007044, 'weight_decay': 2.0020793988113126e-05}
[2025-03-17 05:06:08] Starting training with hyperparameters: {'d_state': 9, 'd_conv': 7, 'expand': 2, 'batch_size': 32, 'dropout_rate': 0.32000025777465824, 'num_mamba_layers': 3, 'n_mfcc': 28, 'n_fft': 344, 'hop_length': 102, 'n_mels': 41, 'noise_level': 0.18521633061143256, 'shift': 83, 'lr': 0.0013338795055222066, 'weight_decay': 1.7183173086280478e-05}
[2025-03-17 05:08:09] Epoch 0 - Training Loss: 1.4622, Training Accuracy: 48.23%
[2025-03-17 05:08:28] Epoch 0 - Validation Loss: 0.8701, Validation Accuracy: 71.27%
[2025-03-17 05:08:30] Epoch 0 - Training Loss: 1.2297, Training Accuracy: 56.68%
[2025-03-17 05:08:46] Starting training with hyperparameters: {'d_state': 21, 'd_conv': 4, 'expand': 3, 'batch_size': 32, 'dropout_rate': 0.22134545034111525, 'num_mamba_layers': 3, 'n_mfcc': 27, 'n_fft': 453, 'hop_length': 149, 'n_mels': 41, 'noise_level': 0.15010824357322328, 'shift': 82, 'lr': 0.002618177275871681, 'weight_decay': 1.4283842926496207e-05}
[2025-03-17 05:08:56] Epoch 0 - Validation Loss: 0.6875, Validation Accuracy: 75.99%
[2025-03-17 05:08:59] Epoch 0 - Training Loss: 1.3381, Training Accuracy: 52.74%
[2025-03-17 05:09:16] Epoch 0 - Test Accuracy: 69.42%
[2025-03-17 05:09:28] Epoch 0 - Validation Loss: 0.6988, Validation Accuracy: 77.07%
[2025-03-17 05:09:31] Epoch 0 - Test Accuracy: 73.12%
[2025-03-17 05:10:15] Epoch 0 - Test Accuracy: 75.16%
[2025-03-17 05:11:14] Error: Caught RuntimeError in DataLoader worker process 0.
Original Traceback (most recent call last):
  File "/usr/local/lib/python3.10/dist-packages/torch/utils/data/_utils/worker.py", line 351, in _worker_loop
    data = fetcher.fetch(index)  # type: ignore[possibly-undefined]
  File "/usr/local/lib/python3.10/dist-packages/torch/utils/data/_utils/fetch.py", line 55, in fetch
    return self.collate_fn(data)
  File "/usr/local/lib/python3.10/dist-packages/torch/utils/data/_utils/collate.py", line 398, in default_collate
    return collate(batch, collate_fn_map=default_collate_fn_map)
  File "/usr/local/lib/python3.10/dist-packages/torch/utils/data/_utils/collate.py", line 211, in collate
    return [
  File "/usr/local/lib/python3.10/dist-packages/torch/utils/data/_utils/collate.py", line 212, in <listcomp>
    collate(samples, collate_fn_map=collate_fn_map)
  File "/usr/local/lib/python3.10/dist-packages/torch/utils/data/_utils/collate.py", line 155, in collate
    return collate_fn_map[elem_type](batch, collate_fn_map=collate_fn_map)
  File "/usr/local/lib/python3.10/dist-packages/torch/utils/data/_utils/collate.py", line 270, in collate_tensor_fn
    storage = elem._typed_storage()._new_shared(numel, device=elem.device)
  File "/usr/local/lib/python3.10/dist-packages/torch/storage.py", line 1180, in _new_shared
    untyped_storage = torch.UntypedStorage._new_shared(
  File "/usr/local/lib/python3.10/dist-packages/torch/storage.py", line 402, in _new_shared
    return cls._new_using_fd_cpu(size)
RuntimeError: unable to write to file </torch_2899352_161991931_260>: No space left on device (28)

[2025-03-17 05:12:34] Starting training with hyperparameters: {'d_state': 21, 'd_conv': 7, 'expand': 2, 'batch_size': 32, 'dropout_rate': 0.46613984168964173, 'num_mamba_layers': 4, 'n_mfcc': 24, 'n_fft': 419, 'hop_length': 202, 'n_mels': 49, 'noise_level': 0.18770291237831105, 'shift': 87, 'lr': 0.0014451440462123193, 'weight_decay': 7.656438375472516e-05}
[2025-03-17 05:12:39] Starting training with hyperparameters: {'d_state': 22, 'd_conv': 8, 'expand': 2, 'batch_size': 31, 'dropout_rate': 0.4116559836454513, 'num_mamba_layers': 4, 'n_mfcc': 30, 'n_fft': 456, 'hop_length': 87, 'n_mels': 41, 'noise_level': 0.12151533512704514, 'shift': 83, 'lr': 0.0003456561981069456, 'weight_decay': 2.5507091162186142e-05}
[2025-03-17 05:12:40] Starting training with hyperparameters: {'d_state': 17, 'd_conv': 7, 'expand': 2, 'batch_size': 23, 'dropout_rate': 0.2766630180502112, 'num_mamba_layers': 3, 'n_mfcc': 30, 'n_fft': 342, 'hop_length': 275, 'n_mels': 33, 'noise_level': 0.14214074952528297, 'shift': 90, 'lr': 0.00168085316958847, 'weight_decay': 1.8026228823728093e-05}
[2025-03-17 05:13:41] Starting training with hyperparameters: {'d_state': 12, 'd_conv': 8, 'expand': 2, 'batch_size': 30, 'dropout_rate': 0.4129471078530203, 'num_mamba_layers': 4, 'n_mfcc': 28, 'n_fft': 328, 'hop_length': 176, 'n_mels': 39, 'noise_level': 0.16420793564369693, 'shift': 81, 'lr': 0.0021938435408908365, 'weight_decay': 3.851174020987376e-05}
[2025-03-17 05:14:17] Epoch 0 - Training Loss: 1.6230, Training Accuracy: 41.00%
[2025-03-17 05:14:24] Epoch 0 - Validation Loss: 1.0129, Validation Accuracy: 63.30%
[2025-03-17 05:14:35] Epoch 0 - Test Accuracy: 62.37%
[2025-03-17 05:15:08] Epoch 1 - Training Loss: 0.9999, Training Accuracy: 65.17%
[2025-03-17 05:15:14] Epoch 1 - Validation Loss: 0.6974, Validation Accuracy: 76.86%
[2025-03-17 05:15:26] Epoch 1 - Test Accuracy: 74.77%
[2025-03-17 05:15:57] Epoch 2 - Training Loss: 0.8330, Training Accuracy: 71.60%
[2025-03-17 05:16:03] Epoch 2 - Validation Loss: 0.6217, Validation Accuracy: 78.34%
[2025-03-17 05:16:15] Epoch 2 - Test Accuracy: 77.10%
[2025-03-17 05:16:45] Epoch 3 - Training Loss: 0.7213, Training Accuracy: 75.48%
[2025-03-17 05:16:51] Epoch 3 - Validation Loss: 0.5326, Validation Accuracy: 81.69%
[2025-03-17 05:17:04] Epoch 3 - Test Accuracy: 78.92%
[2025-03-17 05:17:36] Epoch 4 - Training Loss: 0.6575, Training Accuracy: 77.82%
[2025-03-17 05:17:42] Epoch 4 - Validation Loss: 0.5160, Validation Accuracy: 82.91%
[2025-03-17 05:17:54] Epoch 4 - Test Accuracy: 81.00%
[2025-03-17 05:18:25] Epoch 5 - Training Loss: 0.6051, Training Accuracy: 79.63%
[2025-03-17 05:18:31] Epoch 5 - Validation Loss: 0.4573, Validation Accuracy: 84.69%
[2025-03-17 05:18:43] Epoch 5 - Test Accuracy: 83.28%
[2025-03-17 05:19:14] Epoch 6 - Training Loss: 0.5482, Training Accuracy: 81.66%
[2025-03-17 05:19:20] Epoch 6 - Validation Loss: 0.4018, Validation Accuracy: 85.42%
[2025-03-17 05:19:31] Epoch 6 - Test Accuracy: 84.88%
[2025-03-17 05:20:01] Epoch 7 - Training Loss: 0.5200, Training Accuracy: 82.40%
[2025-03-17 05:20:08] Epoch 7 - Validation Loss: 0.3599, Validation Accuracy: 87.98%
[2025-03-17 05:20:20] Epoch 7 - Test Accuracy: 85.89%
[2025-03-17 05:20:51] Epoch 8 - Training Loss: 0.4738, Training Accuracy: 84.11%
[2025-03-17 05:20:57] Epoch 8 - Validation Loss: 0.4151, Validation Accuracy: 85.77%
[2025-03-17 05:21:10] Epoch 8 - Test Accuracy: 85.13%
[2025-03-17 05:21:42] Epoch 9 - Training Loss: 0.4429, Training Accuracy: 85.18%
[2025-03-17 05:21:49] Epoch 9 - Validation Loss: 0.3364, Validation Accuracy: 88.85%
[2025-03-17 05:22:00] Epoch 9 - Test Accuracy: 87.02%
[2025-03-17 05:22:31] Epoch 10 - Training Loss: 0.4246, Training Accuracy: 85.56%
[2025-03-17 05:22:37] Epoch 10 - Validation Loss: 0.3214, Validation Accuracy: 89.09%
[2025-03-17 05:22:48] Epoch 10 - Test Accuracy: 87.65%
[2025-03-17 05:23:18] Epoch 11 - Training Loss: 0.4080, Training Accuracy: 86.37%
[2025-03-17 05:23:24] Epoch 11 - Validation Loss: 0.3014, Validation Accuracy: 89.22%
[2025-03-17 05:23:35] Epoch 11 - Test Accuracy: 88.39%
[2025-03-17 05:24:06] Epoch 12 - Training Loss: 0.3775, Training Accuracy: 87.28%
[2025-03-17 05:24:13] Epoch 12 - Validation Loss: 0.2801, Validation Accuracy: 90.47%
[2025-03-17 05:24:23] Epoch 12 - Test Accuracy: 89.40%
[2025-03-17 05:24:53] Epoch 13 - Training Loss: 0.3568, Training Accuracy: 88.15%
[2025-03-17 05:24:59] Epoch 13 - Validation Loss: 0.2596, Validation Accuracy: 91.03%
[2025-03-17 05:25:10] Epoch 13 - Test Accuracy: 90.89%
[2025-03-17 05:25:41] Epoch 14 - Training Loss: 0.3363, Training Accuracy: 88.83%
[2025-03-17 05:25:47] Epoch 14 - Validation Loss: 0.2508, Validation Accuracy: 91.52%
[2025-03-17 05:25:58] Epoch 14 - Test Accuracy: 90.89%
[2025-03-17 05:26:28] Epoch 15 - Training Loss: 0.3145, Training Accuracy: 89.39%
[2025-03-17 05:26:36] Epoch 15 - Validation Loss: 0.2208, Validation Accuracy: 92.71%
[2025-03-17 05:26:47] Epoch 15 - Test Accuracy: 91.73%
[2025-03-17 05:27:18] Epoch 16 - Training Loss: 0.3331, Training Accuracy: 88.75%
[2025-03-17 05:27:25] Epoch 16 - Validation Loss: 0.2510, Validation Accuracy: 91.20%
[2025-03-17 05:27:35] Epoch 16 - Test Accuracy: 91.78%
[2025-03-17 05:28:07] Epoch 17 - Training Loss: 0.3053, Training Accuracy: 89.75%
[2025-03-17 05:28:14] Epoch 17 - Validation Loss: 0.2475, Validation Accuracy: 91.63%
[2025-03-17 05:28:25] Epoch 17 - Test Accuracy: 90.97%
[2025-03-17 05:28:56] Epoch 18 - Training Loss: 0.3007, Training Accuracy: 89.78%
[2025-03-17 05:29:03] Epoch 18 - Validation Loss: 0.2328, Validation Accuracy: 92.33%
[2025-03-17 05:29:13] Epoch 18 - Test Accuracy: 92.05%
[2025-03-17 05:29:44] Epoch 19 - Training Loss: 0.2822, Training Accuracy: 90.49%
[2025-03-17 05:29:51] Epoch 19 - Validation Loss: 0.2224, Validation Accuracy: 92.33%
[2025-03-17 05:30:02] Epoch 19 - Test Accuracy: 90.80%
[2025-03-17 05:30:33] Epoch 20 - Training Loss: 0.2246, Training Accuracy: 92.39%
[2025-03-17 05:30:39] Epoch 20 - Validation Loss: 0.1722, Validation Accuracy: 94.17%
[2025-03-17 05:30:51] Epoch 20 - Test Accuracy: 93.52%
[2025-03-17 05:31:29] Epoch 21 - Training Loss: 0.2070, Training Accuracy: 92.82%
[2025-03-17 05:31:36] Epoch 21 - Validation Loss: 0.1722, Validation Accuracy: 94.03%
[2025-03-17 05:31:48] Epoch 21 - Test Accuracy: 93.50%
[2025-03-17 05:32:18] Epoch 22 - Training Loss: 0.2022, Training Accuracy: 93.02%
[2025-03-17 05:32:24] Epoch 22 - Validation Loss: 0.1739, Validation Accuracy: 94.22%
[2025-03-17 05:32:36] Epoch 22 - Test Accuracy: 93.32%
[2025-03-17 05:33:06] Epoch 23 - Training Loss: 0.1974, Training Accuracy: 93.25%
[2025-03-17 05:33:12] Epoch 23 - Validation Loss: 0.1735, Validation Accuracy: 94.14%
[2025-03-17 05:33:23] Epoch 23 - Test Accuracy: 93.59%
[2025-03-17 05:33:54] Epoch 24 - Training Loss: 0.1936, Training Accuracy: 93.31%
[2025-03-17 05:34:01] Epoch 24 - Validation Loss: 0.1688, Validation Accuracy: 94.33%
[2025-03-17 05:34:12] Epoch 24 - Test Accuracy: 93.67%
[2025-03-17 05:34:46] Epoch 25 - Training Loss: 0.1869, Training Accuracy: 93.55%
[2025-03-17 05:34:52] Epoch 25 - Validation Loss: 0.1705, Validation Accuracy: 94.33%
[2025-03-17 05:35:04] Epoch 25 - Test Accuracy: 93.59%
[2025-03-17 05:35:35] Epoch 26 - Training Loss: 0.1911, Training Accuracy: 93.45%
[2025-03-17 05:35:41] Epoch 26 - Validation Loss: 0.1720, Validation Accuracy: 94.41%
[2025-03-17 05:35:53] Epoch 26 - Test Accuracy: 93.91%
[2025-03-17 05:36:24] Epoch 27 - Training Loss: 0.1812, Training Accuracy: 93.73%
[2025-03-17 05:36:31] Epoch 27 - Validation Loss: 0.1727, Validation Accuracy: 94.33%
[2025-03-17 05:36:43] Epoch 27 - Test Accuracy: 93.52%
[2025-03-17 05:37:14] Epoch 28 - Training Loss: 0.1813, Training Accuracy: 93.73%
[2025-03-17 05:37:20] Epoch 28 - Validation Loss: 0.1667, Validation Accuracy: 94.54%
[2025-03-17 05:37:31] Epoch 28 - Test Accuracy: 93.99%
[2025-03-17 05:38:02] Epoch 29 - Training Loss: 0.1761, Training Accuracy: 93.92%
[2025-03-17 05:38:09] Epoch 29 - Validation Loss: 0.1650, Validation Accuracy: 94.71%
[2025-03-17 05:38:20] Epoch 29 - Test Accuracy: 94.04%
[2025-03-17 05:38:51] Epoch 30 - Training Loss: 0.1757, Training Accuracy: 93.86%
[2025-03-17 05:38:57] Epoch 30 - Validation Loss: 0.1653, Validation Accuracy: 94.41%
[2025-03-17 05:39:08] Epoch 30 - Test Accuracy: 94.16%
[2025-03-17 05:39:40] Epoch 31 - Training Loss: 0.1694, Training Accuracy: 94.01%
[2025-03-17 05:39:47] Epoch 31 - Validation Loss: 0.1627, Validation Accuracy: 94.57%
[2025-03-17 05:39:59] Epoch 31 - Test Accuracy: 94.18%
[2025-03-17 05:40:31] Epoch 32 - Training Loss: 0.1691, Training Accuracy: 94.10%
[2025-03-17 05:40:37] Epoch 32 - Validation Loss: 0.1656, Validation Accuracy: 94.76%
[2025-03-17 05:40:49] Epoch 32 - Test Accuracy: 94.06%
[2025-03-17 05:41:19] Epoch 33 - Training Loss: 0.1612, Training Accuracy: 94.34%
[2025-03-17 05:41:26] Epoch 33 - Validation Loss: 0.1676, Validation Accuracy: 94.71%
[2025-03-17 05:41:37] Epoch 33 - Test Accuracy: 94.16%
[2025-03-17 05:42:08] Epoch 34 - Training Loss: 0.1643, Training Accuracy: 94.30%
[2025-03-17 05:42:14] Epoch 34 - Validation Loss: 0.1563, Validation Accuracy: 95.09%
[2025-03-17 05:42:27] Epoch 34 - Test Accuracy: 94.28%
[2025-03-17 05:42:58] Epoch 35 - Training Loss: 0.1621, Training Accuracy: 94.37%
[2025-03-17 05:43:05] Epoch 35 - Validation Loss: 0.1655, Validation Accuracy: 94.65%
[2025-03-17 05:43:17] Epoch 35 - Test Accuracy: 94.26%
[2025-03-17 05:43:48] Epoch 36 - Training Loss: 0.1597, Training Accuracy: 94.30%
[2025-03-17 05:43:55] Epoch 36 - Validation Loss: 0.1621, Validation Accuracy: 94.76%
[2025-03-17 05:44:05] Epoch 36 - Test Accuracy: 94.21%
[2025-03-17 05:44:36] Epoch 37 - Training Loss: 0.1574, Training Accuracy: 94.45%
[2025-03-17 05:44:42] Epoch 37 - Validation Loss: 0.1634, Validation Accuracy: 94.71%
[2025-03-17 05:44:53] Epoch 37 - Test Accuracy: 94.06%
[2025-03-17 05:45:25] Epoch 38 - Training Loss: 0.1544, Training Accuracy: 94.60%
[2025-03-17 05:45:31] Epoch 38 - Validation Loss: 0.1643, Validation Accuracy: 94.84%
[2025-03-17 05:45:42] Epoch 38 - Test Accuracy: 94.33%
[2025-03-17 05:46:12] Epoch 39 - Training Loss: 0.1543, Training Accuracy: 94.58%
[2025-03-17 05:46:19] Epoch 39 - Validation Loss: 0.1620, Validation Accuracy: 94.87%
[2025-03-17 05:46:31] Epoch 39 - Test Accuracy: 94.23%
[2025-03-17 05:46:31] Stopping training at epoch 40 due to early stopping
[2025-03-17 05:46:31] Final Training Accuracy: 94.58%
[2025-03-17 05:46:31] Final Test Accuracy: 94.23%
[2025-03-17 05:46:31] Final Validation Accuracy: 94.87%, Model size: 255770
[2025-03-17 05:46:31] Saved model checkpoint to best_model_trial_195.pt
[2025-03-17 05:46:31] Error: Caught RuntimeError in DataLoader worker process 2.
Original Traceback (most recent call last):
  File "/usr/local/lib/python3.10/dist-packages/torch/utils/data/_utils/worker.py", line 351, in _worker_loop
    data = fetcher.fetch(index)  # type: ignore[possibly-undefined]
  File "/usr/local/lib/python3.10/dist-packages/torch/utils/data/_utils/fetch.py", line 55, in fetch
    return self.collate_fn(data)
  File "/usr/local/lib/python3.10/dist-packages/torch/utils/data/_utils/collate.py", line 398, in default_collate
    return collate(batch, collate_fn_map=default_collate_fn_map)
  File "/usr/local/lib/python3.10/dist-packages/torch/utils/data/_utils/collate.py", line 211, in collate
    return [
  File "/usr/local/lib/python3.10/dist-packages/torch/utils/data/_utils/collate.py", line 212, in <listcomp>
    collate(samples, collate_fn_map=collate_fn_map)
  File "/usr/local/lib/python3.10/dist-packages/torch/utils/data/_utils/collate.py", line 155, in collate
    return collate_fn_map[elem_type](batch, collate_fn_map=collate_fn_map)
  File "/usr/local/lib/python3.10/dist-packages/torch/utils/data/_utils/collate.py", line 270, in collate_tensor_fn
    storage = elem._typed_storage()._new_shared(numel, device=elem.device)
  File "/usr/local/lib/python3.10/dist-packages/torch/storage.py", line 1180, in _new_shared
    untyped_storage = torch.UntypedStorage._new_shared(
  File "/usr/local/lib/python3.10/dist-packages/torch/storage.py", line 402, in _new_shared
    return cls._new_using_fd_cpu(size)
RuntimeError: unable to write to file </torch_2904423_973999248_0>: No space left on device (28)

[2025-03-17 05:49:01] Starting training with hyperparameters: {'d_state': 12, 'd_conv': 8, 'expand': 2, 'batch_size': 30, 'dropout_rate': 0.45327497985865645, 'num_mamba_layers': 4, 'n_mfcc': 23, 'n_fft': 407, 'hop_length': 34, 'n_mels': 31, 'noise_level': 0.12753871445134746, 'shift': 59, 'lr': 0.00555184992572333, 'weight_decay': 5.813643920761345e-05}
[2025-03-17 05:49:21] Starting training with hyperparameters: {'d_state': 12, 'd_conv': 7, 'expand': 2, 'batch_size': 25, 'dropout_rate': 0.3354081279159311, 'num_mamba_layers': 4, 'n_mfcc': 28, 'n_fft': 443, 'hop_length': 216, 'n_mels': 42, 'noise_level': 0.1982492199171814, 'shift': 66, 'lr': 0.0027603986626962194, 'weight_decay': 2.9099743896942113e-05}
[2025-03-17 05:49:25] Starting training with hyperparameters: {'d_state': 9, 'd_conv': 8, 'expand': 3, 'batch_size': 29, 'dropout_rate': 0.40749654623897663, 'num_mamba_layers': 4, 'n_mfcc': 27, 'n_fft': 339, 'hop_length': 64, 'n_mels': 49, 'noise_level': 0.16943636856983688, 'shift': 100, 'lr': 0.00225917256406256, 'weight_decay': 4.2197074626394504e-05}
[2025-03-17 05:50:05] Starting training with hyperparameters: {'d_state': 10, 'd_conv': 8, 'expand': 3, 'batch_size': 32, 'dropout_rate': 0.28500818212884077, 'num_mamba_layers': 2, 'n_mfcc': 26, 'n_fft': 395, 'hop_length': 174, 'n_mels': 35, 'noise_level': 0.1305187856520403, 'shift': 86, 'lr': 0.0013867724052957658, 'weight_decay': 2.90433775973097e-05}
[2025-03-18 09:01:07] Starting training with hyperparameters: {'d_state': 15, 'd_conv': 8, 'expand': 2, 'batch_size': 27, 'dropout_rate': 0.3452509467817082, 'num_mamba_layers': 4, 'n_mfcc': 27, 'n_fft': 315, 'hop_length': 91, 'n_mels': 31, 'noise_level': 0.16985969598520195, 'shift': 88, 'lr': 0.008530698805361956, 'weight_decay': 8.902882733301713e-05}
[2025-03-18 09:01:11] Starting training with hyperparameters: {'d_state': 10, 'd_conv': 7, 'expand': 2, 'batch_size': 32, 'dropout_rate': 0.41207986267082714, 'num_mamba_layers': 3, 'n_mfcc': 24, 'n_fft': 278, 'hop_length': 181, 'n_mels': 28, 'noise_level': 0.18957607055288345, 'shift': 91, 'lr': 0.0017963935401387233, 'weight_decay': 1.9263111786590538e-05}
[2025-03-18 09:01:12] Starting training with hyperparameters: {'d_state': 11, 'd_conv': 7, 'expand': 2, 'batch_size': 31, 'dropout_rate': 0.3732777456053124, 'num_mamba_layers': 4, 'n_mfcc': 29, 'n_fft': 285, 'hop_length': 153, 'n_mels': 26, 'noise_level': 0.14024730842190095, 'shift': 55, 'lr': 0.0058991277102765595, 'weight_decay': 6.828209469041674e-05}
[2025-03-18 09:01:13] Starting training with hyperparameters: {'d_state': 10, 'd_conv': 8, 'expand': 2, 'batch_size': 32, 'dropout_rate': 0.3221223945919522, 'num_mamba_layers': 4, 'n_mfcc': 28, 'n_fft': 323, 'hop_length': 20, 'n_mels': 29, 'noise_level': 0.15173096525837595, 'shift': 57, 'lr': 0.0016813896713501009, 'weight_decay': 8.318096038550495e-06}
[2025-03-18 09:01:13] Error: Caught RuntimeError in DataLoader worker process 0.
Original Traceback (most recent call last):
  File "/usr/local/lib/python3.10/dist-packages/torch/utils/data/_utils/worker.py", line 351, in _worker_loop
    data = fetcher.fetch(index)  # type: ignore[possibly-undefined]
  File "/usr/local/lib/python3.10/dist-packages/torch/utils/data/_utils/fetch.py", line 55, in fetch
    return self.collate_fn(data)
  File "/usr/local/lib/python3.10/dist-packages/torch/utils/data/_utils/collate.py", line 398, in default_collate
    return collate(batch, collate_fn_map=default_collate_fn_map)
  File "/usr/local/lib/python3.10/dist-packages/torch/utils/data/_utils/collate.py", line 211, in collate
    return [
  File "/usr/local/lib/python3.10/dist-packages/torch/utils/data/_utils/collate.py", line 212, in <listcomp>
    collate(samples, collate_fn_map=collate_fn_map)
  File "/usr/local/lib/python3.10/dist-packages/torch/utils/data/_utils/collate.py", line 155, in collate
    return collate_fn_map[elem_type](batch, collate_fn_map=collate_fn_map)
  File "/usr/local/lib/python3.10/dist-packages/torch/utils/data/_utils/collate.py", line 270, in collate_tensor_fn
    storage = elem._typed_storage()._new_shared(numel, device=elem.device)
  File "/usr/local/lib/python3.10/dist-packages/torch/storage.py", line 1180, in _new_shared
    untyped_storage = torch.UntypedStorage._new_shared(
  File "/usr/local/lib/python3.10/dist-packages/torch/storage.py", line 402, in _new_shared
    return cls._new_using_fd_cpu(size)
RuntimeError: unable to write to file </torch_2976234_3097580895_0>: No space left on device (28)

[2025-03-18 09:03:01] Starting training with hyperparameters: {'d_state': 13, 'd_conv': 8, 'expand': 2, 'batch_size': 26, 'dropout_rate': 0.44209536444616054, 'num_mamba_layers': 4, 'n_mfcc': 21, 'n_fft': 335, 'hop_length': 106, 'n_mels': 43, 'noise_level': 0.19383055715077155, 'shift': 82, 'lr': 0.004269791501142838, 'weight_decay': 2.4497827167692593e-05}
[2025-03-18 09:03:04] Starting training with hyperparameters: {'d_state': 12, 'd_conv': 8, 'expand': 2, 'batch_size': 30, 'dropout_rate': 0.4701951162263424, 'num_mamba_layers': 4, 'n_mfcc': 26, 'n_fft': 368, 'hop_length': 287, 'n_mels': 37, 'noise_level': 0.1980570178072863, 'shift': 96, 'lr': 0.004495216975982499, 'weight_decay': 4.549485969563461e-05}
[2025-03-18 09:03:05] Starting training with hyperparameters: {'d_state': 15, 'd_conv': 7, 'expand': 3, 'batch_size': 26, 'dropout_rate': 0.3204710892443058, 'num_mamba_layers': 2, 'n_mfcc': 25, 'n_fft': 382, 'hop_length': 117, 'n_mels': 36, 'noise_level': 0.14067996306931543, 'shift': 78, 'lr': 0.0004737948763211045, 'weight_decay': 1.3828796521649214e-05}
[2025-03-18 09:03:26] Starting training with hyperparameters: {'d_state': 13, 'd_conv': 7, 'expand': 2, 'batch_size': 30, 'dropout_rate': 0.2047261911455814, 'num_mamba_layers': 2, 'n_mfcc': 28, 'n_fft': 297, 'hop_length': 130, 'n_mels': 24, 'noise_level': 0.10693819481788627, 'shift': 88, 'lr': 0.0019908571751336788, 'weight_decay': 1.9218005570260143e-05}
[2025-03-18 09:03:39] Error: [Errno 28] No space left on device
[2025-03-18 09:05:30] Starting training with hyperparameters: {'d_state': 12, 'd_conv': 8, 'expand': 2, 'batch_size': 31, 'dropout_rate': 0.3521769939984649, 'num_mamba_layers': 4, 'n_mfcc': 27, 'n_fft': 395, 'hop_length': 153, 'n_mels': 39, 'noise_level': 0.1606975932944989, 'shift': 53, 'lr': 0.005406126916770602, 'weight_decay': 4.258441254038878e-05}
[2025-03-18 09:05:31] Starting training with hyperparameters: {'d_state': 15, 'd_conv': 8, 'expand': 3, 'batch_size': 30, 'dropout_rate': 0.38952624011381476, 'num_mamba_layers': 3, 'n_mfcc': 21, 'n_fft': 458, 'hop_length': 201, 'n_mels': 52, 'noise_level': 0.15108586793388626, 'shift': 76, 'lr': 0.0031908659068795543, 'weight_decay': 8.028582619685463e-05}
[2025-03-18 09:05:34] Starting training with hyperparameters: {'d_state': 10, 'd_conv': 7, 'expand': 3, 'batch_size': 31, 'dropout_rate': 0.2973465797282485, 'num_mamba_layers': 4, 'n_mfcc': 28, 'n_fft': 281, 'hop_length': 265, 'n_mels': 28, 'noise_level': 0.19291098482033078, 'shift': 74, 'lr': 0.0032212098651060225, 'weight_decay': 3.5270960026665016e-05}
[2025-03-18 09:05:52] Starting training with hyperparameters: {'d_state': 11, 'd_conv': 8, 'expand': 3, 'batch_size': 28, 'dropout_rate': 0.2656490599405728, 'num_mamba_layers': 4, 'n_mfcc': 30, 'n_fft': 299, 'hop_length': 74, 'n_mels': 38, 'noise_level': 0.15206707362458272, 'shift': 84, 'lr': 0.0016997126322477263, 'weight_decay': 3.266446941399605e-05}
[2025-03-18 09:06:03] Error: [Errno 28] No space left on device
[2025-03-19 08:41:00] Starting training with hyperparameters: {'d_state': 14, 'd_conv': 8, 'expand': 4, 'batch_size': 31, 'dropout_rate': 0.41915967739255755, 'num_mamba_layers': 4, 'n_mfcc': 21, 'n_fft': 344, 'hop_length': 180, 'n_mels': 43, 'noise_level': 0.18508547605539097, 'shift': 67, 'lr': 0.0023578036455127226, 'weight_decay': 4.7411150051495294e-05}
[2025-03-19 08:41:03] Starting training with hyperparameters: {'d_state': 9, 'd_conv': 8, 'expand': 2, 'batch_size': 28, 'dropout_rate': 0.43284422471165124, 'num_mamba_layers': 4, 'n_mfcc': 30, 'n_fft': 286, 'hop_length': 415, 'n_mels': 52, 'noise_level': 0.17613220474181043, 'shift': 100, 'lr': 0.0028837119653080962, 'weight_decay': 5.2910886962285695e-05}
[2025-03-19 08:41:04] Starting training with hyperparameters: {'d_state': 10, 'd_conv': 8, 'expand': 2, 'batch_size': 28, 'dropout_rate': 0.3123565183215254, 'num_mamba_layers': 4, 'n_mfcc': 27, 'n_fft': 285, 'hop_length': 129, 'n_mels': 45, 'noise_level': 0.15356371305703478, 'shift': 68, 'lr': 0.0027726154294643083, 'weight_decay': 2.9025211224352154e-05}
[2025-03-19 08:41:04] Starting training with hyperparameters: {'d_state': 9, 'd_conv': 8, 'expand': 2, 'batch_size': 30, 'dropout_rate': 0.25500541033105956, 'num_mamba_layers': 3, 'n_mfcc': 27, 'n_fft': 374, 'hop_length': 97, 'n_mels': 49, 'noise_level': 0.15961771718106416, 'shift': 95, 'lr': 0.0019311699330299224, 'weight_decay': 1.5960571932287076e-05}
[2025-03-19 08:41:08] Starting training with hyperparameters: {'d_state': 8, 'd_conv': 8, 'expand': 2, 'batch_size': 28, 'dropout_rate': 0.4899516451511648, 'num_mamba_layers': 4, 'n_mfcc': 27, 'n_fft': 265, 'hop_length': 195, 'n_mels': 40, 'noise_level': 0.17561221229239318, 'shift': 93, 'lr': 0.0016913775461997473, 'weight_decay': 2.451999481570996e-05}
[2025-03-19 08:41:11] Starting training with hyperparameters: {'d_state': 17, 'd_conv': 8, 'expand': 2, 'batch_size': 20, 'dropout_rate': 0.4600935873948232, 'num_mamba_layers': 4, 'n_mfcc': 26, 'n_fft': 364, 'hop_length': 46, 'n_mels': 41, 'noise_level': 0.16588564067833897, 'shift': 81, 'lr': 0.005559362697011437, 'weight_decay': 3.9491582875960787e-05}
[2025-03-19 08:45:42] Epoch 0 - Training Loss: 1.6598, Training Accuracy: 39.41%
[2025-03-19 08:46:16] Error: [Errno 28] No space left on device
[2025-03-19 08:49:39] Starting training with hyperparameters: {'d_state': 11, 'd_conv': 8, 'expand': 3, 'batch_size': 31, 'dropout_rate': 0.4218836019366484, 'num_mamba_layers': 4, 'n_mfcc': 25, 'n_fft': 333, 'hop_length': 58, 'n_mels': 28, 'noise_level': 0.1508713802109158, 'shift': 78, 'lr': 0.0010755572868025548, 'weight_decay': 6.722113819177405e-05}
[2025-03-19 08:49:39] Starting training with hyperparameters: {'d_state': 8, 'd_conv': 8, 'expand': 2, 'batch_size': 31, 'dropout_rate': 0.36506664544330913, 'num_mamba_layers': 4, 'n_mfcc': 28, 'n_fft': 323, 'hop_length': 43, 'n_mels': 42, 'noise_level': 0.16639961167467385, 'shift': 79, 'lr': 0.004193400625129504, 'weight_decay': 9.44760527073716e-05}
[2025-03-19 08:51:30] Epoch 0 - Training Loss: 2.3106, Training Accuracy: 9.85%
[2025-03-19 08:51:45] Epoch 0 - Validation Loss: 2.3024, Validation Accuracy: 10.72%
[2025-03-19 08:52:02] Epoch 0 - Test Accuracy: 10.31%
[2025-03-19 08:54:03] Epoch 1 - Training Loss: 2.3034, Training Accuracy: 10.16%
[2025-03-19 08:54:22] Epoch 1 - Validation Loss: 2.3021, Validation Accuracy: 10.18%
[2025-03-19 08:54:37] Epoch 1 - Test Accuracy: 9.97%
[2025-03-19 08:56:34] Epoch 2 - Training Loss: 2.3032, Training Accuracy: 10.35%
[2025-03-19 08:56:50] Epoch 2 - Validation Loss: 2.3027, Validation Accuracy: 10.72%
[2025-03-19 08:57:05] Epoch 2 - Test Accuracy: 10.28%
[2025-03-19 08:59:04] Epoch 3 - Training Loss: nan, Training Accuracy: 10.37%
[2025-03-19 08:59:18] Epoch 3 - Validation Loss: nan, Validation Accuracy: 10.18%
[2025-03-19 08:59:33] Epoch 3 - Test Accuracy: 9.97%
[2025-03-19 09:01:28] Epoch 4 - Training Loss: nan, Training Accuracy: 10.19%
[2025-03-19 09:01:46] Epoch 4 - Validation Loss: nan, Validation Accuracy: 10.18%
[2025-03-19 09:02:01] Epoch 4 - Test Accuracy: 9.97%
[2025-03-19 09:04:00] Epoch 5 - Training Loss: nan, Training Accuracy: 10.19%
[2025-03-19 09:04:12] Epoch 5 - Validation Loss: nan, Validation Accuracy: 10.18%
[2025-03-19 09:04:27] Epoch 5 - Test Accuracy: 9.97%
[2025-03-19 09:04:27] Stopping training at epoch 6 due to early stopping
[2025-03-19 09:04:27] Final Training Accuracy: 10.19%
[2025-03-19 09:04:27] Final Test Accuracy: 9.97%
[2025-03-19 09:04:27] Final Validation Accuracy: 10.18%, Model size: 3642770
[2025-03-19 09:04:27] Saved model checkpoint to best_model_trial_230.pt
[2025-03-19 09:05:30] Starting training with hyperparameters: {'d_state': 19, 'd_conv': 7, 'expand': 2, 'batch_size': 32, 'dropout_rate': 0.18461230261212658, 'num_mamba_layers': 4, 'n_mfcc': 30, 'n_fft': 461, 'hop_length': 157, 'n_mels': 40, 'noise_level': 0.1541056160417087, 'shift': 98, 'lr': 0.0035422048700103448, 'weight_decay': 5.501440848989456e-06}
[2025-03-19 09:06:24] Epoch 0 - Training Loss: 1.8226, Training Accuracy: 32.79%
[2025-03-19 09:06:30] Epoch 0 - Validation Loss: 1.9196, Validation Accuracy: 30.49%
[2025-03-19 09:06:43] Epoch 0 - Test Accuracy: 29.87%
[2025-03-19 09:07:31] Epoch 1 - Training Loss: 1.9379, Training Accuracy: 27.87%
[2025-03-19 09:07:38] Epoch 1 - Validation Loss: 1.8950, Validation Accuracy: 30.97%
[2025-03-19 09:07:51] Epoch 1 - Test Accuracy: 31.84%
[2025-03-19 09:08:38] Epoch 2 - Training Loss: 1.7070, Training Accuracy: 36.07%
[2025-03-19 09:08:45] Epoch 2 - Validation Loss: 1.3684, Validation Accuracy: 49.26%
[2025-03-19 09:09:00] Epoch 2 - Test Accuracy: 48.94%
[2025-03-19 09:09:49] Epoch 3 - Training Loss: 1.4727, Training Accuracy: 45.65%
[2025-03-19 09:09:55] Epoch 3 - Validation Loss: 1.3073, Validation Accuracy: 53.93%
[2025-03-19 09:10:11] Epoch 3 - Test Accuracy: 53.63%
[2025-03-19 09:11:02] Epoch 4 - Training Loss: nan, Training Accuracy: 25.14%
[2025-03-19 09:11:09] Epoch 4 - Validation Loss: nan, Validation Accuracy: 10.18%
[2025-03-19 09:11:21] Epoch 4 - Test Accuracy: 9.97%
[2025-03-19 09:12:09] Epoch 5 - Training Loss: nan, Training Accuracy: 10.19%
[2025-03-19 09:12:15] Epoch 5 - Validation Loss: nan, Validation Accuracy: 10.18%
[2025-03-19 09:12:29] Epoch 5 - Test Accuracy: 9.97%
[2025-03-19 09:13:17] Epoch 6 - Training Loss: nan, Training Accuracy: 10.19%
[2025-03-19 09:13:24] Epoch 6 - Validation Loss: nan, Validation Accuracy: 10.18%
[2025-03-19 09:13:39] Epoch 6 - Test Accuracy: 9.97%
[2025-03-19 09:14:28] Epoch 7 - Training Loss: nan, Training Accuracy: 10.19%
[2025-03-19 09:14:34] Epoch 7 - Validation Loss: nan, Validation Accuracy: 10.18%
[2025-03-19 09:14:48] Epoch 7 - Test Accuracy: 9.97%
[2025-03-19 09:15:37] Epoch 8 - Training Loss: nan, Training Accuracy: 10.19%
[2025-03-19 09:15:44] Epoch 8 - Validation Loss: nan, Validation Accuracy: 10.18%
[2025-03-19 09:15:57] Epoch 8 - Test Accuracy: 9.97%
[2025-03-19 09:15:57] Stopping training at epoch 9 due to early stopping
[2025-03-19 09:15:57] Final Training Accuracy: 10.19%
[2025-03-19 09:15:57] Final Test Accuracy: 9.97%
[2025-03-19 09:15:57] Final Validation Accuracy: 10.18%, Model size: 332288
[2025-03-19 09:15:57] Saved model checkpoint to best_model_trial_231.pt
[2025-03-19 09:17:00] Starting training with hyperparameters: {'d_state': 14, 'd_conv': 8, 'expand': 2, 'batch_size': 28, 'dropout_rate': 0.4916485853344133, 'num_mamba_layers': 4, 'n_mfcc': 22, 'n_fft': 217, 'hop_length': 251, 'n_mels': 29, 'noise_level': 0.17651523065808555, 'shift': 76, 'lr': 0.001188168651965857, 'weight_decay': 1.8529975883129214e-05}
[2025-03-19 09:17:37] Epoch 0 - Training Loss: 1.5890, Training Accuracy: 43.25%
[2025-03-19 09:17:41] Epoch 0 - Validation Loss: 0.9552, Validation Accuracy: 66.46%
[2025-03-19 09:17:50] Epoch 0 - Test Accuracy: 65.27%
[2025-03-19 09:18:27] Epoch 1 - Training Loss: 1.0452, Training Accuracy: 63.72%
[2025-03-19 09:18:30] Epoch 1 - Validation Loss: 0.7078, Validation Accuracy: 75.70%
[2025-03-19 09:18:39] Epoch 1 - Test Accuracy: 73.17%
[2025-03-19 09:19:17] Epoch 2 - Training Loss: 0.8881, Training Accuracy: 69.61%
[2025-03-19 09:19:20] Epoch 2 - Validation Loss: 0.5758, Validation Accuracy: 81.23%
[2025-03-19 09:19:29] Epoch 2 - Test Accuracy: 78.06%
[2025-03-19 09:20:07] Epoch 3 - Training Loss: 0.7947, Training Accuracy: 72.98%
[2025-03-19 09:20:10] Epoch 3 - Validation Loss: 0.5199, Validation Accuracy: 82.77%
[2025-03-19 09:20:19] Epoch 3 - Test Accuracy: 79.58%
[2025-03-19 09:20:56] Epoch 4 - Training Loss: 0.7338, Training Accuracy: 75.14%
[2025-03-19 09:20:59] Epoch 4 - Validation Loss: 0.4911, Validation Accuracy: 83.55%
[2025-03-19 09:21:08] Epoch 4 - Test Accuracy: 81.69%
[2025-03-19 09:21:46] Epoch 5 - Training Loss: 0.6911, Training Accuracy: 77.03%
[2025-03-19 09:21:49] Epoch 5 - Validation Loss: 0.4505, Validation Accuracy: 84.82%
[2025-03-19 09:21:59] Epoch 5 - Test Accuracy: 82.82%
[2025-03-19 09:22:37] Epoch 6 - Training Loss: 0.6458, Training Accuracy: 78.40%
[2025-03-19 09:22:40] Epoch 6 - Validation Loss: 0.4239, Validation Accuracy: 85.28%
[2025-03-19 09:22:49] Epoch 6 - Test Accuracy: 83.46%
[2025-03-19 09:23:26] Epoch 7 - Training Loss: 0.6130, Training Accuracy: 79.36%
[2025-03-19 09:23:29] Epoch 7 - Validation Loss: 0.3980, Validation Accuracy: 85.90%
[2025-03-19 09:23:38] Epoch 7 - Test Accuracy: 83.78%
[2025-03-19 09:24:16] Epoch 8 - Training Loss: 0.5926, Training Accuracy: 80.33%
[2025-03-19 09:24:19] Epoch 8 - Validation Loss: 0.3976, Validation Accuracy: 86.63%
[2025-03-19 09:24:28] Epoch 8 - Test Accuracy: 84.07%
[2025-03-19 09:25:05] Epoch 9 - Training Loss: 0.5712, Training Accuracy: 80.84%
[2025-03-19 09:25:08] Epoch 9 - Validation Loss: 0.3946, Validation Accuracy: 86.55%
[2025-03-19 09:25:17] Epoch 9 - Test Accuracy: 84.68%
[2025-03-19 09:25:55] Epoch 10 - Training Loss: 0.5485, Training Accuracy: 81.71%
[2025-03-19 09:25:58] Epoch 10 - Validation Loss: 0.3982, Validation Accuracy: 86.69%
[2025-03-19 09:26:07] Epoch 10 - Test Accuracy: 85.08%
[2025-03-19 09:26:44] Epoch 11 - Training Loss: 0.5368, Training Accuracy: 82.12%
[2025-03-19 09:26:48] Epoch 11 - Validation Loss: 0.3746, Validation Accuracy: 87.01%
[2025-03-19 09:26:56] Epoch 11 - Test Accuracy: 84.88%
[2025-03-19 09:27:34] Epoch 12 - Training Loss: 0.5160, Training Accuracy: 82.88%
[2025-03-19 09:27:37] Epoch 12 - Validation Loss: 0.3468, Validation Accuracy: 88.17%
[2025-03-19 09:27:46] Epoch 12 - Test Accuracy: 86.48%
[2025-03-19 09:28:23] Epoch 13 - Training Loss: 0.5019, Training Accuracy: 83.32%
[2025-03-19 09:28:26] Epoch 13 - Validation Loss: 0.3621, Validation Accuracy: 87.79%
[2025-03-19 09:28:36] Epoch 13 - Test Accuracy: 85.59%
[2025-03-19 09:29:14] Epoch 14 - Training Loss: 0.4889, Training Accuracy: 83.81%
[2025-03-19 09:29:17] Epoch 14 - Validation Loss: 0.3638, Validation Accuracy: 87.20%
[2025-03-19 09:29:26] Epoch 14 - Test Accuracy: 85.86%
[2025-03-19 09:30:04] Epoch 15 - Training Loss: 0.4720, Training Accuracy: 84.25%
[2025-03-19 09:30:07] Epoch 15 - Validation Loss: 0.3375, Validation Accuracy: 88.28%
[2025-03-19 09:30:16] Epoch 15 - Test Accuracy: 86.55%
[2025-03-19 09:30:54] Epoch 16 - Training Loss: 0.4625, Training Accuracy: 84.42%
[2025-03-19 09:30:57] Epoch 16 - Validation Loss: 0.3220, Validation Accuracy: 89.31%
[2025-03-19 09:31:06] Epoch 16 - Test Accuracy: 86.79%
[2025-03-19 09:31:43] Epoch 17 - Training Loss: 0.4498, Training Accuracy: 85.07%
[2025-03-19 09:31:47] Epoch 17 - Validation Loss: 0.3215, Validation Accuracy: 89.14%
[2025-03-19 09:31:55] Epoch 17 - Test Accuracy: 86.67%
[2025-03-19 09:32:33] Epoch 18 - Training Loss: 0.4403, Training Accuracy: 85.07%
[2025-03-19 09:32:36] Epoch 18 - Validation Loss: 0.3289, Validation Accuracy: 88.85%
[2025-03-19 09:32:45] Epoch 18 - Test Accuracy: 86.45%
[2025-03-19 09:33:23] Epoch 19 - Training Loss: 0.4390, Training Accuracy: 85.39%
[2025-03-19 09:33:26] Epoch 19 - Validation Loss: 0.3033, Validation Accuracy: 89.41%
[2025-03-19 09:33:35] Epoch 19 - Test Accuracy: 87.41%
[2025-03-19 09:34:12] Epoch 20 - Training Loss: 0.4207, Training Accuracy: 85.92%
[2025-03-19 09:34:16] Epoch 20 - Validation Loss: 0.3214, Validation Accuracy: 88.68%
[2025-03-19 09:34:25] Epoch 20 - Test Accuracy: 87.02%
[2025-03-19 09:35:02] Epoch 21 - Training Loss: 0.4213, Training Accuracy: 85.93%
[2025-03-19 09:35:05] Epoch 21 - Validation Loss: 0.3131, Validation Accuracy: 89.41%
[2025-03-19 09:35:14] Epoch 21 - Test Accuracy: 87.97%
[2025-03-19 09:35:52] Epoch 22 - Training Loss: 0.4102, Training Accuracy: 86.13%
[2025-03-19 09:35:55] Epoch 22 - Validation Loss: 0.3191, Validation Accuracy: 88.87%
[2025-03-19 09:36:04] Epoch 22 - Test Accuracy: 88.00%
[2025-03-19 09:36:41] Epoch 23 - Training Loss: 0.4032, Training Accuracy: 86.53%
[2025-03-19 09:36:45] Epoch 23 - Validation Loss: 0.2825, Validation Accuracy: 90.79%
[2025-03-19 09:36:53] Epoch 23 - Test Accuracy: 88.95%
[2025-03-19 09:37:31] Epoch 24 - Training Loss: 0.3914, Training Accuracy: 86.88%
[2025-03-19 09:37:34] Epoch 24 - Validation Loss: 0.2897, Validation Accuracy: 89.95%
[2025-03-19 09:37:43] Epoch 24 - Test Accuracy: 88.07%
[2025-03-19 09:38:21] Epoch 25 - Training Loss: 0.3917, Training Accuracy: 86.94%
[2025-03-19 09:38:24] Epoch 25 - Validation Loss: 0.3523, Validation Accuracy: 87.47%
[2025-03-19 09:38:33] Epoch 25 - Test Accuracy: 86.11%
[2025-03-19 09:39:11] Epoch 26 - Training Loss: 0.3833, Training Accuracy: 87.06%
[2025-03-19 09:39:14] Epoch 26 - Validation Loss: 0.2654, Validation Accuracy: 90.63%
[2025-03-19 09:39:23] Epoch 26 - Test Accuracy: 89.05%
[2025-03-19 09:40:00] Epoch 27 - Training Loss: 0.3773, Training Accuracy: 87.34%
[2025-03-19 09:40:04] Epoch 27 - Validation Loss: 0.2761, Validation Accuracy: 90.20%
[2025-03-19 09:40:13] Epoch 27 - Test Accuracy: 88.19%
[2025-03-19 09:40:50] Epoch 28 - Training Loss: 0.3664, Training Accuracy: 87.82%
[2025-03-19 09:40:53] Epoch 28 - Validation Loss: 0.2755, Validation Accuracy: 90.06%
[2025-03-19 09:41:02] Epoch 28 - Test Accuracy: 88.83%
[2025-03-19 09:41:40] Epoch 29 - Training Loss: 0.3628, Training Accuracy: 87.90%
[2025-03-19 09:41:43] Epoch 29 - Validation Loss: 0.2941, Validation Accuracy: 89.87%
[2025-03-19 09:41:51] Epoch 29 - Test Accuracy: 88.29%
[2025-03-19 09:42:29] Epoch 30 - Training Loss: 0.3602, Training Accuracy: 88.03%
[2025-03-19 09:42:32] Epoch 30 - Validation Loss: 0.2803, Validation Accuracy: 90.49%
[2025-03-19 09:42:41] Epoch 30 - Test Accuracy: 88.98%
[2025-03-19 09:43:18] Epoch 31 - Training Loss: 0.3091, Training Accuracy: 89.65%
[2025-03-19 09:43:22] Epoch 31 - Validation Loss: 0.2406, Validation Accuracy: 91.87%
[2025-03-19 09:43:30] Epoch 31 - Test Accuracy: 90.40%
[2025-03-19 09:44:09] Epoch 32 - Training Loss: 0.2881, Training Accuracy: 90.27%
[2025-03-19 09:44:12] Epoch 32 - Validation Loss: 0.2345, Validation Accuracy: 92.06%
[2025-03-19 09:44:21] Epoch 32 - Test Accuracy: 90.77%
[2025-03-19 09:44:58] Epoch 33 - Training Loss: 0.2775, Training Accuracy: 90.68%
[2025-03-19 09:45:02] Epoch 33 - Validation Loss: 0.2372, Validation Accuracy: 92.01%
[2025-03-19 09:45:10] Epoch 33 - Test Accuracy: 90.33%
[2025-03-19 09:45:48] Epoch 34 - Training Loss: 0.2750, Training Accuracy: 90.71%
[2025-03-19 09:45:51] Epoch 34 - Validation Loss: 0.2312, Validation Accuracy: 91.98%
[2025-03-19 09:46:00] Epoch 34 - Test Accuracy: 90.84%
[2025-03-19 09:46:38] Epoch 35 - Training Loss: 0.2729, Training Accuracy: 90.73%
[2025-03-19 09:46:41] Epoch 35 - Validation Loss: 0.2274, Validation Accuracy: 92.25%
[2025-03-19 09:46:50] Epoch 35 - Test Accuracy: 90.84%
[2025-03-19 09:47:28] Epoch 36 - Training Loss: 0.2703, Training Accuracy: 90.75%
[2025-03-19 09:47:31] Epoch 36 - Validation Loss: 0.2254, Validation Accuracy: 92.14%
[2025-03-19 09:47:40] Epoch 36 - Test Accuracy: 90.70%
[2025-03-19 09:48:18] Epoch 37 - Training Loss: 0.2656, Training Accuracy: 91.16%
[2025-03-19 09:48:21] Epoch 37 - Validation Loss: 0.2317, Validation Accuracy: 92.01%
[2025-03-19 09:48:30] Epoch 37 - Test Accuracy: 90.33%
[2025-03-19 09:49:07] Epoch 38 - Training Loss: 0.2591, Training Accuracy: 91.13%
[2025-03-19 09:49:11] Epoch 38 - Validation Loss: 0.2288, Validation Accuracy: 92.03%
[2025-03-19 09:49:20] Epoch 38 - Test Accuracy: 90.70%
[2025-03-19 09:49:57] Epoch 39 - Training Loss: 0.2619, Training Accuracy: 91.22%
[2025-03-19 09:50:00] Epoch 39 - Validation Loss: 0.2281, Validation Accuracy: 92.11%
[2025-03-19 09:50:09] Epoch 39 - Test Accuracy: 90.70%
[2025-03-19 09:50:47] Epoch 40 - Training Loss: 0.2620, Training Accuracy: 91.09%
[2025-03-19 09:50:50] Epoch 40 - Validation Loss: 0.2197, Validation Accuracy: 92.30%
[2025-03-19 09:50:58] Epoch 40 - Test Accuracy: 91.02%
[2025-03-19 09:51:36] Epoch 41 - Training Loss: 0.2591, Training Accuracy: 91.18%
[2025-03-19 09:51:39] Epoch 41 - Validation Loss: 0.2219, Validation Accuracy: 92.36%
[2025-03-19 09:51:48] Epoch 41 - Test Accuracy: 90.87%
[2025-03-19 09:52:26] Epoch 42 - Training Loss: 0.2594, Training Accuracy: 91.32%
[2025-03-19 09:52:29] Epoch 42 - Validation Loss: 0.2227, Validation Accuracy: 92.30%
[2025-03-19 09:52:38] Epoch 42 - Test Accuracy: 90.97%
[2025-03-19 09:53:16] Epoch 43 - Training Loss: 0.2492, Training Accuracy: 91.53%
[2025-03-19 09:53:19] Epoch 43 - Validation Loss: 0.2217, Validation Accuracy: 92.44%
[2025-03-19 09:53:28] Epoch 43 - Test Accuracy: 90.67%
[2025-03-19 09:54:06] Epoch 44 - Training Loss: 0.2520, Training Accuracy: 91.39%
[2025-03-19 09:54:09] Epoch 44 - Validation Loss: 0.2254, Validation Accuracy: 92.36%
[2025-03-19 09:54:18] Epoch 44 - Test Accuracy: 90.45%
[2025-03-19 09:54:56] Epoch 45 - Training Loss: 0.2483, Training Accuracy: 91.59%
[2025-03-19 09:54:59] Epoch 45 - Validation Loss: 0.2209, Validation Accuracy: 92.57%
[2025-03-19 09:55:08] Epoch 45 - Test Accuracy: 90.62%
[2025-03-19 09:55:08] Stopping training at epoch 46 due to early stopping
[2025-03-19 09:55:08] Final Training Accuracy: 91.59%
[2025-03-19 09:55:08] Final Test Accuracy: 90.62%
[2025-03-19 09:55:08] Final Validation Accuracy: 92.57%, Model size: 139500
[2025-03-19 09:55:08] Saved model checkpoint to best_model_trial_232.pt
[2025-03-19 09:56:10] Starting training with hyperparameters: {'d_state': 14, 'd_conv': 8, 'expand': 3, 'batch_size': 32, 'dropout_rate': 0.33970057271835596, 'num_mamba_layers': 3, 'n_mfcc': 29, 'n_fft': 277, 'hop_length': 73, 'n_mels': 29, 'noise_level': 0.15797074108178538, 'shift': 74, 'lr': 0.0009507250150088996, 'weight_decay': 8.19996842614209e-06}
[2025-03-19 09:58:41] Epoch 0 - Training Loss: 1.1913, Training Accuracy: 58.35%
[2025-03-19 09:58:56] Epoch 0 - Validation Loss: 0.6610, Validation Accuracy: 77.21%
[2025-03-19 09:59:12] Epoch 0 - Test Accuracy: 74.79%
[2025-03-19 10:01:38] Epoch 1 - Training Loss: 0.6951, Training Accuracy: 76.12%
[2025-03-19 10:01:53] Epoch 1 - Validation Loss: 0.4531, Validation Accuracy: 84.72%
[2025-03-19 10:02:09] Epoch 1 - Test Accuracy: 81.42%
[2025-03-19 10:04:34] Epoch 2 - Training Loss: 0.5820, Training Accuracy: 79.75%
[2025-03-19 10:04:50] Epoch 2 - Validation Loss: 0.4046, Validation Accuracy: 86.17%
[2025-03-19 10:05:07] Epoch 2 - Test Accuracy: 83.46%
[2025-03-19 10:07:17] Epoch 3 - Training Loss: 0.5218, Training Accuracy: 82.23%
[2025-03-19 10:07:32] Epoch 3 - Validation Loss: 0.3671, Validation Accuracy: 87.47%
[2025-03-19 10:07:48] Epoch 3 - Test Accuracy: 84.88%
[2025-03-19 10:10:08] Epoch 4 - Training Loss: 0.4874, Training Accuracy: 83.30%
[2025-03-19 10:10:25] Epoch 4 - Validation Loss: 0.4049, Validation Accuracy: 85.69%
[2025-03-19 10:10:41] Epoch 4 - Test Accuracy: 83.90%
[2025-03-19 10:12:47] Epoch 5 - Training Loss: 0.4524, Training Accuracy: 84.45%
[2025-03-19 10:13:01] Epoch 5 - Validation Loss: 0.3532, Validation Accuracy: 87.42%
[2025-03-19 10:13:18] Epoch 5 - Test Accuracy: 86.08%
[2025-03-19 10:15:32] Epoch 6 - Training Loss: 0.4272, Training Accuracy: 85.50%
[2025-03-19 10:15:46] Epoch 6 - Validation Loss: 0.3448, Validation Accuracy: 88.33%
[2025-03-19 10:16:03] Epoch 6 - Test Accuracy: 85.08%
[2025-03-19 10:18:04] Epoch 7 - Training Loss: 0.4118, Training Accuracy: 85.94%
[2025-03-19 10:18:20] Epoch 7 - Validation Loss: 0.3114, Validation Accuracy: 89.28%
[2025-03-19 10:18:37] Epoch 7 - Test Accuracy: 87.06%
[2025-03-19 10:20:49] Epoch 8 - Training Loss: 0.3878, Training Accuracy: 86.69%
[2025-03-19 10:21:03] Epoch 8 - Validation Loss: 0.2902, Validation Accuracy: 89.85%
[2025-03-19 10:21:20] Epoch 8 - Test Accuracy: 88.27%
[2025-03-19 10:23:11] Epoch 9 - Training Loss: 0.3728, Training Accuracy: 87.25%
[2025-03-19 10:23:22] Epoch 9 - Validation Loss: 0.2925, Validation Accuracy: 89.90%
[2025-03-19 10:23:38] Epoch 9 - Test Accuracy: 87.70%
[2025-03-19 10:25:46] Epoch 10 - Training Loss: 0.3538, Training Accuracy: 87.87%
[2025-03-19 10:26:05] Epoch 10 - Validation Loss: 0.2685, Validation Accuracy: 90.47%
[2025-03-19 10:26:20] Epoch 10 - Test Accuracy: 88.73%
[2025-03-19 10:28:40] Epoch 11 - Training Loss: 0.3437, Training Accuracy: 88.21%
[2025-03-19 10:28:58] Epoch 11 - Validation Loss: 0.2655, Validation Accuracy: 91.20%
[2025-03-19 10:29:15] Epoch 11 - Test Accuracy: 89.35%
[2025-03-19 10:31:33] Epoch 12 - Training Loss: 0.3311, Training Accuracy: 88.73%
[2025-03-19 10:31:49] Epoch 12 - Validation Loss: 0.2603, Validation Accuracy: 91.14%
[2025-03-19 10:32:06] Epoch 12 - Test Accuracy: 89.47%
[2025-03-19 10:34:07] Epoch 13 - Training Loss: 0.3182, Training Accuracy: 88.83%
[2025-03-19 10:34:20] Epoch 13 - Validation Loss: 0.2591, Validation Accuracy: 91.30%
[2025-03-19 10:34:36] Epoch 13 - Test Accuracy: 89.25%
[2025-03-19 10:36:38] Epoch 14 - Training Loss: 0.3110, Training Accuracy: 89.27%
[2025-03-19 10:36:52] Epoch 14 - Validation Loss: 0.2472, Validation Accuracy: 91.33%
[2025-03-19 10:37:09] Epoch 14 - Test Accuracy: 89.62%
[2025-03-19 10:39:19] Epoch 15 - Training Loss: 0.2991, Training Accuracy: 89.72%
[2025-03-19 10:39:33] Epoch 15 - Validation Loss: 0.2465, Validation Accuracy: 91.55%
[2025-03-19 10:39:50] Epoch 15 - Test Accuracy: 89.86%
[2025-03-19 10:41:43] Epoch 16 - Training Loss: 0.2832, Training Accuracy: 90.11%
[2025-03-19 10:42:00] Epoch 16 - Validation Loss: 0.2466, Validation Accuracy: 91.49%
[2025-03-19 10:42:16] Epoch 16 - Test Accuracy: 88.56%
[2025-03-19 10:44:30] Epoch 17 - Training Loss: 0.2786, Training Accuracy: 90.26%
[2025-03-19 10:44:45] Epoch 17 - Validation Loss: 0.2393, Validation Accuracy: 91.74%
[2025-03-19 10:45:03] Epoch 17 - Test Accuracy: 90.26%
[2025-03-19 10:47:23] Epoch 18 - Training Loss: 0.2794, Training Accuracy: 90.47%
[2025-03-19 10:47:41] Epoch 18 - Validation Loss: 0.2341, Validation Accuracy: 91.57%
[2025-03-19 10:47:57] Epoch 18 - Test Accuracy: 90.67%
[2025-03-19 10:50:03] Epoch 19 - Training Loss: 0.2663, Training Accuracy: 90.87%
[2025-03-19 10:50:20] Epoch 19 - Validation Loss: 0.2224, Validation Accuracy: 92.11%
[2025-03-19 10:50:36] Epoch 19 - Test Accuracy: 90.01%
[2025-03-19 10:52:39] Epoch 20 - Training Loss: 0.2632, Training Accuracy: 91.00%
[2025-03-19 10:52:54] Epoch 20 - Validation Loss: 0.2117, Validation Accuracy: 92.41%
[2025-03-19 10:53:12] Epoch 20 - Test Accuracy: 90.80%
[2025-03-19 10:55:06] Epoch 21 - Training Loss: 0.2498, Training Accuracy: 91.43%
[2025-03-19 10:55:22] Epoch 21 - Validation Loss: 0.2212, Validation Accuracy: 92.25%
[2025-03-19 10:55:39] Epoch 21 - Test Accuracy: 91.19%
[2025-03-19 10:57:51] Epoch 22 - Training Loss: 0.2475, Training Accuracy: 91.37%
[2025-03-19 10:58:03] Epoch 22 - Validation Loss: 0.2077, Validation Accuracy: 92.60%
[2025-03-19 10:58:21] Epoch 22 - Test Accuracy: 91.07%
[2025-03-19 11:00:12] Epoch 23 - Training Loss: 0.2426, Training Accuracy: 91.53%
[2025-03-19 11:00:25] Epoch 23 - Validation Loss: 0.2073, Validation Accuracy: 92.52%
[2025-03-19 11:00:41] Epoch 23 - Test Accuracy: 91.31%
[2025-03-19 11:02:48] Epoch 24 - Training Loss: 0.2340, Training Accuracy: 91.81%
[2025-03-19 11:03:02] Epoch 24 - Validation Loss: 0.2001, Validation Accuracy: 93.03%
[2025-03-19 11:03:19] Epoch 24 - Test Accuracy: 91.34%
[2025-03-19 11:05:29] Epoch 25 - Training Loss: 0.2262, Training Accuracy: 92.08%
[2025-03-19 11:05:42] Epoch 25 - Validation Loss: 0.2002, Validation Accuracy: 92.95%
[2025-03-19 11:05:59] Epoch 25 - Test Accuracy: 91.48%
[2025-03-19 11:07:52] Epoch 26 - Training Loss: 0.2215, Training Accuracy: 92.26%
[2025-03-19 11:08:06] Epoch 26 - Validation Loss: 0.2065, Validation Accuracy: 93.09%
[2025-03-19 11:08:22] Epoch 26 - Test Accuracy: 91.92%
[2025-03-19 11:10:33] Epoch 27 - Training Loss: 0.2221, Training Accuracy: 92.28%
[2025-03-19 11:10:49] Epoch 27 - Validation Loss: 0.1951, Validation Accuracy: 93.55%
[2025-03-19 11:11:06] Epoch 27 - Test Accuracy: 92.12%
[2025-03-19 11:13:20] Epoch 28 - Training Loss: 0.2165, Training Accuracy: 92.68%
[2025-03-19 11:13:33] Epoch 28 - Validation Loss: 0.1830, Validation Accuracy: 93.49%
[2025-03-19 11:13:49] Epoch 28 - Test Accuracy: 92.98%
[2025-03-19 11:16:05] Epoch 29 - Training Loss: 0.2125, Training Accuracy: 92.76%
[2025-03-19 11:16:22] Epoch 29 - Validation Loss: 0.1785, Validation Accuracy: 93.79%
[2025-03-19 11:16:39] Epoch 29 - Test Accuracy: 92.71%
[2025-03-19 11:18:58] Epoch 30 - Training Loss: 0.2013, Training Accuracy: 93.00%
[2025-03-19 11:19:13] Epoch 30 - Validation Loss: 0.1834, Validation Accuracy: 93.44%
[2025-03-19 11:19:31] Epoch 30 - Test Accuracy: 92.27%
[2025-03-19 11:21:34] Epoch 31 - Training Loss: 0.2047, Training Accuracy: 92.91%
[2025-03-19 11:21:47] Epoch 31 - Validation Loss: 0.1874, Validation Accuracy: 93.76%
[2025-03-19 11:22:04] Epoch 31 - Test Accuracy: 92.71%
[2025-03-19 11:24:17] Epoch 32 - Training Loss: 0.2071, Training Accuracy: 92.95%
[2025-03-19 11:24:32] Epoch 32 - Validation Loss: 0.1696, Validation Accuracy: 94.06%
[2025-03-19 11:24:48] Epoch 32 - Test Accuracy: 92.66%
[2025-03-19 11:27:07] Epoch 33 - Training Loss: 0.1991, Training Accuracy: 93.12%
[2025-03-19 11:27:24] Epoch 33 - Validation Loss: 0.1690, Validation Accuracy: 94.09%
[2025-03-19 11:27:41] Epoch 33 - Test Accuracy: 92.78%
[2025-03-19 11:29:48] Epoch 34 - Training Loss: 0.1916, Training Accuracy: 93.35%
[2025-03-19 11:30:03] Epoch 34 - Validation Loss: 0.1777, Validation Accuracy: 94.09%
[2025-03-19 11:30:21] Epoch 34 - Test Accuracy: 93.27%
[2025-03-19 11:32:32] Epoch 35 - Training Loss: 0.1938, Training Accuracy: 93.18%
[2025-03-19 11:32:49] Epoch 35 - Validation Loss: 0.1815, Validation Accuracy: 93.57%
[2025-03-19 11:33:05] Epoch 35 - Test Accuracy: 92.93%
[2025-03-19 11:35:02] Epoch 36 - Training Loss: 0.1800, Training Accuracy: 93.65%
[2025-03-19 11:35:16] Epoch 36 - Validation Loss: 0.1898, Validation Accuracy: 93.36%
[2025-03-19 11:35:34] Epoch 36 - Test Accuracy: 92.96%
[2025-03-19 11:37:46] Epoch 37 - Training Loss: 0.1854, Training Accuracy: 93.42%
[2025-03-19 11:38:00] Epoch 37 - Validation Loss: 0.1716, Validation Accuracy: 93.49%
[2025-03-19 11:38:17] Epoch 37 - Test Accuracy: 92.81%
[2025-03-19 11:38:17] Stopping training at epoch 38 due to early stopping
[2025-03-19 11:38:17] Final Training Accuracy: 93.42%
[2025-03-19 11:38:17] Final Test Accuracy: 92.81%
[2025-03-19 11:38:17] Final Validation Accuracy: 93.49%, Model size: 1502368
[2025-03-19 11:38:17] Saved model checkpoint to best_model_trial_233.pt
[2025-03-19 11:39:19] Starting training with hyperparameters: {'d_state': 16, 'd_conv': 4, 'expand': 2, 'batch_size': 32, 'dropout_rate': 0.3367136899709209, 'num_mamba_layers': 3, 'n_mfcc': 27, 'n_fft': 260, 'hop_length': 366, 'n_mels': 56, 'noise_level': 0.14714744793467097, 'shift': 96, 'lr': 0.0014425018274469034, 'weight_decay': 6.34652890814977e-06}
[2025-03-19 11:39:51] Epoch 0 - Training Loss: 1.5546, Training Accuracy: 45.02%
[2025-03-19 11:39:55] Epoch 0 - Validation Loss: 0.8493, Validation Accuracy: 71.83%
[2025-03-19 11:40:05] Epoch 0 - Test Accuracy: 70.20%
[2025-03-19 11:40:35] Epoch 1 - Training Loss: 0.9733, Training Accuracy: 66.30%
[2025-03-19 11:40:40] Epoch 1 - Validation Loss: 0.6939, Validation Accuracy: 76.67%
[2025-03-19 11:40:48] Epoch 1 - Test Accuracy: 73.86%
[2025-03-19 11:41:15] Epoch 2 - Training Loss: 0.8375, Training Accuracy: 71.77%
[2025-03-19 11:41:19] Epoch 2 - Validation Loss: 0.6007, Validation Accuracy: 79.72%
[2025-03-19 11:41:28] Epoch 2 - Test Accuracy: 75.65%
[2025-03-19 11:41:58] Epoch 3 - Training Loss: 0.7646, Training Accuracy: 74.13%
[2025-03-19 11:42:02] Epoch 3 - Validation Loss: 0.5430, Validation Accuracy: 81.42%
[2025-03-19 11:42:12] Epoch 3 - Test Accuracy: 79.75%
[2025-03-19 11:42:40] Epoch 4 - Training Loss: 0.7046, Training Accuracy: 76.12%
[2025-03-19 11:42:44] Epoch 4 - Validation Loss: 0.5046, Validation Accuracy: 82.88%
[2025-03-19 11:42:54] Epoch 4 - Test Accuracy: 80.39%
[2025-03-19 11:43:21] Epoch 5 - Training Loss: 0.6695, Training Accuracy: 77.82%
[2025-03-19 11:43:26] Epoch 5 - Validation Loss: 0.4733, Validation Accuracy: 83.74%
[2025-03-19 11:43:36] Epoch 5 - Test Accuracy: 81.81%
[2025-03-19 11:44:04] Epoch 6 - Training Loss: 0.6416, Training Accuracy: 78.42%
[2025-03-19 11:44:08] Epoch 6 - Validation Loss: 0.4425, Validation Accuracy: 85.26%
[2025-03-19 11:44:18] Epoch 6 - Test Accuracy: 83.01%
[2025-03-19 11:44:48] Epoch 7 - Training Loss: 0.6165, Training Accuracy: 79.45%
[2025-03-19 11:44:52] Epoch 7 - Validation Loss: 0.4312, Validation Accuracy: 85.53%
[2025-03-19 11:45:01] Epoch 7 - Test Accuracy: 82.72%
[2025-03-19 11:45:31] Epoch 8 - Training Loss: 0.5953, Training Accuracy: 80.01%
[2025-03-19 11:45:36] Epoch 8 - Validation Loss: 0.4270, Validation Accuracy: 85.34%
[2025-03-19 11:45:46] Epoch 8 - Test Accuracy: 83.68%
[2025-03-19 11:46:17] Epoch 9 - Training Loss: 0.5746, Training Accuracy: 80.92%
[2025-03-19 11:46:20] Epoch 9 - Validation Loss: 0.4068, Validation Accuracy: 86.36%
[2025-03-19 11:46:30] Epoch 9 - Test Accuracy: 84.34%
[2025-03-19 11:46:58] Epoch 10 - Training Loss: 0.5562, Training Accuracy: 81.35%
[2025-03-19 11:47:02] Epoch 10 - Validation Loss: 0.3706, Validation Accuracy: 87.44%
[2025-03-19 11:47:12] Epoch 10 - Test Accuracy: 85.08%
[2025-03-19 11:47:39] Epoch 11 - Training Loss: 0.5432, Training Accuracy: 81.66%
[2025-03-19 11:47:42] Epoch 11 - Validation Loss: 0.3936, Validation Accuracy: 86.61%
[2025-03-19 11:47:52] Epoch 11 - Test Accuracy: 84.32%
[2025-03-19 11:48:22] Epoch 12 - Training Loss: 0.5355, Training Accuracy: 81.93%
[2025-03-19 11:48:26] Epoch 12 - Validation Loss: 0.3648, Validation Accuracy: 88.12%
[2025-03-19 11:48:36] Epoch 12 - Test Accuracy: 85.22%
[2025-03-19 11:49:05] Epoch 13 - Training Loss: 0.5202, Training Accuracy: 82.65%
[2025-03-19 11:49:09] Epoch 13 - Validation Loss: 0.3805, Validation Accuracy: 87.74%
[2025-03-19 11:49:18] Epoch 13 - Test Accuracy: 85.22%
[2025-03-19 11:49:45] Epoch 14 - Training Loss: 0.5103, Training Accuracy: 82.93%
[2025-03-19 11:49:49] Epoch 14 - Validation Loss: 0.3664, Validation Accuracy: 87.90%
[2025-03-19 11:49:59] Epoch 14 - Test Accuracy: 85.32%
[2025-03-19 11:50:27] Epoch 15 - Training Loss: 0.4935, Training Accuracy: 83.52%
[2025-03-19 11:50:31] Epoch 15 - Validation Loss: 0.3590, Validation Accuracy: 88.39%
[2025-03-19 11:50:40] Epoch 15 - Test Accuracy: 85.37%
[2025-03-19 11:51:09] Epoch 16 - Training Loss: 0.4831, Training Accuracy: 83.68%
[2025-03-19 11:51:13] Epoch 16 - Validation Loss: 0.3443, Validation Accuracy: 88.63%
[2025-03-19 11:51:22] Epoch 16 - Test Accuracy: 85.94%
[2025-03-19 11:51:51] Epoch 17 - Training Loss: 0.4696, Training Accuracy: 84.08%
[2025-03-19 11:51:55] Epoch 17 - Validation Loss: 0.3253, Validation Accuracy: 89.22%
[2025-03-19 11:52:04] Epoch 17 - Test Accuracy: 86.25%
[2025-03-19 11:52:33] Epoch 18 - Training Loss: 0.4668, Training Accuracy: 84.33%
[2025-03-19 11:52:38] Epoch 18 - Validation Loss: 0.3224, Validation Accuracy: 89.71%
[2025-03-19 11:52:47] Epoch 18 - Test Accuracy: 86.65%
[2025-03-19 11:53:15] Epoch 19 - Training Loss: 0.4575, Training Accuracy: 84.57%
[2025-03-19 11:53:19] Epoch 19 - Validation Loss: 0.3452, Validation Accuracy: 89.01%
[2025-03-19 11:53:29] Epoch 19 - Test Accuracy: 86.38%
[2025-03-19 11:53:56] Epoch 20 - Training Loss: 0.4506, Training Accuracy: 84.72%
[2025-03-19 11:54:00] Epoch 20 - Validation Loss: 0.3059, Validation Accuracy: 89.74%
[2025-03-19 11:54:09] Epoch 20 - Test Accuracy: 87.75%
[2025-03-19 11:54:37] Epoch 21 - Training Loss: 0.4419, Training Accuracy: 85.05%
[2025-03-19 11:54:42] Epoch 21 - Validation Loss: 0.3070, Validation Accuracy: 89.58%
[2025-03-19 11:54:50] Epoch 21 - Test Accuracy: 87.21%
[2025-03-19 11:55:20] Epoch 22 - Training Loss: 0.4342, Training Accuracy: 85.58%
[2025-03-19 11:55:24] Epoch 22 - Validation Loss: 0.2999, Validation Accuracy: 90.17%
[2025-03-20 15:31:34] Error: An exception is raised during the commit. This typically happens due to invalid data in the commit, e.g. exceeding max length. 
[2025-03-20 15:41:29] Error: An exception is raised during the commit. This typically happens due to invalid data in the commit, e.g. exceeding max length. 
